[21:22:40] [main/INFO] (FabricLoader/GameProvider) Loading Minecraft 1.21.1 with Fabric Loader 0.19.3
[21:22:40] [main/DEBUG] (FabricLoader/GamePatch) Found game constructor: net.minecraft.client.main.Main -> net.minecraft.client.MinecraftClient
[21:22:40] [main/DEBUG] (FabricLoader/GamePatch) Patching game constructor <init>(Lnet/minecraft/client/RunArgs;)V
[21:22:40] [main/DEBUG] (FabricLoader/GamePatch) Run directory field is thought to be net/minecraft/client/MinecraftClient/runDirectory
[21:22:40] [main/DEBUG] (FabricLoader/GamePatch) Applying brand name hook to net/minecraft/client/ClientBrandRetriever::getClientModName
[21:22:40] [main/DEBUG] (FabricLoader/GamePatch) Applying brand name hook to net/minecraft/server/MinecraftServer::getServerModName
[21:22:40] [main/DEBUG] (FabricLoader/GamePatch) Patched 3 classs
[21:22:40] [main/DEBUG] (FabricLoader/Discovery) Skipping missing class path group entry F:\IdeaProjects\StaffTools\out\production\StaffTools.main
[21:22:40] [main/DEBUG] (FabricLoader/Discovery) Skipping missing class path group entry F:\IdeaProjects\StaffTools\out\production\classes
[21:22:40] [main/DEBUG] (FabricLoader/Discovery) Skipping missing class path group entry F:\IdeaProjects\StaffTools\out\production\resources
[21:22:40] [main/DEBUG] (FabricLoader/Discovery) Skipping missing class path group entry F:\IdeaProjects\StaffTools\out\production\StaffTools.client
[21:22:40] [main/DEBUG] (FabricLoader/Discovery) Skipping missing class path group entry F:\IdeaProjects\StaffTools\out\client\classes
[21:22:40] [main/DEBUG] (FabricLoader/Discovery) Skipping missing class path group entry F:\IdeaProjects\StaffTools\out\client\resources
[21:22:40] [main/DEBUG] (FabricLoader/Discovery) Mod discovery time: 27,0 ms
[21:22:40] [main/DEBUG] (FabricLoader/Resolution) Mod resolution time: 63,2 ms
[21:22:40] [main/INFO] (FabricLoader) Loading 59 mods:
	- fabric-api 0.116.15+1.21.1
	- fabric-api-base 0.4.42+6573ed8c19
	- fabric-api-lookup-api-v1 1.6.72+7b3d111d19
	- fabric-biome-api-v1 13.0.31+d527f9fd19
	- fabric-block-api-v1 1.1.0+0bc3503219
	- fabric-block-view-api-v2 1.0.11+ebb2264e19
	- fabric-blockrenderlayer-v1 1.1.52+0af3f5a719
	- fabric-client-tags-api-v1 1.2.0+1eb36c0719
	- fabric-command-api-v1 1.2.49+f71b366f19
	- fabric-command-api-v2 2.2.28+6ced4dd919
	- fabric-commands-v0 0.2.66+df3654b319
	- fabric-content-registries-v0 8.0.19+b559734419
	- fabric-convention-tags-v1 2.1.7+7f945d5b19
	- fabric-convention-tags-v2 2.12.0+c3656daa19
	- fabric-crash-report-info-v1 0.2.29+0af3f5a719
	- fabric-data-attachment-api-v1 1.4.7+5b36e0f719
	- fabric-data-generation-api-v1 20.3.0+1eb36c0719
	- fabric-dimensions-v1 4.0.1+65213ef819
	- fabric-entity-events-v1 1.8.0+2b27e0a419
	- fabric-events-interaction-v0 0.7.14+ba9dae0619
	- fabric-game-rule-api-v1 1.0.53+6ced4dd919
	- fabric-gametest-api-v1 2.0.5+6fc22b9919
	- fabric-item-api-v1 11.3.0+467044f319
	- fabric-item-group-api-v1 4.1.7+def88e3a19
	- fabric-key-binding-api-v1 1.0.47+0af3f5a719
	- fabric-keybindings-v0 0.2.45+df3654b319
	- fabric-lifecycle-events-v1 2.6.0+0865547519
	- fabric-loot-api-v2 3.0.15+3f89f5a519
	- fabric-loot-api-v3 1.0.3+3f89f5a519
	- fabric-message-api-v1 6.0.14+8aaf3aca19
	- fabric-model-loading-api-v1 2.1.0+b4d813fc19
	- fabric-networking-api-v1 4.3.1+d30f6a7919
	- fabric-object-builder-api-v1 15.2.1+40875a9319
	- fabric-particles-v1 4.0.2+6573ed8c19
	- fabric-recipe-api-v1 5.0.16+2475392c19
	- fabric-registry-sync-v0 5.3.2+e3eddc2119
	- fabric-renderer-api-v1 3.4.1+b4d813fc19
	- fabric-renderer-indigo 1.7.1+c705a49c19
	- fabric-renderer-registries-v1 3.2.69+df3654b319
	- fabric-rendering-data-attachment-v1 0.3.49+73761d2e19
	- fabric-rendering-fluids-v1 3.1.6+1daea21519
	- fabric-rendering-v0 1.1.72+df3654b319
	- fabric-rendering-v1 5.1.0+ab4c25a019
	- fabric-resource-conditions-api-v1 4.3.0+8dc279b119
	- fabric-resource-loader-v0 1.3.1+5b5275af19
	- fabric-screen-api-v1 2.0.26+639b4c0719
	- fabric-screen-handler-api-v1 1.3.91+b559734419
	- fabric-sound-api-v1 1.0.23+6573ed8c19
	- fabric-tag-api-v1 1.3.0+1eb36c0719
	- fabric-transfer-api-v1 5.4.4+7b3d111d19
	- fabric-transitive-access-wideners-v1 6.2.0+45b9699719
	- fabricloader 0.19.3
	- ias 9.0.7+1.21.1-fabric
	- java 21
	- minecraft 1.21.1
	- mixinextras 0.5.4
	- modmenu 11.0.4
	- placeholder-api 2.4.2+1.21
	- stafftools 1.0-SNAP
[21:22:43] [main/DEBUG] (FabricLoader/Knot) Adding F:\IdeaProjects\StaffTools\.gradle\loom-cache\remapped_mods\remapped\net\fabricmc\fabric-api\fabric-rendering-data-attachment-v1-652de5e3-common\0.3.49+73761d2e19\fabric-rendering-data-attachment-v1-652de5e3-common-0.3.49+73761d2e19.jar to classpath.
[21:22:43] [main/DEBUG] (FabricLoader/Knot) Adding F:\IdeaProjects\StaffTools\.gradle\loom-cache\remapped_mods\remapped\net\fabricmc\fabric-api\fabric-rendering-data-attachment-v1-652de5e3-client\0.3.49+73761d2e19\fabric-rendering-data-attachment-v1-652de5e3-client-0.3.49+73761d2e19.jar to classpath.
[21:22:43] [main/DEBUG] (FabricLoader/Knot) Adding F:\IdeaProjects\StaffTools\.gradle\loom-cache\remapped_mods\remapped\net\fabricmc\fabric-api\fabric-renderer-api-v1-652de5e3-client\3.4.1+b4d813fc19\fabric-renderer-api-v1-652de5e3-client-3.4.1+b4d813fc19.jar to classpath.
[21:22:43] [main/DEBUG] (FabricLoader/Knot) Adding F:\IdeaProjects\StaffTools\.gradle\loom-cache\remapped_mods\remapped\net\fabricmc\fabric-api\fabric-blockrenderlayer-v1-652de5e3-client\1.1.52+0af3f5a719\fabric-blockrenderlayer-v1-652de5e3-client-1.1.52+0af3f5a719.jar to classpath.
[21:22:43] [main/DEBUG] (FabricLoader/Knot) Adding F:\IdeaProjects\StaffTools\.gradle\loom-cache\remapped_mods\remapped\net\fabricmc\fabric-api\fabric-lifecycle-events-v1-652de5e3-common\2.6.0+0865547519\fabric-lifecycle-events-v1-652de5e3-common-2.6.0+0865547519.jar to classpath.
[21:22:43] [main/DEBUG] (FabricLoader/Knot) Adding F:\IdeaProjects\StaffTools\.gradle\loom-cache\remapped_mods\remapped\net\fabricmc\fabric-api\fabric-lifecycle-events-v1-652de5e3-client\2.6.0+0865547519\fabric-lifecycle-events-v1-652de5e3-client-2.6.0+0865547519.jar to classpath.
[21:22:43] [main/DEBUG] (FabricLoader/Knot) Adding F:\IdeaProjects\StaffTools\.gradle\loom-cache\remapped_mods\remapped\net\fabricmc\fabric-api\fabric-data-attachment-api-v1-652de5e3-common\1.4.7+5b36e0f719\fabric-data-attachment-api-v1-652de5e3-common-1.4.7+5b36e0f719.jar to classpath.
[21:22:43] [main/DEBUG] (FabricLoader/Knot) Adding F:\IdeaProjects\StaffTools\.gradle\loom-cache\remapped_mods\remapped\net\fabricmc\fabric-api\fabric-data-attachment-api-v1-652de5e3-client\1.4.7+5b36e0f719\fabric-data-attachment-api-v1-652de5e3-client-1.4.7+5b36e0f719.jar to classpath.
[21:22:43] [main/DEBUG] (FabricLoader/Knot) Adding F:\IdeaProjects\StaffTools\.gradle\loom-cache\remapped_mods\remapped\net\fabricmc\fabric-api\fabric-particles-v1-652de5e3-common\4.0.2+6573ed8c19\fabric-particles-v1-652de5e3-common-4.0.2+6573ed8c19.jar to classpath.
[21:22:43] [main/DEBUG] (FabricLoader/Knot) Adding F:\IdeaProjects\StaffTools\.gradle\loom-cache\remapped_mods\remapped\net\fabricmc\fabric-api\fabric-particles-v1-652de5e3-client\4.0.2+6573ed8c19\fabric-particles-v1-652de5e3-client-4.0.2+6573ed8c19.jar to classpath.
[21:22:43] [main/DEBUG] (FabricLoader/Knot) Adding F:\IdeaProjects\StaffTools\.gradle\loom-cache\remapped_mods\remapped\net\fabricmc\fabric-api\fabric-item-group-api-v1-652de5e3-common\4.1.7+def88e3a19\fabric-item-group-api-v1-652de5e3-common-4.1.7+def88e3a19.jar to classpath.
[21:22:43] [main/DEBUG] (FabricLoader/Knot) Adding F:\IdeaProjects\StaffTools\.gradle\loom-cache\remapped_mods\remapped\net\fabricmc\fabric-api\fabric-item-group-api-v1-652de5e3-client\4.1.7+def88e3a19\fabric-item-group-api-v1-652de5e3-client-4.1.7+def88e3a19.jar to classpath.
[21:22:43] [main/DEBUG] (FabricLoader/Knot) Adding F:\IdeaProjects\StaffTools\.gradle\loom-cache\remapped_mods\remapped\net\fabricmc\fabric-api\fabric-rendering-fluids-v1-652de5e3-common\3.1.6+1daea21519\fabric-rendering-fluids-v1-652de5e3-common-3.1.6+1daea21519.jar to classpath.
[21:22:43] [main/DEBUG] (FabricLoader/Knot) Adding F:\IdeaProjects\StaffTools\.gradle\loom-cache\remapped_mods\remapped\net\fabricmc\fabric-api\fabric-rendering-fluids-v1-652de5e3-client\3.1.6+1daea21519\fabric-rendering-fluids-v1-652de5e3-client-3.1.6+1daea21519.jar to classpath.
[21:22:43] [main/DEBUG] (FabricLoader/Knot) Adding F:\IdeaProjects\StaffTools\.gradle\loom-cache\remapped_mods\remapped\net\fabricmc\fabric-api\fabric-block-api-v1-652de5e3-common\1.1.0+0bc3503219\fabric-block-api-v1-652de5e3-common-1.1.0+0bc3503219.jar to classpath.
[21:22:43] [main/DEBUG] (FabricLoader/Knot) Adding F:\IdeaProjects\StaffTools\.gradle\loom-cache\remapped_mods\remapped\net\fabricmc\fabric-api\fabric-gametest-api-v1-652de5e3-common\2.0.5+6fc22b9919\fabric-gametest-api-v1-652de5e3-common-2.0.5+6fc22b9919.jar to classpath.
[21:22:43] [main/DEBUG] (FabricLoader/Knot) Adding F:\IdeaProjects\StaffTools\.gradle\loom-cache\remapped_mods\remapped\net\fabricmc\fabric-api\fabric-loot-api-v2-652de5e3-common\3.0.15+3f89f5a519\fabric-loot-api-v2-652de5e3-common-3.0.15+3f89f5a519.jar to classpath.
[21:22:43] [main/DEBUG] (FabricLoader/Knot) Adding F:\IdeaProjects\StaffTools\.gradle\loom-cache\remapped_mods\remapped\net\fabricmc\fabric-api\fabric-key-binding-api-v1-652de5e3-client\1.0.47+0af3f5a719\fabric-key-binding-api-v1-652de5e3-client-1.0.47+0af3f5a719.jar to classpath.
[21:22:43] [main/DEBUG] (FabricLoader/Knot) Adding F:\IdeaProjects\StaffTools\run\.fabric\processedMods\modmenu-11.0.4-64b5720b4b825f21.jar to classpath.
[21:22:43] [main/DEBUG] (FabricLoader/Knot) Adding F:\IdeaProjects\StaffTools\.gradle\loom-cache\remapped_mods\remapped\net\fabricmc\fabric-api\fabric-client-tags-api-v1-652de5e3-client\1.2.0+1eb36c0719\fabric-client-tags-api-v1-652de5e3-client-1.2.0+1eb36c0719.jar to classpath.
[21:22:43] [main/DEBUG] (FabricLoader/Knot) Adding F:\IdeaProjects\StaffTools\run\.fabric\processedMods\placeholder-api-2.4.2+1.21-64b5720b4b825f21.jar to classpath.
[21:22:43] [main/DEBUG] (FabricLoader/Knot) Adding F:\IdeaProjects\StaffTools\.gradle\loom-cache\remapped_mods\remapped\net\fabricmc\fabric-api\fabric-object-builder-api-v1-652de5e3-common\15.2.1+40875a9319\fabric-object-builder-api-v1-652de5e3-common-15.2.1+40875a9319.jar to classpath.
[21:22:43] [main/DEBUG] (FabricLoader/Knot) Adding F:\IdeaProjects\StaffTools\.gradle\loom-cache\remapped_mods\remapped\net\fabricmc\fabric-api\fabric-object-builder-api-v1-652de5e3-client\15.2.1+40875a9319\fabric-object-builder-api-v1-652de5e3-client-15.2.1+40875a9319.jar to classpath.
[21:22:43] [main/DEBUG] (FabricLoader/Knot) Adding F:\IdeaProjects\StaffTools\.gradle\loom-cache\remapped_mods\remapped\net\fabricmc\fabric-api\fabric-message-api-v1-652de5e3-common\6.0.14+8aaf3aca19\fabric-message-api-v1-652de5e3-common-6.0.14+8aaf3aca19.jar to classpath.
[21:22:43] [main/DEBUG] (FabricLoader/Knot) Adding F:\IdeaProjects\StaffTools\.gradle\loom-cache\remapped_mods\remapped\net\fabricmc\fabric-api\fabric-message-api-v1-652de5e3-client\6.0.14+8aaf3aca19\fabric-message-api-v1-652de5e3-client-6.0.14+8aaf3aca19.jar to classpath.
[21:22:43] [main/DEBUG] (FabricLoader/Knot) Adding F:\IdeaProjects\StaffTools\.gradle\loom-cache\remapped_mods\remapped\net\fabricmc\fabric-api\fabric-data-generation-api-v1-652de5e3-common\20.3.0+1eb36c0719\fabric-data-generation-api-v1-652de5e3-common-20.3.0+1eb36c0719.jar to classpath.
[21:22:43] [main/DEBUG] (FabricLoader/Knot) Adding F:\IdeaProjects\StaffTools\.gradle\loom-cache\remapped_mods\remapped\net\fabricmc\fabric-api\fabric-data-generation-api-v1-652de5e3-client\20.3.0+1eb36c0719\fabric-data-generation-api-v1-652de5e3-client-20.3.0+1eb36c0719.jar to classpath.
[21:22:43] [main/DEBUG] (FabricLoader/Knot) Adding F:\IdeaProjects\StaffTools\.gradle\loom-cache\remapped_mods\remapped\net\fabricmc\fabric-api\fabric-dimensions-v1-652de5e3-common\4.0.1+65213ef819\fabric-dimensions-v1-652de5e3-common-4.0.1+65213ef819.jar to classpath.
[21:22:43] [main/DEBUG] (FabricLoader/Knot) Adding F:\IdeaProjects\StaffTools\.gradle\loom-cache\remapped_mods\remapped\net\fabricmc\fabric-api\fabric-renderer-indigo-652de5e3-client\1.7.1+c705a49c19\fabric-renderer-indigo-652de5e3-client-1.7.1+c705a49c19.jar to classpath.
[21:22:43] [main/DEBUG] (FabricLoader/Knot) Adding F:\IdeaProjects\StaffTools\.gradle\loom-cache\remapped_mods\remapped\net\fabricmc\fabric-api\fabric-screen-handler-api-v1-652de5e3-common\1.3.91+b559734419\fabric-screen-handler-api-v1-652de5e3-common-1.3.91+b559734419.jar to classpath.
[21:22:43] [main/DEBUG] (FabricLoader/Knot) Adding F:\IdeaProjects\StaffTools\.gradle\loom-cache\remapped_mods\remapped\net\fabricmc\fabric-api\fabric-screen-handler-api-v1-652de5e3-client\1.3.91+b559734419\fabric-screen-handler-api-v1-652de5e3-client-1.3.91+b559734419.jar to classpath.
[21:22:43] [main/DEBUG] (FabricLoader/Knot) Adding F:\IdeaProjects\StaffTools\run\.fabric\processedMods\ias-9.0.7+1.21.1-fabric-64b5720b4b825f21.jar to classpath.
[21:22:43] [main/DEBUG] (FabricLoader/Knot) Adding F:\IdeaProjects\StaffTools\.gradle\loom-cache\remapped_mods\remapped\net\fabricmc\fabric-api\fabric-entity-events-v1-652de5e3-common\1.8.0+2b27e0a419\fabric-entity-events-v1-652de5e3-common-1.8.0+2b27e0a419.jar to classpath.
[21:22:43] [main/DEBUG] (FabricLoader/Knot) Adding F:\IdeaProjects\StaffTools\.gradle\loom-cache\remapped_mods\remapped\net\fabricmc\fabric-api\fabric-entity-events-v1-652de5e3-client\1.8.0+2b27e0a419\fabric-entity-events-v1-652de5e3-client-1.8.0+2b27e0a419.jar to classpath.
[21:22:43] [main/DEBUG] (FabricLoader/Knot) Adding F:\IdeaProjects\StaffTools\.gradle\loom-cache\remapped_mods\remapped\net\fabricmc\fabric-api\fabric-game-rule-api-v1-652de5e3-common\1.0.53+6ced4dd919\fabric-game-rule-api-v1-652de5e3-common-1.0.53+6ced4dd919.jar to classpath.
[21:22:43] [main/DEBUG] (FabricLoader/Knot) Adding F:\IdeaProjects\StaffTools\.gradle\loom-cache\remapped_mods\remapped\net\fabricmc\fabric-api\fabric-game-rule-api-v1-652de5e3-client\1.0.53+6ced4dd919\fabric-game-rule-api-v1-652de5e3-client-1.0.53+6ced4dd919.jar to classpath.
[21:22:43] [main/DEBUG] (FabricLoader/Knot) Adding F:\IdeaProjects\StaffTools\.gradle\loom-cache\remapped_mods\remapped\net\fabricmc\fabric-api\fabric-recipe-api-v1-652de5e3-common\5.0.16+2475392c19\fabric-recipe-api-v1-652de5e3-common-5.0.16+2475392c19.jar to classpath.
[21:22:43] [main/DEBUG] (FabricLoader/Knot) Adding F:\IdeaProjects\StaffTools\.gradle\loom-cache\remapped_mods\remapped\net\fabricmc\fabric-api\fabric-recipe-api-v1-652de5e3-client\5.0.16+2475392c19\fabric-recipe-api-v1-652de5e3-client-5.0.16+2475392c19.jar to classpath.
[21:22:43] [main/DEBUG] (FabricLoader/Knot) Adding F:\IdeaProjects\StaffTools\.gradle\loom-cache\remapped_mods\remapped\net\fabricmc\fabric-api\fabric-rendering-v1-652de5e3-client\5.1.0+ab4c25a019\fabric-rendering-v1-652de5e3-client-5.1.0+ab4c25a019.jar to classpath.
[21:22:43] [main/DEBUG] (FabricLoader/Knot) Adding F:\IdeaProjects\StaffTools\.gradle\loom-cache\remapped_mods\remapped\net\fabricmc\fabric-api\fabric-api-base-652de5e3-common\0.4.42+6573ed8c19\fabric-api-base-652de5e3-common-0.4.42+6573ed8c19.jar to classpath.
[21:22:43] [main/DEBUG] (FabricLoader/Knot) Adding F:\IdeaProjects\StaffTools\.gradle\loom-cache\remapped_mods\remapped\net\fabricmc\fabric-api\fabric-crash-report-info-v1-652de5e3-common\0.2.29+0af3f5a719\fabric-crash-report-info-v1-652de5e3-common-0.2.29+0af3f5a719.jar to classpath.
[21:22:43] [main/DEBUG] (FabricLoader/Knot) Adding F:\IdeaProjects\StaffTools\.gradle\loom-cache\remapped_mods\remapped\net\fabricmc\fabric-api\fabric-renderer-registries-v1-652de5e3-client\3.2.69+df3654b319\fabric-renderer-registries-v1-652de5e3-client-3.2.69+df3654b319.jar to classpath.
[21:22:43] [main/DEBUG] (FabricLoader/Knot) Adding F:\IdeaProjects\StaffTools\.gradle\loom-cache\remapped_mods\remapped\net\fabricmc\fabric-api\fabric-keybindings-v0-652de5e3-client\0.2.45+df3654b319\fabric-keybindings-v0-652de5e3-client-0.2.45+df3654b319.jar to classpath.
[21:22:43] [main/DEBUG] (FabricLoader/Knot) Adding F:\IdeaProjects\StaffTools\.gradle\loom-cache\remapped_mods\remapped\net\fabricmc\fabric-api\fabric-commands-v0-652de5e3-common\0.2.66+df3654b319\fabric-commands-v0-652de5e3-common-0.2.66+df3654b319.jar to classpath.
[21:22:43] [main/DEBUG] (FabricLoader/Knot) Adding F:\IdeaProjects\StaffTools\build\classes\java\main to classpath.
[21:22:43] [main/DEBUG] (FabricLoader/Knot) Adding F:\IdeaProjects\StaffTools\build\resources\main to classpath.
[21:22:43] [main/DEBUG] (FabricLoader/Knot) Adding F:\IdeaProjects\StaffTools\build\classes\java\client to classpath.
[21:22:43] [main/DEBUG] (FabricLoader/Knot) Adding F:\IdeaProjects\StaffTools\build\resources\client to classpath.
[21:22:43] [main/DEBUG] (FabricLoader/Knot) Adding F:\IdeaProjects\StaffTools\.gradle\loom-cache\remapped_mods\remapped\net\fabricmc\fabric-api\fabric-api-lookup-api-v1-652de5e3-common\1.6.72+7b3d111d19\fabric-api-lookup-api-v1-652de5e3-common-1.6.72+7b3d111d19.jar to classpath.
[21:22:43] [main/DEBUG] (FabricLoader/Knot) Adding F:\IdeaProjects\StaffTools\.gradle\loom-cache\remapped_mods\remapped\net\fabricmc\fabric-api\fabric-resource-conditions-api-v1-652de5e3-common\4.3.0+8dc279b119\fabric-resource-conditions-api-v1-652de5e3-common-4.3.0+8dc279b119.jar to classpath.
[21:22:43] [main/DEBUG] (FabricLoader/Knot) Adding F:\IdeaProjects\StaffTools\.gradle\loom-cache\remapped_mods\remapped\net\fabricmc\fabric-api\fabric-command-api-v2-652de5e3-common\2.2.28+6ced4dd919\fabric-command-api-v2-652de5e3-common-2.2.28+6ced4dd919.jar to classpath.
[21:22:43] [main/DEBUG] (FabricLoader/Knot) Adding F:\IdeaProjects\StaffTools\.gradle\loom-cache\remapped_mods\remapped\net\fabricmc\fabric-api\fabric-command-api-v2-652de5e3-client\2.2.28+6ced4dd919\fabric-command-api-v2-652de5e3-client-2.2.28+6ced4dd919.jar to classpath.
[21:22:43] [main/DEBUG] (FabricLoader/Knot) Adding F:\IdeaProjects\StaffTools\.gradle\loom-cache\remapped_mods\remapped\net\fabricmc\fabric-api\fabric-command-api-v1-652de5e3-common\1.2.49+f71b366f19\fabric-command-api-v1-652de5e3-common-1.2.49+f71b366f19.jar to classpath.
[21:22:43] [main/DEBUG] (FabricLoader/Knot) Adding F:\IdeaProjects\StaffTools\.gradle\loom-cache\remapped_mods\remapped\net\fabricmc\fabric-api\fabric-registry-sync-v0-652de5e3-common\5.3.2+e3eddc2119\fabric-registry-sync-v0-652de5e3-common-5.3.2+e3eddc2119.jar to classpath.
[21:22:43] [main/DEBUG] (FabricLoader/Knot) Adding F:\IdeaProjects\StaffTools\.gradle\loom-cache\remapped_mods\remapped\net\fabricmc\fabric-api\fabric-registry-sync-v0-652de5e3-client\5.3.2+e3eddc2119\fabric-registry-sync-v0-652de5e3-client-5.3.2+e3eddc2119.jar to classpath.
[21:22:43] [main/DEBUG] (FabricLoader/Knot) Adding C:\Users\Пользователь\.gradle\caches\modules-2\files-2.1\io.github.llamalad7\mixinextras-fabric\0.5.4\5e167154bcb9942111313a5e186e16cd7265f858\mixinextras-fabric-0.5.4.jar to classpath.
[21:22:43] [main/DEBUG] (FabricLoader/Knot) Adding F:\IdeaProjects\StaffTools\.gradle\loom-cache\remapped_mods\remapped\net\fabricmc\fabric-api\fabric-rendering-v0-652de5e3-client\1.1.72+df3654b319\fabric-rendering-v0-652de5e3-client-1.1.72+df3654b319.jar to classpath.
[21:22:43] [main/DEBUG] (FabricLoader/Knot) Adding F:\IdeaProjects\StaffTools\.gradle\loom-cache\remapped_mods\remapped\net\fabricmc\fabric-api\fabric-transitive-access-wideners-v1-652de5e3-common\6.2.0+45b9699719\fabric-transitive-access-wideners-v1-652de5e3-common-6.2.0+45b9699719.jar to classpath.
[21:22:43] [main/DEBUG] (FabricLoader/Knot) Adding F:\IdeaProjects\StaffTools\.gradle\loom-cache\remapped_mods\remapped\net\fabricmc\fabric-api\fabric-networking-api-v1-652de5e3-common\4.3.1+d30f6a7919\fabric-networking-api-v1-652de5e3-common-4.3.1+d30f6a7919.jar to classpath.
[21:22:43] [main/DEBUG] (FabricLoader/Knot) Adding F:\IdeaProjects\StaffTools\.gradle\loom-cache\remapped_mods\remapped\net\fabricmc\fabric-api\fabric-networking-api-v1-652de5e3-client\4.3.1+d30f6a7919\fabric-networking-api-v1-652de5e3-client-4.3.1+d30f6a7919.jar to classpath.
[21:22:43] [main/DEBUG] (FabricLoader/Knot) Adding F:\IdeaProjects\StaffTools\.gradle\loom-cache\remapped_mods\remapped\net\fabricmc\fabric-api\fabric-item-api-v1-652de5e3-common\11.3.0+467044f319\fabric-item-api-v1-652de5e3-common-11.3.0+467044f319.jar to classpath.
[21:22:43] [main/DEBUG] (FabricLoader/Knot) Adding F:\IdeaProjects\StaffTools\.gradle\loom-cache\remapped_mods\remapped\net\fabricmc\fabric-api\fabric-item-api-v1-652de5e3-client\11.3.0+467044f319\fabric-item-api-v1-652de5e3-client-11.3.0+467044f319.jar to classpath.
[21:22:43] [main/DEBUG] (FabricLoader/Knot) Adding F:\IdeaProjects\StaffTools\.gradle\loom-cache\remapped_mods\remapped\net\fabricmc\fabric-api\fabric-api-652de5e3-common\0.116.15+1.21.1\fabric-api-652de5e3-common-0.116.15+1.21.1.jar to classpath.
[21:22:43] [main/DEBUG] (FabricLoader/Knot) Adding F:\IdeaProjects\StaffTools\.gradle\loom-cache\remapped_mods\remapped\net\fabricmc\fabric-api\fabric-events-interaction-v0-652de5e3-common\0.7.14+ba9dae0619\fabric-events-interaction-v0-652de5e3-common-0.7.14+ba9dae0619.jar to classpath.
[21:22:43] [main/DEBUG] (FabricLoader/Knot) Adding F:\IdeaProjects\StaffTools\.gradle\loom-cache\remapped_mods\remapped\net\fabricmc\fabric-api\fabric-events-interaction-v0-652de5e3-client\0.7.14+ba9dae0619\fabric-events-interaction-v0-652de5e3-client-0.7.14+ba9dae0619.jar to classpath.
[21:22:43] [main/DEBUG] (FabricLoader/Knot) Adding F:\IdeaProjects\StaffTools\.gradle\loom-cache\remapped_mods\remapped\net\fabricmc\fabric-api\fabric-content-registries-v0-652de5e3-common\8.0.19+b559734419\fabric-content-registries-v0-652de5e3-common-8.0.19+b559734419.jar to classpath.
[21:22:43] [main/DEBUG] (FabricLoader/Knot) Adding F:\IdeaProjects\StaffTools\.gradle\loom-cache\remapped_mods\remapped\net\fabricmc\fabric-api\fabric-model-loading-api-v1-652de5e3-client\2.1.0+b4d813fc19\fabric-model-loading-api-v1-652de5e3-client-2.1.0+b4d813fc19.jar to classpath.
[21:22:43] [main/DEBUG] (FabricLoader/Knot) Adding F:\IdeaProjects\StaffTools\.gradle\loom-cache\remapped_mods\remapped\net\fabricmc\fabric-api\fabric-transfer-api-v1-652de5e3-common\5.4.4+7b3d111d19\fabric-transfer-api-v1-652de5e3-common-5.4.4+7b3d111d19.jar to classpath.
[21:22:43] [main/DEBUG] (FabricLoader/Knot) Adding F:\IdeaProjects\StaffTools\.gradle\loom-cache\remapped_mods\remapped\net\fabricmc\fabric-api\fabric-transfer-api-v1-652de5e3-client\5.4.4+7b3d111d19\fabric-transfer-api-v1-652de5e3-client-5.4.4+7b3d111d19.jar to classpath.
[21:22:43] [main/DEBUG] (FabricLoader/Knot) Adding F:\IdeaProjects\StaffTools\.gradle\loom-cache\remapped_mods\remapped\net\fabricmc\fabric-api\fabric-convention-tags-v2-652de5e3-common\2.12.0+c3656daa19\fabric-convention-tags-v2-652de5e3-common-2.12.0+c3656daa19.jar to classpath.
[21:22:43] [main/DEBUG] (FabricLoader/Knot) Adding F:\IdeaProjects\StaffTools\.gradle\loom-cache\remapped_mods\remapped\net\fabricmc\fabric-api\fabric-sound-api-v1-652de5e3-client\1.0.23+6573ed8c19\fabric-sound-api-v1-652de5e3-client-1.0.23+6573ed8c19.jar to classpath.
[21:22:43] [main/DEBUG] (FabricLoader/Knot) Adding F:\IdeaProjects\StaffTools\.gradle\loom-cache\remapped_mods\remapped\net\fabricmc\fabric-api\fabric-biome-api-v1-652de5e3-common\13.0.31+d527f9fd19\fabric-biome-api-v1-652de5e3-common-13.0.31+d527f9fd19.jar to classpath.
[21:22:43] [main/DEBUG] (FabricLoader/Knot) Adding F:\IdeaProjects\StaffTools\.gradle\loom-cache\remapped_mods\remapped\net\fabricmc\fabric-api\fabric-block-view-api-v2-652de5e3-common\1.0.11+ebb2264e19\fabric-block-view-api-v2-652de5e3-common-1.0.11+ebb2264e19.jar to classpath.
[21:22:43] [main/DEBUG] (FabricLoader/Knot) Adding F:\IdeaProjects\StaffTools\.gradle\loom-cache\remapped_mods\remapped\net\fabricmc\fabric-api\fabric-block-view-api-v2-652de5e3-client\1.0.11+ebb2264e19\fabric-block-view-api-v2-652de5e3-client-1.0.11+ebb2264e19.jar to classpath.
[21:22:43] [main/DEBUG] (FabricLoader/Knot) Adding F:\IdeaProjects\StaffTools\.gradle\loom-cache\remapped_mods\remapped\net\fabricmc\fabric-api\fabric-screen-api-v1-652de5e3-client\2.0.26+639b4c0719\fabric-screen-api-v1-652de5e3-client-2.0.26+639b4c0719.jar to classpath.
[21:22:43] [main/DEBUG] (FabricLoader/Knot) Adding F:\IdeaProjects\StaffTools\.gradle\loom-cache\remapped_mods\remapped\net\fabricmc\fabric-api\fabric-convention-tags-v1-652de5e3-common\2.1.7+7f945d5b19\fabric-convention-tags-v1-652de5e3-common-2.1.7+7f945d5b19.jar to classpath.
[21:22:43] [main/DEBUG] (FabricLoader/Knot) Adding F:\IdeaProjects\StaffTools\.gradle\loom-cache\remapped_mods\remapped\net\fabricmc\fabric-api\fabric-tag-api-v1-652de5e3-common\1.3.0+1eb36c0719\fabric-tag-api-v1-652de5e3-common-1.3.0+1eb36c0719.jar to classpath.
[21:22:43] [main/DEBUG] (FabricLoader/Knot) Adding F:\IdeaProjects\StaffTools\.gradle\loom-cache\remapped_mods\remapped\net\fabricmc\fabric-api\fabric-loot-api-v3-652de5e3-common\1.0.3+3f89f5a519\fabric-loot-api-v3-652de5e3-common-1.0.3+3f89f5a519.jar to classpath.
[21:22:43] [main/DEBUG] (FabricLoader/Knot) Adding F:\IdeaProjects\StaffTools\.gradle\loom-cache\remapped_mods\remapped\net\fabricmc\fabric-api\fabric-resource-loader-v0-652de5e3-common\1.3.1+5b5275af19\fabric-resource-loader-v0-652de5e3-common-1.3.1+5b5275af19.jar to classpath.
[21:22:43] [main/DEBUG] (FabricLoader/Knot) Adding F:\IdeaProjects\StaffTools\.gradle\loom-cache\remapped_mods\remapped\net\fabricmc\fabric-api\fabric-resource-loader-v0-652de5e3-client\1.3.1+5b5275af19\fabric-resource-loader-v0-652de5e3-client-1.3.1+5b5275af19.jar to classpath.
[21:22:43] [main/DEBUG] (FabricLoader/Entrypoint) Registering new-style initializer net.fabricmc.fabric.impl.client.event.lifecycle.ClientLifecycleEventsImpl for mod fabric-lifecycle-events-v1 (key client)
[21:22:43] [main/DEBUG] (FabricLoader/Entrypoint) Registering new-style initializer net.fabricmc.fabric.impl.event.lifecycle.LifecycleEventsImpl for mod fabric-lifecycle-events-v1 (key main)
[21:22:43] [main/DEBUG] (FabricLoader/Entrypoint) Registering new-style initializer net.fabricmc.fabric.impl.attachment.client.AttachmentSyncClient for mod fabric-data-attachment-api-v1 (key client)
[21:22:43] [main/DEBUG] (FabricLoader/Entrypoint) Registering new-style initializer net.fabricmc.fabric.impl.attachment.AttachmentEntrypoint for mod fabric-data-attachment-api-v1 (key main)
[21:22:43] [main/DEBUG] (FabricLoader/Entrypoint) Registering new-style initializer net.fabricmc.fabric.impl.attachment.sync.AttachmentSync for mod fabric-data-attachment-api-v1 (key main)
[21:22:43] [main/DEBUG] (FabricLoader/Entrypoint) Registering new-style initializer net.fabricmc.fabric.impl.gametest.FabricGameTestModInitializer for mod fabric-gametest-api-v1 (key main)
[21:22:43] [main/DEBUG] (FabricLoader/Entrypoint) Registering new-style initializer net.fabricmc.fabric.impl.loot.v2.LootInitializer for mod fabric-loot-api-v2 (key main)
[21:22:43] [main/DEBUG] (FabricLoader/Entrypoint) Registering new-style initializer com.terraformersmc.modmenu.ModMenuModMenuCompat for mod modmenu (key modmenu)
[21:22:43] [main/DEBUG] (FabricLoader/Entrypoint) Registering new-style initializer com.terraformersmc.modmenu.ModMenu for mod modmenu (key client)
[21:22:43] [main/DEBUG] (FabricLoader/Entrypoint) Registering new-style initializer net.fabricmc.fabric.impl.client.indigo.Indigo for mod fabric-renderer-indigo (key client)
[21:22:43] [main/DEBUG] (FabricLoader/Entrypoint) Registering new-style initializer net.fabricmc.fabric.impl.screenhandler.client.ClientNetworking for mod fabric-screen-handler-api-v1 (key client)
[21:22:43] [main/DEBUG] (FabricLoader/Entrypoint) Registering new-style initializer net.fabricmc.fabric.impl.screenhandler.Networking for mod fabric-screen-handler-api-v1 (key main)
[21:22:43] [main/DEBUG] (FabricLoader/Entrypoint) Registering new-style initializer ru.vidtu.ias.IASModMenu for mod ias (key modmenu)
[21:22:43] [main/DEBUG] (FabricLoader/Entrypoint) Registering new-style initializer ru.vidtu.ias.IASFabric for mod ias (key client)
[21:22:43] [main/DEBUG] (FabricLoader/Entrypoint) Registering new-style initializer net.fabricmc.fabric.impl.recipe.ingredient.client.CustomIngredientSyncClient for mod fabric-recipe-api-v1 (key client)
[21:22:43] [main/DEBUG] (FabricLoader/Entrypoint) Registering new-style initializer net.fabricmc.fabric.impl.recipe.ingredient.CustomIngredientInit for mod fabric-recipe-api-v1 (key main)
[21:22:43] [main/DEBUG] (FabricLoader/Entrypoint) Registering new-style initializer net.fabricmc.fabric.impl.recipe.ingredient.CustomIngredientSync for mod fabric-recipe-api-v1 (key main)
[21:22:43] [main/DEBUG] (FabricLoader/Entrypoint) Registering new-style initializer com.uwdie.stafftools.client.StafftoolsClient for mod stafftools (key client)
[21:22:43] [main/DEBUG] (FabricLoader/Entrypoint) Registering new-style initializer com.uwdie.stafftools.Stafftools for mod stafftools (key main)
[21:22:43] [main/DEBUG] (FabricLoader/Entrypoint) Registering new-style initializer net.fabricmc.fabric.impl.lookup.ApiLookupImpl for mod fabric-api-lookup-api-v1 (key main)
[21:22:43] [main/DEBUG] (FabricLoader/Entrypoint) Registering new-style initializer net.fabricmc.fabric.impl.resource.conditions.ResourceConditionsImpl for mod fabric-resource-conditions-api-v1 (key main)
[21:22:43] [main/DEBUG] (FabricLoader/Entrypoint) Registering new-style initializer net.fabricmc.fabric.impl.command.v1.LegacyHandler for mod fabric-command-api-v1 (key main)
[21:22:43] [main/DEBUG] (FabricLoader/Entrypoint) Registering new-style initializer net.fabricmc.fabric.impl.client.registry.sync.FabricRegistryClientInit for mod fabric-registry-sync-v0 (key client)
[21:22:43] [main/DEBUG] (FabricLoader/Entrypoint) Registering new-style initializer net.fabricmc.fabric.impl.registry.sync.FabricRegistryInit for mod fabric-registry-sync-v0 (key main)
[21:22:43] [main/DEBUG] (FabricLoader/Entrypoint) Registering new-style initializer net.fabricmc.fabric.impl.client.rendering.v0.RenderingCallbackInvoker for mod fabric-rendering-v0 (key client)
[21:22:43] [main/DEBUG] (FabricLoader/Entrypoint) Registering new-style initializer net.fabricmc.fabric.impl.networking.client.ClientNetworkingImpl::clientInit for mod fabric-networking-api-v1 (key client)
[21:22:43] [main/DEBUG] (FabricLoader/Entrypoint) Registering new-style initializer net.fabricmc.fabric.impl.networking.CommonPacketsImpl::init for mod fabric-networking-api-v1 (key main)
[21:22:43] [main/DEBUG] (FabricLoader/Entrypoint) Registering new-style initializer net.fabricmc.fabric.impl.networking.NetworkingImpl::init for mod fabric-networking-api-v1 (key main)
[21:22:43] [main/DEBUG] (FabricLoader/Entrypoint) Registering new-style initializer net.fabricmc.fabric.impl.event.interaction.client.InteractionEventsRouterClient for mod fabric-events-interaction-v0 (key client)
[21:22:43] [main/DEBUG] (FabricLoader/Entrypoint) Registering new-style initializer net.fabricmc.fabric.impl.event.interaction.InteractionEventsRouter for mod fabric-events-interaction-v0 (key main)
[21:22:43] [main/DEBUG] (FabricLoader/Entrypoint) Registering new-style initializer net.fabricmc.fabric.impl.tag.convention.v2.TranslationConventionLogWarnings for mod fabric-convention-tags-v2 (key main)
[21:22:43] [main/DEBUG] (FabricLoader/Entrypoint) Registering new-style initializer net.fabricmc.fabric.impl.tag.convention.ConventionLogWarnings for mod fabric-convention-tags-v1 (key main)
[21:22:43] [main/INFO] (FabricLoader/Mixin) SpongePowered MIXIN Subsystem Version=0.8.7 Source=file:/C:/Users/%d0%9f%d0%be%d0%bb%d1%8c%d0%b7%d0%be%d0%b2%d0%b0%d1%82%d0%b5%d0%bb%d1%8c/.gradle/caches/modules-2/files-2.1/net.fabricmc/sponge-mixin/0.17.3+mixin.0.8.7/41c4a3984a80f4679e759fb9f495587acc5cdac7/sponge-mixin-0.17.3+mixin.0.8.7.jar Service=Knot/Fabric Env=CLIENT
[21:22:43] [main/DEBUG] (FabricLoader/Mixin) Initialising Mixin Platform Manager
[21:22:43] [main/DEBUG] (FabricLoader/Mixin) Adding mixin platform agents for container ContainerHandleURI(file:///C:/Users/Пользователь/.gradle/caches/modules-2/files-2.1/net.fabricmc/fabric-loader/0.19.3/354dfaa02d0552e11867f85dff7cdbfaf813ba3e/fabric-loader-0.19.3.jar)
[21:22:43] [main/DEBUG] (FabricLoader/Mixin) Instancing new MixinPlatformAgentDefault for ContainerHandleURI(file:///C:/Users/Пользователь/.gradle/caches/modules-2/files-2.1/net.fabricmc/fabric-loader/0.19.3/354dfaa02d0552e11867f85dff7cdbfaf813ba3e/fabric-loader-0.19.3.jar)
[21:22:43] [main/DEBUG] (FabricLoader/Mixin) MixinPlatformAgentDefault accepted container ContainerHandleURI(file:///C:/Users/Пользователь/.gradle/caches/modules-2/files-2.1/net.fabricmc/fabric-loader/0.19.3/354dfaa02d0552e11867f85dff7cdbfaf813ba3e/fabric-loader-0.19.3.jar)
[21:22:43] [main/DEBUG] (FabricLoader/Mixin) Instancing new MixinPlatformAgentDefault for ContainerHandleURI(file:///C:/Users/Пользователь/.gradle/caches/modules-2/files-2.1/net.fabricmc/fabric-loader/0.19.3/354dfaa02d0552e11867f85dff7cdbfaf813ba3e/fabric-loader-0.19.3.jar)
[21:22:43] [main/DEBUG] (FabricLoader/Mixin) MixinPlatformAgentDefault accepted container ContainerHandleURI(file:///C:/Users/Пользователь/.gradle/caches/modules-2/files-2.1/net.fabricmc/fabric-loader/0.19.3/354dfaa02d0552e11867f85dff7cdbfaf813ba3e/fabric-loader-0.19.3.jar)
[21:22:43] [main/DEBUG] (FabricLoader/Mixin) Processing prepare() for PlatformAgent[MixinPlatformAgentDefault:ContainerHandleURI(file:///C:/Users/Пользователь/.gradle/caches/modules-2/files-2.1/net.fabricmc/fabric-loader/0.19.3/354dfaa02d0552e11867f85dff7cdbfaf813ba3e/fabric-loader-0.19.3.jar)]
[21:22:43] [main/DEBUG] (FabricLoader/Mixin) Processing prepare() for PlatformAgent[MixinPlatformAgentDefault:ContainerHandleURI(file:///C:/Users/Пользователь/.gradle/caches/modules-2/files-2.1/net.fabricmc/fabric-loader/0.19.3/354dfaa02d0552e11867f85dff7cdbfaf813ba3e/fabric-loader-0.19.3.jar)]
[21:22:44] [main/INFO] (FabricLoader/Mixin) Loaded Fabric development mappings for mixin remapper!
[21:22:44] [main/DEBUG] (FabricLoader/Mixin) Compatibility level JAVA_17 specified by fabric-rendering-data-attachment-v1.mixins.json is higher than the maximum level supported by this version of mixin (JAVA_13).
[21:22:44] [main/INFO] (FabricLoader/Mixin) Compatibility level set to JAVA_17
[21:22:44] [main/DEBUG] (FabricLoader/Mixin) Mixin config fabric-rendering-data-attachment-v1.mixins.json does not specify "minVersion" or "requiredFeatures" property
[21:22:44] [main/DEBUG] (FabricLoader/Mixin) Mixin config fabric-rendering-data-attachment-v1.client.mixins.json does not specify "minVersion" or "requiredFeatures" property
[21:22:44] [main/DEBUG] (FabricLoader/Mixin) Compatibility level JAVA_21 specified by fabric-renderer-api-v1.mixins.json is higher than the maximum level supported by this version of mixin (JAVA_13).
[21:22:44] [main/INFO] (FabricLoader/Mixin) Compatibility level set to JAVA_21
[21:22:44] [main/DEBUG] (FabricLoader/Mixin) Mixin config fabric-renderer-api-v1.mixins.json does not specify "minVersion" or "requiredFeatures" property
[21:22:44] [main/DEBUG] (FabricLoader/Mixin) Compatibility level JAVA_17 specified by fabric-renderer-api-v1.debughud.mixins.json is higher than the maximum level supported by this version of mixin (JAVA_13).
[21:22:44] [main/DEBUG] (FabricLoader/Mixin) Mixin config fabric-renderer-api-v1.debughud.mixins.json does not specify "minVersion" or "requiredFeatures" property
[21:22:44] [main/DEBUG] (FabricLoader/Mixin) Compatibility level JAVA_17 specified by fabric-blockrenderlayer-v1.mixins.json is higher than the maximum level supported by this version of mixin (JAVA_13).
[21:22:44] [main/DEBUG] (FabricLoader/Mixin) Mixin config fabric-blockrenderlayer-v1.mixins.json does not specify "minVersion" or "requiredFeatures" property
[21:22:44] [main/DEBUG] (FabricLoader/Mixin) Compatibility level JAVA_17 specified by fabric-lifecycle-events-v1.mixins.json is higher than the maximum level supported by this version of mixin (JAVA_13).
[21:22:44] [main/DEBUG] (FabricLoader/Mixin) Mixin config fabric-lifecycle-events-v1.mixins.json does not specify "minVersion" or "requiredFeatures" property
[21:22:44] [main/DEBUG] (FabricLoader/Mixin) Compatibility level JAVA_17 specified by fabric-lifecycle-events-v1.client.mixins.json is higher than the maximum level supported by this version of mixin (JAVA_13).
[21:22:44] [main/DEBUG] (FabricLoader/Mixin) Mixin config fabric-lifecycle-events-v1.client.mixins.json does not specify "minVersion" or "requiredFeatures" property
[21:22:44] [main/DEBUG] (FabricLoader/Mixin) Compatibility level JAVA_17 specified by fabric-data-attachment-api-v1.mixins.json is higher than the maximum level supported by this version of mixin (JAVA_13).
[21:22:44] [main/DEBUG] (FabricLoader/Mixin) Mixin config fabric-data-attachment-api-v1.mixins.json does not specify "minVersion" or "requiredFeatures" property
[21:22:44] [main/DEBUG] (FabricLoader/Mixin) Compatibility level JAVA_17 specified by fabric-data-attachment-api-v1.client.mixins.json is higher than the maximum level supported by this version of mixin (JAVA_13).
[21:22:44] [main/DEBUG] (FabricLoader/Mixin) Mixin config fabric-data-attachment-api-v1.client.mixins.json does not specify "minVersion" or "requiredFeatures" property
[21:22:44] [main/DEBUG] (FabricLoader/Mixin) Compatibility level JAVA_17 specified by fabric-particles-v1.client.mixins.json is higher than the maximum level supported by this version of mixin (JAVA_13).
[21:22:44] [main/DEBUG] (FabricLoader/Mixin) Mixin config fabric-particles-v1.client.mixins.json does not specify "minVersion" or "requiredFeatures" property
[21:22:44] [main/DEBUG] (FabricLoader/Mixin) Compatibility level JAVA_17 specified by fabric-item-group-api-v1.mixins.json is higher than the maximum level supported by this version of mixin (JAVA_13).
[21:22:44] [main/DEBUG] (FabricLoader/Mixin) Mixin config fabric-item-group-api-v1.mixins.json does not specify "minVersion" or "requiredFeatures" property
[21:22:44] [main/DEBUG] (FabricLoader/Mixin) Compatibility level JAVA_17 specified by fabric-item-group-api-v1.client.mixins.json is higher than the maximum level supported by this version of mixin (JAVA_13).
[21:22:44] [main/DEBUG] (FabricLoader/Mixin) Mixin config fabric-item-group-api-v1.client.mixins.json does not specify "minVersion" or "requiredFeatures" property
[21:22:44] [main/DEBUG] (FabricLoader/Mixin) Compatibility level JAVA_17 specified by fabric-rendering-fluids-v1.mixins.json is higher than the maximum level supported by this version of mixin (JAVA_13).
[21:22:44] [main/DEBUG] (FabricLoader/Mixin) Mixin config fabric-rendering-fluids-v1.mixins.json does not specify "minVersion" or "requiredFeatures" property
[21:22:44] [main/DEBUG] (FabricLoader/Mixin) Compatibility level JAVA_17 specified by fabric-block-api-v1.mixins.json is higher than the maximum level supported by this version of mixin (JAVA_13).
[21:22:44] [main/DEBUG] (FabricLoader/Mixin) Mixin config fabric-block-api-v1.mixins.json does not specify "minVersion" or "requiredFeatures" property
[21:22:44] [main/DEBUG] (FabricLoader/Mixin) Compatibility level JAVA_17 specified by fabric-gametest-api-v1.mixins.json is higher than the maximum level supported by this version of mixin (JAVA_13).
[21:22:44] [main/DEBUG] (FabricLoader/Mixin) Mixin config fabric-gametest-api-v1.mixins.json does not specify "minVersion" or "requiredFeatures" property
[21:22:44] [main/DEBUG] (FabricLoader/Mixin) Compatibility level JAVA_17 specified by fabric-loot-api-v2.mixins.json is higher than the maximum level supported by this version of mixin (JAVA_13).
[21:22:44] [main/DEBUG] (FabricLoader/Mixin) Mixin config fabric-loot-api-v2.mixins.json does not specify "minVersion" or "requiredFeatures" property
[21:22:44] [main/DEBUG] (FabricLoader/Mixin) Compatibility level JAVA_17 specified by fabric-key-binding-api-v1.mixins.json is higher than the maximum level supported by this version of mixin (JAVA_13).
[21:22:44] [main/DEBUG] (FabricLoader/Mixin) Mixin config fabric-key-binding-api-v1.mixins.json does not specify "minVersion" or "requiredFeatures" property
[21:22:44] [main/DEBUG] (FabricLoader/Mixin) Compatibility level JAVA_16 specified by mixins.modmenu.json is higher than the maximum level supported by this version of mixin (JAVA_13).
[21:22:44] [main/DEBUG] (FabricLoader/Mixin) Compatibility level JAVA_17 specified by fabric-object-builder-v1.mixins.json is higher than the maximum level supported by this version of mixin (JAVA_13).
[21:22:44] [main/DEBUG] (FabricLoader/Mixin) Mixin config fabric-object-builder-v1.mixins.json does not specify "minVersion" or "requiredFeatures" property
[21:22:44] [main/DEBUG] (FabricLoader/Mixin) Compatibility level JAVA_17 specified by fabric-object-builder-v1.client.mixins.json is higher than the maximum level supported by this version of mixin (JAVA_13).
[21:22:44] [main/DEBUG] (FabricLoader/Mixin) Mixin config fabric-object-builder-v1.client.mixins.json does not specify "minVersion" or "requiredFeatures" property
[21:22:44] [main/DEBUG] (FabricLoader/Mixin) Compatibility level JAVA_17 specified by fabric-message-api-v1.mixins.json is higher than the maximum level supported by this version of mixin (JAVA_13).
[21:22:44] [main/DEBUG] (FabricLoader/Mixin) Mixin config fabric-message-api-v1.mixins.json does not specify "minVersion" or "requiredFeatures" property
[21:22:44] [main/DEBUG] (FabricLoader/Mixin) Compatibility level JAVA_17 specified by fabric-message-api-v1.client.mixins.json is higher than the maximum level supported by this version of mixin (JAVA_13).
[21:22:44] [main/DEBUG] (FabricLoader/Mixin) Mixin config fabric-message-api-v1.client.mixins.json does not specify "minVersion" or "requiredFeatures" property
[21:22:44] [main/DEBUG] (FabricLoader/Mixin) Compatibility level JAVA_17 specified by fabric-data-generation-api-v1.mixins.json is higher than the maximum level supported by this version of mixin (JAVA_13).
[21:22:44] [main/DEBUG] (FabricLoader/Mixin) Mixin config fabric-data-generation-api-v1.mixins.json does not specify "minVersion" or "requiredFeatures" property
[21:22:44] [main/DEBUG] (FabricLoader/Mixin) Compatibility level JAVA_17 specified by fabric-data-generation-api-v1.client.mixins.json is higher than the maximum level supported by this version of mixin (JAVA_13).
[21:22:44] [main/DEBUG] (FabricLoader/Mixin) Mixin config fabric-data-generation-api-v1.client.mixins.json does not specify "minVersion" or "requiredFeatures" property
[21:22:44] [main/DEBUG] (FabricLoader/Mixin) Compatibility level JAVA_17 specified by fabric-dimensions-v1.mixins.json is higher than the maximum level supported by this version of mixin (JAVA_13).
[21:22:44] [main/DEBUG] (FabricLoader/Mixin) Mixin config fabric-dimensions-v1.mixins.json does not specify "minVersion" or "requiredFeatures" property
[21:22:44] [main/DEBUG] (FabricLoader/Mixin) Mixin config fabric-renderer-indigo.mixins.json does not specify "minVersion" or "requiredFeatures" property
[21:22:44] [main/DEBUG] (FabricLoader/Mixin) Compatibility level JAVA_17 specified by fabric-screen-handler-api-v1.mixins.json is higher than the maximum level supported by this version of mixin (JAVA_13).
[21:22:44] [main/DEBUG] (FabricLoader/Mixin) Mixin config fabric-screen-handler-api-v1.mixins.json does not specify "minVersion" or "requiredFeatures" property
[21:22:44] [main/DEBUG] (FabricLoader/Mixin) Compatibility level JAVA_17 specified by fabric-entity-events-v1.mixins.json is higher than the maximum level supported by this version of mixin (JAVA_13).
[21:22:44] [main/DEBUG] (FabricLoader/Mixin) Mixin config fabric-entity-events-v1.mixins.json does not specify "minVersion" or "requiredFeatures" property
[21:22:44] [main/DEBUG] (FabricLoader/Mixin) Compatibility level JAVA_17 specified by fabric-entity-events-v1.client.mixins.json is higher than the maximum level supported by this version of mixin (JAVA_13).
[21:22:44] [main/DEBUG] (FabricLoader/Mixin) Mixin config fabric-entity-events-v1.client.mixins.json does not specify "minVersion" or "requiredFeatures" property
[21:22:44] [main/DEBUG] (FabricLoader/Mixin) Compatibility level JAVA_17 specified by fabric-game-rule-api-v1.mixins.json is higher than the maximum level supported by this version of mixin (JAVA_13).
[21:22:44] [main/DEBUG] (FabricLoader/Mixin) Mixin config fabric-game-rule-api-v1.mixins.json does not specify "minVersion" or "requiredFeatures" property
[21:22:44] [main/DEBUG] (FabricLoader/Mixin) Compatibility level JAVA_17 specified by fabric-game-rule-api-v1.client.mixins.json is higher than the maximum level supported by this version of mixin (JAVA_13).
[21:22:44] [main/DEBUG] (FabricLoader/Mixin) Mixin config fabric-game-rule-api-v1.client.mixins.json does not specify "minVersion" or "requiredFeatures" property
[21:22:44] [main/DEBUG] (FabricLoader/Mixin) Compatibility level JAVA_17 specified by fabric-recipe-api-v1.mixins.json is higher than the maximum level supported by this version of mixin (JAVA_13).
[21:22:44] [main/DEBUG] (FabricLoader/Mixin) Mixin config fabric-recipe-api-v1.mixins.json does not specify "minVersion" or "requiredFeatures" property
[21:22:44] [main/DEBUG] (FabricLoader/Mixin) Compatibility level JAVA_17 specified by fabric-rendering-v1.mixins.json is higher than the maximum level supported by this version of mixin (JAVA_13).
[21:22:44] [main/DEBUG] (FabricLoader/Mixin) Mixin config fabric-rendering-v1.mixins.json does not specify "minVersion" or "requiredFeatures" property
[21:22:44] [main/DEBUG] (FabricLoader/Mixin) Compatibility level JAVA_17 specified by fabric-crash-report-info-v1.mixins.json is higher than the maximum level supported by this version of mixin (JAVA_13).
[21:22:44] [main/DEBUG] (FabricLoader/Mixin) Mixin config fabric-crash-report-info-v1.mixins.json does not specify "minVersion" or "requiredFeatures" property
[21:22:44] [main/DEBUG] (FabricLoader/Mixin) Mixin config stafftools.mixins.json does not specify "minVersion" or "requiredFeatures" property
[21:22:44] [main/DEBUG] (FabricLoader/Mixin) Mixin config stafftools.client.mixins.json does not specify "minVersion" or "requiredFeatures" property
[21:22:44] [main/DEBUG] (FabricLoader/Mixin) Compatibility level JAVA_17 specified by fabric-api-lookup-api-v1.mixins.json is higher than the maximum level supported by this version of mixin (JAVA_13).
[21:22:44] [main/DEBUG] (FabricLoader/Mixin) Mixin config fabric-api-lookup-api-v1.mixins.json does not specify "minVersion" or "requiredFeatures" property
[21:22:44] [main/DEBUG] (FabricLoader/Mixin) Compatibility level JAVA_17 specified by fabric-resource-conditions-api-v1.mixins.json is higher than the maximum level supported by this version of mixin (JAVA_13).
[21:22:44] [main/DEBUG] (FabricLoader/Mixin) Mixin config fabric-resource-conditions-api-v1.mixins.json does not specify "minVersion" or "requiredFeatures" property
[21:22:44] [main/DEBUG] (FabricLoader/Mixin) Compatibility level JAVA_17 specified by fabric-command-api-v2.mixins.json is higher than the maximum level supported by this version of mixin (JAVA_13).
[21:22:44] [main/DEBUG] (FabricLoader/Mixin) Mixin config fabric-command-api-v2.mixins.json does not specify "minVersion" or "requiredFeatures" property
[21:22:44] [main/DEBUG] (FabricLoader/Mixin) Compatibility level JAVA_17 specified by fabric-command-api-v2.client.mixins.json is higher than the maximum level supported by this version of mixin (JAVA_13).
[21:22:44] [main/DEBUG] (FabricLoader/Mixin) Mixin config fabric-command-api-v2.client.mixins.json does not specify "minVersion" or "requiredFeatures" property
[21:22:44] [main/DEBUG] (FabricLoader/Mixin) Compatibility level JAVA_17 specified by fabric-registry-sync-v0.mixins.json is higher than the maximum level supported by this version of mixin (JAVA_13).
[21:22:44] [main/DEBUG] (FabricLoader/Mixin) Mixin config fabric-registry-sync-v0.mixins.json does not specify "minVersion" or "requiredFeatures" property
[21:22:44] [main/DEBUG] (FabricLoader/Mixin) Compatibility level JAVA_17 specified by fabric-registry-sync-v0.client.mixins.json is higher than the maximum level supported by this version of mixin (JAVA_13).
[21:22:44] [main/DEBUG] (FabricLoader/Mixin) Mixin config fabric-registry-sync-v0.client.mixins.json does not specify "minVersion" or "requiredFeatures" property
[21:22:44] [main/DEBUG] (FabricLoader/Mixin) Compatibility level JAVA_17 specified by fabric-networking-api-v1.mixins.json is higher than the maximum level supported by this version of mixin (JAVA_13).
[21:22:44] [main/DEBUG] (FabricLoader/Mixin) Mixin config fabric-networking-api-v1.mixins.json does not specify "minVersion" or "requiredFeatures" property
[21:22:44] [main/DEBUG] (FabricLoader/Mixin) Compatibility level JAVA_17 specified by fabric-networking-api-v1.client.mixins.json is higher than the maximum level supported by this version of mixin (JAVA_13).
[21:22:44] [main/DEBUG] (FabricLoader/Mixin) Mixin config fabric-networking-api-v1.client.mixins.json does not specify "minVersion" or "requiredFeatures" property
[21:22:44] [main/DEBUG] (FabricLoader/Mixin) Compatibility level JAVA_17 specified by fabric-item-api-v1.mixins.json is higher than the maximum level supported by this version of mixin (JAVA_13).
[21:22:44] [main/DEBUG] (FabricLoader/Mixin) Mixin config fabric-item-api-v1.mixins.json does not specify "minVersion" or "requiredFeatures" property
[21:22:44] [main/DEBUG] (FabricLoader/Mixin) Compatibility level JAVA_17 specified by fabric-item-api-v1.client.mixins.json is higher than the maximum level supported by this version of mixin (JAVA_13).
[21:22:44] [main/DEBUG] (FabricLoader/Mixin) Mixin config fabric-item-api-v1.client.mixins.json does not specify "minVersion" or "requiredFeatures" property
[21:22:44] [main/DEBUG] (FabricLoader/Mixin) Compatibility level JAVA_17 specified by fabric-events-interaction-v0.mixins.json is higher than the maximum level supported by this version of mixin (JAVA_13).
[21:22:44] [main/DEBUG] (FabricLoader/Mixin) Mixin config fabric-events-interaction-v0.mixins.json does not specify "minVersion" or "requiredFeatures" property
[21:22:44] [main/DEBUG] (FabricLoader/Mixin) Compatibility level JAVA_17 specified by fabric-events-interaction-v0.client.mixins.json is higher than the maximum level supported by this version of mixin (JAVA_13).
[21:22:44] [main/DEBUG] (FabricLoader/Mixin) Mixin config fabric-events-interaction-v0.client.mixins.json does not specify "minVersion" or "requiredFeatures" property
[21:22:44] [main/DEBUG] (FabricLoader/Mixin) Compatibility level JAVA_17 specified by fabric-content-registries-v0.mixins.json is higher than the maximum level supported by this version of mixin (JAVA_13).
[21:22:44] [main/DEBUG] (FabricLoader/Mixin) Mixin config fabric-content-registries-v0.mixins.json does not specify "minVersion" or "requiredFeatures" property
[21:22:44] [main/DEBUG] (FabricLoader/Mixin) Compatibility level JAVA_17 specified by fabric-model-loading-api-v1.mixins.json is higher than the maximum level supported by this version of mixin (JAVA_13).
[21:22:44] [main/DEBUG] (FabricLoader/Mixin) Mixin config fabric-model-loading-api-v1.mixins.json does not specify "minVersion" or "requiredFeatures" property
[21:22:44] [main/DEBUG] (FabricLoader/Mixin) Compatibility level JAVA_17 specified by fabric-transfer-api-v1.mixins.json is higher than the maximum level supported by this version of mixin (JAVA_13).
[21:22:44] [main/DEBUG] (FabricLoader/Mixin) Mixin config fabric-transfer-api-v1.mixins.json does not specify "minVersion" or "requiredFeatures" property
[21:22:44] [main/DEBUG] (FabricLoader/Mixin) Compatibility level JAVA_17 specified by fabric-convention-tags-api-v2.mixins.json is higher than the maximum level supported by this version of mixin (JAVA_13).
[21:22:44] [main/DEBUG] (FabricLoader/Mixin) Mixin config fabric-convention-tags-api-v2.mixins.json does not specify "minVersion" or "requiredFeatures" property
[21:22:44] [main/DEBUG] (FabricLoader/Mixin) Compatibility level JAVA_17 specified by fabric-sound-api-v1.mixins.json is higher than the maximum level supported by this version of mixin (JAVA_13).
[21:22:44] [main/DEBUG] (FabricLoader/Mixin) Mixin config fabric-sound-api-v1.mixins.json does not specify "minVersion" or "requiredFeatures" property
[21:22:44] [main/DEBUG] (FabricLoader/Mixin) Compatibility level JAVA_17 specified by fabric-biome-api-v1.mixins.json is higher than the maximum level supported by this version of mixin (JAVA_13).
[21:22:44] [main/DEBUG] (FabricLoader/Mixin) Mixin config fabric-biome-api-v1.mixins.json does not specify "minVersion" or "requiredFeatures" property
[21:22:44] [main/DEBUG] (FabricLoader/Mixin) Compatibility level JAVA_17 specified by fabric-block-view-api-v2.mixins.json is higher than the maximum level supported by this version of mixin (JAVA_13).
[21:22:44] [main/DEBUG] (FabricLoader/Mixin) Mixin config fabric-block-view-api-v2.mixins.json does not specify "minVersion" or "requiredFeatures" property
[21:22:44] [main/DEBUG] (FabricLoader/Mixin) Compatibility level JAVA_17 specified by fabric-block-view-api-v2.client.mixins.json is higher than the maximum level supported by this version of mixin (JAVA_13).
[21:22:44] [main/DEBUG] (FabricLoader/Mixin) Mixin config fabric-block-view-api-v2.client.mixins.json does not specify "minVersion" or "requiredFeatures" property
[21:22:44] [main/DEBUG] (FabricLoader/Mixin) Compatibility level JAVA_17 specified by fabric-screen-api-v1.mixins.json is higher than the maximum level supported by this version of mixin (JAVA_13).
[21:22:44] [main/DEBUG] (FabricLoader/Mixin) Mixin config fabric-screen-api-v1.mixins.json does not specify "minVersion" or "requiredFeatures" property
[21:22:44] [main/DEBUG] (FabricLoader/Mixin) Mixin config fabric-tag-api-v1.mixins.json does not specify "minVersion" or "requiredFeatures" property
[21:22:44] [main/DEBUG] (FabricLoader/Mixin) Compatibility level JAVA_17 specified by fabric-loot-api-v3.mixins.json is higher than the maximum level supported by this version of mixin (JAVA_13).
[21:22:44] [main/DEBUG] (FabricLoader/Mixin) Mixin config fabric-loot-api-v3.mixins.json does not specify "minVersion" or "requiredFeatures" property
[21:22:44] [main/DEBUG] (FabricLoader/Mixin) Compatibility level JAVA_17 specified by fabric-resource-loader-v0.mixins.json is higher than the maximum level supported by this version of mixin (JAVA_13).
[21:22:44] [main/DEBUG] (FabricLoader/Mixin) Mixin config fabric-resource-loader-v0.mixins.json does not specify "minVersion" or "requiredFeatures" property
[21:22:44] [main/DEBUG] (FabricLoader/Mixin) Compatibility level JAVA_17 specified by fabric-resource-loader-v0.client.mixins.json is higher than the maximum level supported by this version of mixin (JAVA_13).
[21:22:44] [main/DEBUG] (FabricLoader/Mixin) Mixin config fabric-resource-loader-v0.client.mixins.json does not specify "minVersion" or "requiredFeatures" property
[21:22:44] [main/DEBUG] (FabricLoader/Knot) Adding F:\IdeaProjects\StaffTools\.gradle\loom-cache\minecraftMaven\net\minecraft\minecraft-clientOnly-9b5ff62f35\1.21.1-net.fabricmc.yarn.1_21_1.1.21.1+build.3-v2\minecraft-clientOnly-9b5ff62f35-1.21.1-net.fabricmc.yarn.1_21_1.1.21.1+build.3-v2.jar to classpath.
[21:22:44] [main/DEBUG] (FabricLoader/Knot) Adding F:\IdeaProjects\StaffTools\.gradle\loom-cache\minecraftMaven\net\minecraft\minecraft-common-9b5ff62f35\1.21.1-net.fabricmc.yarn.1_21_1.1.21.1+build.3-v2\minecraft-common-9b5ff62f35-1.21.1-net.fabricmc.yarn.1_21_1.1.21.1+build.3-v2.jar to classpath.
[21:22:44] [main/DEBUG] (FabricLoader/Knot) Adding F:\IdeaProjects\StaffTools\build\classes\java\client to classpath.
[21:22:44] [main/DEBUG] (FabricLoader/Knot) Adding F:\IdeaProjects\StaffTools\build\resources\client to classpath.
[21:22:44] [main/DEBUG] (FabricLoader/Knot) Adding C:\Users\Пользователь\.gradle\caches\fabric-loom\1.21.1\net.fabricmc.yarn.1_21_1.1.21.1+build.3-v2\mappings.jar to classpath.
[21:22:44] [main/DEBUG] (FabricLoader/Knot) Adding C:\Users\Пользователь\.gradle\caches\modules-2\files-2.1\io.github.llamalad7\mixinextras-fabric\0.5.4\5e167154bcb9942111313a5e186e16cd7265f858\mixinextras-fabric-0.5.4.jar to classpath.
[21:22:44] [main/DEBUG] (FabricLoader/Knot) Adding C:\Users\Пользователь\.gradle\caches\modules-2\files-2.1\net.fabricmc\dev-launch-injector\0.2.1+build.8\da8bef7e6e2f952da707f282bdb46882a0fce5e3\dev-launch-injector-0.2.1+build.8.jar to classpath.
[21:22:44] [main/DEBUG] (FabricLoader/Knot) Adding C:\Users\Пользователь\.gradle\caches\modules-2\files-2.1\com.github.oshi\oshi-core\6.4.10\b1d8ab82d11d92fd639b56d639f8f46f739dd5fa\oshi-core-6.4.10.jar to classpath.
[21:22:44] [main/DEBUG] (FabricLoader/Knot) Adding C:\Users\Пользователь\.gradle\caches\modules-2\files-2.1\com.google.guava\failureaccess\1.0.1\1dcf1de382a0bf95a3d8b0849546c88bac1292c9\failureaccess-1.0.1.jar to classpath.
[21:22:44] [main/DEBUG] (FabricLoader/Knot) Adding C:\Users\Пользователь\.gradle\caches\modules-2\files-2.1\com.google.guava\guava\32.1.2-jre\5e64ec7e056456bef3a4bc4c6fdaef71e8ab6318\guava-32.1.2-jre.jar to classpath.
[21:22:44] [main/DEBUG] (FabricLoader/Knot) Adding C:\Users\Пользователь\.gradle\caches\modules-2\files-2.1\com.ibm.icu\icu4j\73.2\61ad4ef7f9131fcf6d25c34b817f90d6da06c9e9\icu4j-73.2.jar to classpath.
[21:22:44] [main/DEBUG] (FabricLoader/Knot) Adding C:\Users\Пользователь\.gradle\caches\modules-2\files-2.1\com.mojang\blocklist\1.0.10\5c685c5ffa94c4cd39496c7184c1d122e515ecef\blocklist-1.0.10.jar to classpath.
[21:22:44] [main/DEBUG] (FabricLoader/Knot) Adding C:\Users\Пользователь\.gradle\caches\modules-2\files-2.1\com.mojang\brigadier\1.3.10\d15b53a14cf20fdcaa98f731af5dda654452c010\brigadier-1.3.10.jar to classpath.
[21:22:44] [main/DEBUG] (FabricLoader/Knot) Adding C:\Users\Пользователь\.gradle\caches\modules-2\files-2.1\com.mojang\datafixerupper\8.0.16\67d4de6d7f95d89bcf5862995fb854ebaec02a34\datafixerupper-8.0.16.jar to classpath.
[21:22:44] [main/DEBUG] (FabricLoader/Knot) Adding C:\Users\Пользователь\.gradle\caches\modules-2\files-2.1\com.mojang\patchy\2.2.10\da05971b07cbb379d002cf7eaec6a2048211fefc\patchy-2.2.10.jar to classpath.
[21:22:44] [main/DEBUG] (FabricLoader/Knot) Adding C:\Users\Пользователь\.gradle\caches\modules-2\files-2.1\com.mojang\text2speech\1.17.9\3cad216e3a7f0c19b4b394388bc9ffc446f13b14\text2speech-1.17.9.jar to classpath.
[21:22:44] [main/DEBUG] (FabricLoader/Knot) Adding C:\Users\Пользователь\.gradle\caches\modules-2\files-2.1\commons-codec\commons-codec\1.16.0\4e3eb3d79888d76b54e28b350915b5dc3919c9de\commons-codec-1.16.0.jar to classpath.
[21:22:44] [main/DEBUG] (FabricLoader/Knot) Adding C:\Users\Пользователь\.gradle\caches\modules-2\files-2.1\commons-io\commons-io\2.15.1\f11560da189ab563a5c8e351941415430e9304ea\commons-io-2.15.1.jar to classpath.
[21:22:44] [main/DEBUG] (FabricLoader/Knot) Adding C:\Users\Пользователь\.gradle\caches\modules-2\files-2.1\commons-logging\commons-logging\1.2\4bfc12adfe4842bf07b657f0369c4cb522955686\commons-logging-1.2.jar to classpath.
[21:22:44] [main/DEBUG] (FabricLoader/Knot) Adding C:\Users\Пользователь\.gradle\caches\modules-2\files-2.1\io.netty\netty-buffer\4.1.97.Final\f8f3d8644afa5e6e1a40a3a6aeb9d9aa970ecb4f\netty-buffer-4.1.97.Final.jar to classpath.
[21:22:44] [main/DEBUG] (FabricLoader/Knot) Adding C:\Users\Пользователь\.gradle\caches\modules-2\files-2.1\io.netty\netty-codec\4.1.97.Final\384ba4d75670befbedb45c4d3b497a93639c206d\netty-codec-4.1.97.Final.jar to classpath.
[21:22:44] [main/DEBUG] (FabricLoader/Knot) Adding C:\Users\Пользователь\.gradle\caches\modules-2\files-2.1\io.netty\netty-common\4.1.97.Final\7cceacaf11df8dc63f23d0fb58e9d4640fc88404\netty-common-4.1.97.Final.jar to classpath.
[21:22:44] [main/DEBUG] (FabricLoader/Knot) Adding C:\Users\Пользователь\.gradle\caches\modules-2\files-2.1\io.netty\netty-handler\4.1.97.Final\abb86c6906bf512bf2b797a41cd7d2e8d3cd7c36\netty-handler-4.1.97.Final.jar to classpath.
[21:22:44] [main/DEBUG] (FabricLoader/Knot) Adding C:\Users\Пользователь\.gradle\caches\modules-2\files-2.1\io.netty\netty-resolver\4.1.97.Final\cec8348108dc76c47cf87c669d514be52c922144\netty-resolver-4.1.97.Final.jar to classpath.
[21:22:44] [main/DEBUG] (FabricLoader/Knot) Adding C:\Users\Пользователь\.gradle\caches\modules-2\files-2.1\io.netty\netty-transport-classes-epoll\4.1.97.Final\795da37ded759e862457a82d9d92c4d39ce8ecee\netty-transport-classes-epoll-4.1.97.Final.jar to classpath.
[21:22:44] [main/DEBUG] (FabricLoader/Knot) Adding C:\Users\Пользователь\.gradle\caches\modules-2\files-2.1\io.netty\netty-transport-native-unix-common\4.1.97.Final\d469d84265ab70095b01b40886cabdd433b6e664\netty-transport-native-unix-common-4.1.97.Final.jar to classpath.
[21:22:44] [main/DEBUG] (FabricLoader/Knot) Adding C:\Users\Пользователь\.gradle\caches\modules-2\files-2.1\io.netty\netty-transport\4.1.97.Final\f37380d23c9bb079bc702910833b2fd532c9abd0\netty-transport-4.1.97.Final.jar to classpath.
[21:22:44] [main/DEBUG] (FabricLoader/Knot) Adding C:\Users\Пользователь\.gradle\caches\modules-2\files-2.1\it.unimi.dsi\fastutil\8.5.12\c24946d46824bd528054bface3231d2ecb7e95e8\fastutil-8.5.12.jar to classpath.
[21:22:44] [main/DEBUG] (FabricLoader/Knot) Adding C:\Users\Пользователь\.gradle\caches\modules-2\files-2.1\net.java.dev.jna\jna-platform\5.14.0\28934d48aed814f11e4c584da55c49fa7032b31b\jna-platform-5.14.0.jar to classpath.
[21:22:44] [main/DEBUG] (FabricLoader/Knot) Adding C:\Users\Пользователь\.gradle\caches\modules-2\files-2.1\net.java.dev.jna\jna\5.14.0\67bf3eaea4f0718cb376a181a629e5f88fa1c9dd\jna-5.14.0.jar to classpath.
[21:22:44] [main/DEBUG] (FabricLoader/Knot) Adding C:\Users\Пользователь\.gradle\caches\modules-2\files-2.1\net.sf.jopt-simple\jopt-simple\5.0.4\4fdac2fbe92dfad86aa6e9301736f6b4342a3f5c\jopt-simple-5.0.4.jar to classpath.
[21:22:44] [main/DEBUG] (FabricLoader/Knot) Adding C:\Users\Пользователь\.gradle\caches\modules-2\files-2.1\org.apache.commons\commons-compress\1.26.0\659feffdd12280201c8aacb8f7be94f9a883c824\commons-compress-1.26.0.jar to classpath.
[21:22:44] [main/DEBUG] (FabricLoader/Knot) Adding C:\Users\Пользователь\.gradle\caches\modules-2\files-2.1\org.apache.commons\commons-lang3\3.14.0\1ed471194b02f2c6cb734a0cd6f6f107c673afae\commons-lang3-3.14.0.jar to classpath.
[21:22:44] [main/DEBUG] (FabricLoader/Knot) Adding C:\Users\Пользователь\.gradle\caches\modules-2\files-2.1\org.apache.httpcomponents\httpclient\4.5.13\e5f6cae5ca7ecaac1ec2827a9e2d65ae2869cada\httpclient-4.5.13.jar to classpath.
[21:22:44] [main/DEBUG] (FabricLoader/Knot) Adding C:\Users\Пользователь\.gradle\caches\modules-2\files-2.1\org.apache.httpcomponents\httpcore\4.4.16\51cf043c87253c9f58b539c9f7e44c8894223850\httpcore-4.4.16.jar to classpath.
[21:22:44] [main/DEBUG] (FabricLoader/Knot) Adding C:\Users\Пользователь\.gradle\caches\modules-2\files-2.1\org.jcraft\jorbis\0.0.17\8872d22b293e8f5d7d56ff92be966e6dc28ebdc6\jorbis-0.0.17.jar to classpath.
[21:22:44] [main/DEBUG] (FabricLoader/Knot) Adding C:\Users\Пользователь\.gradle\caches\modules-2\files-2.1\org.joml\joml\1.10.5\22566d58af70ad3d72308bab63b8339906deb649\joml-1.10.5.jar to classpath.
[21:22:44] [main/DEBUG] (FabricLoader/Knot) Adding C:\Users\Пользователь\.gradle\caches\modules-2\files-2.1\org.lwjgl\lwjgl-freetype\3.3.3\a0db6c84a8becc8ca05f9dbfa985edc348a824c7\lwjgl-freetype-3.3.3.jar to classpath.
[21:22:44] [main/DEBUG] (FabricLoader/Knot) Adding C:\Users\Пользователь\.gradle\caches\modules-2\files-2.1\org.lwjgl\lwjgl-freetype\3.3.3\81091b006dbb43fab04c8c638e9ac87c51b4096d\lwjgl-freetype-3.3.3-natives-windows.jar to classpath.
[21:22:44] [main/DEBUG] (FabricLoader/Knot) Adding C:\Users\Пользователь\.gradle\caches\modules-2\files-2.1\org.lwjgl\lwjgl-freetype\3.3.3\82028265a0a2ff33523ca75137ada7dc176e5210\lwjgl-freetype-3.3.3-natives-windows-arm64.jar to classpath.
[21:22:44] [main/DEBUG] (FabricLoader/Knot) Adding C:\Users\Пользователь\.gradle\caches\modules-2\files-2.1\org.lwjgl\lwjgl-freetype\3.3.3\15a8c1de7f51d07a92eae7ce1222557073a0c0c3\lwjgl-freetype-3.3.3-natives-windows-x86.jar to classpath.
[21:22:44] [main/DEBUG] (FabricLoader/Knot) Adding C:\Users\Пользователь\.gradle\caches\modules-2\files-2.1\org.lwjgl\lwjgl-glfw\3.3.3\efa1eb78c5ccd840e9f329717109b5e892d72f8e\lwjgl-glfw-3.3.3.jar to classpath.
[21:22:44] [main/DEBUG] (FabricLoader/Knot) Adding C:\Users\Пользователь\.gradle\caches\modules-2\files-2.1\org.lwjgl\lwjgl-glfw\3.3.3\e449e28b4891fc423c54c85fbc5bb0b9efece67a\lwjgl-glfw-3.3.3-natives-windows.jar to classpath.
[21:22:44] [main/DEBUG] (FabricLoader/Knot) Adding C:\Users\Пользователь\.gradle\caches\modules-2\files-2.1\org.lwjgl\lwjgl-glfw\3.3.3\f27018dc74f6289574502b46cce55d52817554e2\lwjgl-glfw-3.3.3-natives-windows-arm64.jar to classpath.
[21:22:44] [main/DEBUG] (FabricLoader/Knot) Adding C:\Users\Пользователь\.gradle\caches\modules-2\files-2.1\org.lwjgl\lwjgl-glfw\3.3.3\32334f3fd5270a59bad9939a93115acb6de36dcf\lwjgl-glfw-3.3.3-natives-windows-x86.jar to classpath.
[21:22:44] [main/DEBUG] (FabricLoader/Knot) Adding C:\Users\Пользователь\.gradle\caches\modules-2\files-2.1\org.lwjgl\lwjgl-jemalloc\3.3.3\b543467b7ff3c6920539a88ee602d34098628be5\lwjgl-jemalloc-3.3.3.jar to classpath.
[21:22:44] [main/DEBUG] (FabricLoader/Knot) Adding C:\Users\Пользователь\.gradle\caches\modules-2\files-2.1\org.lwjgl\lwjgl-jemalloc\3.3.3\426222fc027602a5f21b9c0fe79cde6a4c7a011f\lwjgl-jemalloc-3.3.3-natives-windows.jar to classpath.
[21:22:44] [main/DEBUG] (FabricLoader/Knot) Adding C:\Users\Пользователь\.gradle\caches\modules-2\files-2.1\org.lwjgl\lwjgl-jemalloc\3.3.3\ba1f3fed0ee4be0217eaa41c5bbfb4b9b1383c33\lwjgl-jemalloc-3.3.3-natives-windows-arm64.jar to classpath.
[21:22:44] [main/DEBUG] (FabricLoader/Knot) Adding C:\Users\Пользователь\.gradle\caches\modules-2\files-2.1\org.lwjgl\lwjgl-jemalloc\3.3.3\f6063b6e0f23be483c5c88d84ce51b39dc69126c\lwjgl-jemalloc-3.3.3-natives-windows-x86.jar to classpath.
[21:22:44] [main/DEBUG] (FabricLoader/Knot) Adding C:\Users\Пользователь\.gradle\caches\modules-2\files-2.1\org.lwjgl\lwjgl-openal\3.3.3\daada81ceb5fc0c291fbfdd4433cb8d9423577f2\lwjgl-openal-3.3.3.jar to classpath.
[21:22:44] [main/DEBUG] (FabricLoader/Knot) Adding C:\Users\Пользователь\.gradle\caches\modules-2\files-2.1\org.lwjgl\lwjgl-openal\3.3.3\cf83862ae95d98496b26915024c7e666d8ab1c8f\lwjgl-openal-3.3.3-natives-windows.jar to classpath.
[21:22:44] [main/DEBUG] (FabricLoader/Knot) Adding C:\Users\Пользователь\.gradle\caches\modules-2\files-2.1\org.lwjgl\lwjgl-openal\3.3.3\8e0615235116b9e4160dfe87bec90f5f6378bf72\lwjgl-openal-3.3.3-natives-windows-arm64.jar to classpath.
[21:22:44] [main/DEBUG] (FabricLoader/Knot) Adding C:\Users\Пользователь\.gradle\caches\modules-2\files-2.1\org.lwjgl\lwjgl-openal\3.3.3\87b8d5050e3adb46bb58fe1cb2669a4a48fce10d\lwjgl-openal-3.3.3-natives-windows-x86.jar to classpath.
[21:22:44] [main/DEBUG] (FabricLoader/Knot) Adding C:\Users\Пользователь\.gradle\caches\modules-2\files-2.1\org.lwjgl\lwjgl-opengl\3.3.3\2f6b0147078396a58979125a4c947664e98293a\lwjgl-opengl-3.3.3.jar to classpath.
[21:22:44] [main/DEBUG] (FabricLoader/Knot) Adding C:\Users\Пользователь\.gradle\caches\modules-2\files-2.1\org.lwjgl\lwjgl-opengl\3.3.3\e6c1eec8be8a71951b830a4d69efc01c6531900c\lwjgl-opengl-3.3.3-natives-windows.jar to classpath.
[21:22:44] [main/DEBUG] (FabricLoader/Knot) Adding C:\Users\Пользователь\.gradle\caches\modules-2\files-2.1\org.lwjgl\lwjgl-opengl\3.3.3\65e956d3735a1abdc82eff4baec1b61174697d4b\lwjgl-opengl-3.3.3-natives-windows-arm64.jar to classpath.
[21:22:44] [main/DEBUG] (FabricLoader/Knot) Adding C:\Users\Пользователь\.gradle\caches\modules-2\files-2.1\org.lwjgl\lwjgl-opengl\3.3.3\d32d833dcaa2f355a886eaf21f0408b5f03241d\lwjgl-opengl-3.3.3-natives-windows-x86.jar to classpath.
[21:22:44] [main/DEBUG] (FabricLoader/Knot) Adding C:\Users\Пользователь\.gradle\caches\modules-2\files-2.1\org.lwjgl\lwjgl-stb\3.3.3\25dd6161988d7e65f71d5065c99902402ee32746\lwjgl-stb-3.3.3.jar to classpath.
[21:22:44] [main/DEBUG] (FabricLoader/Knot) Adding C:\Users\Пользователь\.gradle\caches\modules-2\files-2.1\org.lwjgl\lwjgl-stb\3.3.3\1d9facdf6541de114b0f963be33505b7679c78cb\lwjgl-stb-3.3.3-natives-windows.jar to classpath.
[21:22:44] [main/DEBUG] (FabricLoader/Knot) Adding C:\Users\Пользователь\.gradle\caches\modules-2\files-2.1\org.lwjgl\lwjgl-stb\3.3.3\a584ab44de569708871f0a79561f4d8c37487f2c\lwjgl-stb-3.3.3-natives-windows-arm64.jar to classpath.
[21:22:44] [main/DEBUG] (FabricLoader/Knot) Adding C:\Users\Пользователь\.gradle\caches\modules-2\files-2.1\org.lwjgl\lwjgl-stb\3.3.3\b5c874687b9aac1a936501d4ed2c49567fd1b575\lwjgl-stb-3.3.3-natives-windows-x86.jar to classpath.
[21:22:44] [main/DEBUG] (FabricLoader/Knot) Adding C:\Users\Пользователь\.gradle\caches\modules-2\files-2.1\org.lwjgl\lwjgl-tinyfd\3.3.3\82d755ca94b102e9ca77283b9e2dc46d1b15fbe5\lwjgl-tinyfd-3.3.3.jar to classpath.
[21:22:44] [main/DEBUG] (FabricLoader/Knot) Adding C:\Users\Пользователь\.gradle\caches\modules-2\files-2.1\org.lwjgl\lwjgl-tinyfd\3.3.3\a6697981b0449a5087c1d546fc08b4f73e8f98c9\lwjgl-tinyfd-3.3.3-natives-windows.jar to classpath.
[21:22:44] [main/DEBUG] (FabricLoader/Knot) Adding C:\Users\Пользователь\.gradle\caches\modules-2\files-2.1\org.lwjgl\lwjgl-tinyfd\3.3.3\a88c494f3006eb91a7433b12a3a55a9a6c20788b\lwjgl-tinyfd-3.3.3-natives-windows-arm64.jar to classpath.
[21:22:44] [main/DEBUG] (FabricLoader/Knot) Adding C:\Users\Пользователь\.gradle\caches\modules-2\files-2.1\org.lwjgl\lwjgl-tinyfd\3.3.3\c336c84ee88cccb495c6ffa112395509e7378e8a\lwjgl-tinyfd-3.3.3-natives-windows-x86.jar to classpath.
[21:22:44] [main/DEBUG] (FabricLoader/Knot) Adding C:\Users\Пользователь\.gradle\caches\modules-2\files-2.1\org.lwjgl\lwjgl\3.3.3\29589b5f87ed335a6c7e7ee6a5775f81f97ecb84\lwjgl-3.3.3.jar to classpath.
[21:22:44] [main/DEBUG] (FabricLoader/Knot) Adding C:\Users\Пользователь\.gradle\caches\modules-2\files-2.1\org.lwjgl\lwjgl\3.3.3\a5ed18a2b82fc91b81f40d717cb1f64c9dcb0540\lwjgl-3.3.3-natives-windows.jar to classpath.
[21:22:44] [main/DEBUG] (FabricLoader/Knot) Adding C:\Users\Пользователь\.gradle\caches\modules-2\files-2.1\org.lwjgl\lwjgl\3.3.3\e9aca8c5479b520a2a7f0d542a118140e812c5e8\lwjgl-3.3.3-natives-windows-arm64.jar to classpath.
[21:22:44] [main/DEBUG] (FabricLoader/Knot) Adding C:\Users\Пользователь\.gradle\caches\modules-2\files-2.1\org.lwjgl\lwjgl\3.3.3\9e670718e050aeaeea0c2d5b907cffb142f2e58f\lwjgl-3.3.3-natives-windows-x86.jar to classpath.
[21:22:44] [main/DEBUG] (FabricLoader/Knot) Adding C:\Users\Пользователь\.gradle\caches\modules-2\files-2.1\org.lz4\lz4-java\1.8.0\4b986a99445e49ea5fbf5d149c4b63f6ed6c6780\lz4-java-1.8.0.jar to classpath.
[21:22:44] [main/DEBUG] (FabricLoader/Knot) Adding F:\IdeaProjects\StaffTools\.gradle\loom-cache\minecraftMaven\net\minecraft\minecraft-clientOnly-9b5ff62f35\1.21.1-net.fabricmc.yarn.1_21_1.1.21.1+build.3-v2\minecraft-clientOnly-9b5ff62f35-1.21.1-net.fabricmc.yarn.1_21_1.1.21.1+build.3-v2.jar to classpath.
[21:22:44] [main/DEBUG] (FabricLoader/Knot) Adding F:\IdeaProjects\StaffTools\.gradle\loom-cache\minecraftMaven\net\minecraft\minecraft-common-9b5ff62f35\1.21.1-net.fabricmc.yarn.1_21_1.1.21.1+build.3-v2\minecraft-common-9b5ff62f35-1.21.1-net.fabricmc.yarn.1_21_1.1.21.1+build.3-v2.jar to classpath.
[21:22:44] [main/DEBUG] (FabricLoader/Knot) Adding C:\Users\Пользователь\.gradle\caches\modules-2\files-2.1\io.netty\netty-transport-native-epoll\4.1.97.Final\54188f271e388e7f313aea995e82f58ce2cdb809\netty-transport-native-epoll-4.1.97.Final-linux-x86_64.jar to classpath.
[21:22:44] [main/DEBUG] (FabricLoader/Knot) Adding C:\Users\Пользователь\.gradle\caches\modules-2\files-2.1\io.netty\netty-transport-native-epoll\4.1.97.Final\5514744c588190ffda076b35a9b8c9f24946a960\netty-transport-native-epoll-4.1.97.Final-linux-aarch_64.jar to classpath.
[21:22:44] [main/DEBUG] (FabricLoader/Knot) Adding F:\IdeaProjects\StaffTools\.gradle\loom-cache\remapped_mods\remapped\net\fabricmc\fabric-api\fabric-transfer-api-v1-652de5e3-client\5.4.4+7b3d111d19\fabric-transfer-api-v1-652de5e3-client-5.4.4+7b3d111d19.jar to classpath.
[21:22:44] [main/DEBUG] (FabricLoader/Knot) Adding F:\IdeaProjects\StaffTools\.gradle\loom-cache\remapped_mods\remapped\net\fabricmc\fabric-api\fabric-blockrenderlayer-v1-652de5e3-client\1.1.52+0af3f5a719\fabric-blockrenderlayer-v1-652de5e3-client-1.1.52+0af3f5a719.jar to classpath.
[21:22:44] [main/DEBUG] (FabricLoader/Knot) Adding F:\IdeaProjects\StaffTools\.gradle\loom-cache\remapped_mods\remapped\net\fabricmc\fabric-api\fabric-client-tags-api-v1-652de5e3-client\1.2.0+1eb36c0719\fabric-client-tags-api-v1-652de5e3-client-1.2.0+1eb36c0719.jar to classpath.
[21:22:44] [main/DEBUG] (FabricLoader/Knot) Adding F:\IdeaProjects\StaffTools\.gradle\loom-cache\remapped_mods\remapped\net\fabricmc\fabric-api\fabric-command-api-v2-652de5e3-client\2.2.28+6ced4dd919\fabric-command-api-v2-652de5e3-client-2.2.28+6ced4dd919.jar to classpath.
[21:22:44] [main/DEBUG] (FabricLoader/Knot) Adding F:\IdeaProjects\StaffTools\.gradle\loom-cache\remapped_mods\remapped\net\fabricmc\fabric-api\fabric-data-generation-api-v1-652de5e3-client\20.3.0+1eb36c0719\fabric-data-generation-api-v1-652de5e3-client-20.3.0+1eb36c0719.jar to classpath.
[21:22:44] [main/DEBUG] (FabricLoader/Knot) Adding F:\IdeaProjects\StaffTools\.gradle\loom-cache\remapped_mods\remapped\net\fabricmc\fabric-api\fabric-data-attachment-api-v1-652de5e3-client\1.4.7+5b36e0f719\fabric-data-attachment-api-v1-652de5e3-client-1.4.7+5b36e0f719.jar to classpath.
[21:22:44] [main/DEBUG] (FabricLoader/Knot) Adding F:\IdeaProjects\StaffTools\.gradle\loom-cache\remapped_mods\remapped\net\fabricmc\fabric-api\fabric-entity-events-v1-652de5e3-client\1.8.0+2b27e0a419\fabric-entity-events-v1-652de5e3-client-1.8.0+2b27e0a419.jar to classpath.
[21:22:44] [main/DEBUG] (FabricLoader/Knot) Adding F:\IdeaProjects\StaffTools\.gradle\loom-cache\remapped_mods\remapped\net\fabricmc\fabric-api\fabric-events-interaction-v0-652de5e3-client\0.7.14+ba9dae0619\fabric-events-interaction-v0-652de5e3-client-0.7.14+ba9dae0619.jar to classpath.
[21:22:44] [main/DEBUG] (FabricLoader/Knot) Adding F:\IdeaProjects\StaffTools\.gradle\loom-cache\remapped_mods\remapped\net\fabricmc\fabric-api\fabric-item-api-v1-652de5e3-client\11.3.0+467044f319\fabric-item-api-v1-652de5e3-client-11.3.0+467044f319.jar to classpath.
[21:22:44] [main/DEBUG] (FabricLoader/Knot) Adding F:\IdeaProjects\StaffTools\.gradle\loom-cache\remapped_mods\remapped\net\fabricmc\fabric-api\fabric-item-group-api-v1-652de5e3-client\4.1.7+def88e3a19\fabric-item-group-api-v1-652de5e3-client-4.1.7+def88e3a19.jar to classpath.
[21:22:44] [main/DEBUG] (FabricLoader/Knot) Adding F:\IdeaProjects\StaffTools\.gradle\loom-cache\remapped_mods\remapped\net\fabricmc\fabric-api\fabric-lifecycle-events-v1-652de5e3-client\2.6.0+0865547519\fabric-lifecycle-events-v1-652de5e3-client-2.6.0+0865547519.jar to classpath.
[21:22:44] [main/DEBUG] (FabricLoader/Knot) Adding F:\IdeaProjects\StaffTools\.gradle\loom-cache\remapped_mods\remapped\net\fabricmc\fabric-api\fabric-message-api-v1-652de5e3-client\6.0.14+8aaf3aca19\fabric-message-api-v1-652de5e3-client-6.0.14+8aaf3aca19.jar to classpath.
[21:22:44] [main/DEBUG] (FabricLoader/Knot) Adding F:\IdeaProjects\StaffTools\.gradle\loom-cache\remapped_mods\remapped\net\fabricmc\fabric-api\fabric-model-loading-api-v1-652de5e3-client\2.1.0+b4d813fc19\fabric-model-loading-api-v1-652de5e3-client-2.1.0+b4d813fc19.jar to classpath.
[21:22:44] [main/DEBUG] (FabricLoader/Knot) Adding F:\IdeaProjects\StaffTools\.gradle\loom-cache\remapped_mods\remapped\net\fabricmc\fabric-api\fabric-recipe-api-v1-652de5e3-client\5.0.16+2475392c19\fabric-recipe-api-v1-652de5e3-client-5.0.16+2475392c19.jar to classpath.
[21:22:44] [main/DEBUG] (FabricLoader/Knot) Adding F:\IdeaProjects\StaffTools\.gradle\loom-cache\remapped_mods\remapped\net\fabricmc\fabric-api\fabric-screen-handler-api-v1-652de5e3-client\1.3.91+b559734419\fabric-screen-handler-api-v1-652de5e3-client-1.3.91+b559734419.jar to classpath.
[21:22:44] [main/DEBUG] (FabricLoader/Knot) Adding F:\IdeaProjects\StaffTools\.gradle\loom-cache\remapped_mods\remapped\net\fabricmc\fabric-api\fabric-registry-sync-v0-652de5e3-client\5.3.2+e3eddc2119\fabric-registry-sync-v0-652de5e3-client-5.3.2+e3eddc2119.jar to classpath.
[21:22:44] [main/DEBUG] (FabricLoader/Knot) Adding F:\IdeaProjects\StaffTools\.gradle\loom-cache\remapped_mods\remapped\net\fabricmc\fabric-api\fabric-networking-api-v1-652de5e3-client\4.3.1+d30f6a7919\fabric-networking-api-v1-652de5e3-client-4.3.1+d30f6a7919.jar to classpath.
[21:22:44] [main/DEBUG] (FabricLoader/Knot) Adding F:\IdeaProjects\StaffTools\.gradle\loom-cache\remapped_mods\remapped\net\fabricmc\fabric-api\fabric-object-builder-api-v1-652de5e3-client\15.2.1+40875a9319\fabric-object-builder-api-v1-652de5e3-client-15.2.1+40875a9319.jar to classpath.
[21:22:44] [main/DEBUG] (FabricLoader/Knot) Adding F:\IdeaProjects\StaffTools\.gradle\loom-cache\remapped_mods\remapped\net\fabricmc\fabric-api\fabric-particles-v1-652de5e3-client\4.0.2+6573ed8c19\fabric-particles-v1-652de5e3-client-4.0.2+6573ed8c19.jar to classpath.
[21:22:44] [main/DEBUG] (FabricLoader/Knot) Adding F:\IdeaProjects\StaffTools\.gradle\loom-cache\remapped_mods\remapped\net\fabricmc\fabric-api\fabric-renderer-indigo-652de5e3-client\1.7.1+c705a49c19\fabric-renderer-indigo-652de5e3-client-1.7.1+c705a49c19.jar to classpath.
[21:22:44] [main/DEBUG] (FabricLoader/Knot) Adding F:\IdeaProjects\StaffTools\.gradle\loom-cache\remapped_mods\remapped\net\fabricmc\fabric-api\fabric-renderer-api-v1-652de5e3-client\3.4.1+b4d813fc19\fabric-renderer-api-v1-652de5e3-client-3.4.1+b4d813fc19.jar to classpath.
[21:22:44] [main/DEBUG] (FabricLoader/Knot) Adding F:\IdeaProjects\StaffTools\.gradle\loom-cache\remapped_mods\remapped\net\fabricmc\fabric-api\fabric-rendering-fluids-v1-652de5e3-client\3.1.6+1daea21519\fabric-rendering-fluids-v1-652de5e3-client-3.1.6+1daea21519.jar to classpath.
[21:22:44] [main/DEBUG] (FabricLoader/Knot) Adding F:\IdeaProjects\StaffTools\.gradle\loom-cache\remapped_mods\remapped\net\fabricmc\fabric-api\fabric-renderer-registries-v1-652de5e3-client\3.2.69+df3654b319\fabric-renderer-registries-v1-652de5e3-client-3.2.69+df3654b319.jar to classpath.
[21:22:44] [main/DEBUG] (FabricLoader/Knot) Adding F:\IdeaProjects\StaffTools\.gradle\loom-cache\remapped_mods\remapped\net\fabricmc\fabric-api\fabric-rendering-v0-652de5e3-client\1.1.72+df3654b319\fabric-rendering-v0-652de5e3-client-1.1.72+df3654b319.jar to classpath.
[21:22:44] [main/DEBUG] (FabricLoader/Knot) Adding F:\IdeaProjects\StaffTools\.gradle\loom-cache\remapped_mods\remapped\net\fabricmc\fabric-api\fabric-rendering-v1-652de5e3-client\5.1.0+ab4c25a019\fabric-rendering-v1-652de5e3-client-5.1.0+ab4c25a019.jar to classpath.
[21:22:44] [main/DEBUG] (FabricLoader/Knot) Adding F:\IdeaProjects\StaffTools\.gradle\loom-cache\remapped_mods\remapped\net\fabricmc\fabric-api\fabric-screen-api-v1-652de5e3-client\2.0.26+639b4c0719\fabric-screen-api-v1-652de5e3-client-2.0.26+639b4c0719.jar to classpath.
[21:22:44] [main/DEBUG] (FabricLoader/Knot) Adding F:\IdeaProjects\StaffTools\.gradle\loom-cache\remapped_mods\remapped\net\fabricmc\fabric-api\fabric-rendering-data-attachment-v1-652de5e3-client\0.3.49+73761d2e19\fabric-rendering-data-attachment-v1-652de5e3-client-0.3.49+73761d2e19.jar to classpath.
[21:22:44] [main/DEBUG] (FabricLoader/Knot) Adding F:\IdeaProjects\StaffTools\.gradle\loom-cache\remapped_mods\remapped\net\fabricmc\fabric-api\fabric-block-view-api-v2-652de5e3-client\1.0.11+ebb2264e19\fabric-block-view-api-v2-652de5e3-client-1.0.11+ebb2264e19.jar to classpath.
[21:22:44] [main/DEBUG] (FabricLoader/Knot) Adding F:\IdeaProjects\StaffTools\.gradle\loom-cache\remapped_mods\remapped\net\fabricmc\fabric-api\fabric-game-rule-api-v1-652de5e3-client\1.0.53+6ced4dd919\fabric-game-rule-api-v1-652de5e3-client-1.0.53+6ced4dd919.jar to classpath.
[21:22:44] [main/DEBUG] (FabricLoader/Knot) Adding F:\IdeaProjects\StaffTools\.gradle\loom-cache\remapped_mods\remapped\net\fabricmc\fabric-api\fabric-keybindings-v0-652de5e3-client\0.2.45+df3654b319\fabric-keybindings-v0-652de5e3-client-0.2.45+df3654b319.jar to classpath.
[21:22:44] [main/DEBUG] (FabricLoader/Knot) Adding F:\IdeaProjects\StaffTools\.gradle\loom-cache\remapped_mods\remapped\net\fabricmc\fabric-api\fabric-key-binding-api-v1-652de5e3-client\1.0.47+0af3f5a719\fabric-key-binding-api-v1-652de5e3-client-1.0.47+0af3f5a719.jar to classpath.
[21:22:44] [main/DEBUG] (FabricLoader/Knot) Adding F:\IdeaProjects\StaffTools\.gradle\loom-cache\remapped_mods\remapped\net\fabricmc\fabric-api\fabric-resource-loader-v0-652de5e3-client\1.3.1+5b5275af19\fabric-resource-loader-v0-652de5e3-client-1.3.1+5b5275af19.jar to classpath.
[21:22:44] [main/DEBUG] (FabricLoader/Knot) Adding F:\IdeaProjects\StaffTools\.gradle\loom-cache\remapped_mods\remapped\net\fabricmc\fabric-api\fabric-sound-api-v1-652de5e3-client\1.0.23+6573ed8c19\fabric-sound-api-v1-652de5e3-client-1.0.23+6573ed8c19.jar to classpath.
[21:22:44] [main/DEBUG] (FabricLoader/Knot) Adding F:\IdeaProjects\StaffTools\.gradle\loom-cache\remapped_mods\remapped\net\fabricmc\fabric-api\fabric-api-652de5e3-common\0.116.15+1.21.1\fabric-api-652de5e3-common-0.116.15+1.21.1.jar to classpath.
[21:22:44] [main/DEBUG] (FabricLoader/Knot) Adding F:\IdeaProjects\StaffTools\.gradle\loom-cache\remapped_mods\remapped\net\fabricmc\fabric-api\fabric-transfer-api-v1-652de5e3-common\5.4.4+7b3d111d19\fabric-transfer-api-v1-652de5e3-common-5.4.4+7b3d111d19.jar to classpath.
[21:22:44] [main/DEBUG] (FabricLoader/Knot) Adding F:\IdeaProjects\StaffTools\.gradle\loom-cache\remapped_mods\remapped\net\fabricmc\fabric-api\fabric-api-lookup-api-v1-652de5e3-common\1.6.72+7b3d111d19\fabric-api-lookup-api-v1-652de5e3-common-1.6.72+7b3d111d19.jar to classpath.
[21:22:44] [main/DEBUG] (FabricLoader/Knot) Adding F:\IdeaProjects\StaffTools\.gradle\loom-cache\remapped_mods\remapped\net\fabricmc\fabric-api\fabric-command-api-v1-652de5e3-common\1.2.49+f71b366f19\fabric-command-api-v1-652de5e3-common-1.2.49+f71b366f19.jar to classpath.
[21:22:44] [main/DEBUG] (FabricLoader/Knot) Adding F:\IdeaProjects\StaffTools\.gradle\loom-cache\remapped_mods\remapped\net\fabricmc\fabric-api\fabric-commands-v0-652de5e3-common\0.2.66+df3654b319\fabric-commands-v0-652de5e3-common-0.2.66+df3654b319.jar to classpath.
[21:22:44] [main/DEBUG] (FabricLoader/Knot) Adding F:\IdeaProjects\StaffTools\.gradle\loom-cache\remapped_mods\remapped\net\fabricmc\fabric-api\fabric-command-api-v2-652de5e3-common\2.2.28+6ced4dd919\fabric-command-api-v2-652de5e3-common-2.2.28+6ced4dd919.jar to classpath.
[21:22:44] [main/DEBUG] (FabricLoader/Knot) Adding F:\IdeaProjects\StaffTools\.gradle\loom-cache\remapped_mods\remapped\net\fabricmc\fabric-api\fabric-content-registries-v0-652de5e3-common\8.0.19+b559734419\fabric-content-registries-v0-652de5e3-common-8.0.19+b559734419.jar to classpath.
[21:22:44] [main/DEBUG] (FabricLoader/Knot) Adding F:\IdeaProjects\StaffTools\.gradle\loom-cache\remapped_mods\remapped\net\fabricmc\fabric-api\fabric-data-generation-api-v1-652de5e3-common\20.3.0+1eb36c0719\fabric-data-generation-api-v1-652de5e3-common-20.3.0+1eb36c0719.jar to classpath.
[21:22:44] [main/DEBUG] (FabricLoader/Knot) Adding F:\IdeaProjects\StaffTools\.gradle\loom-cache\remapped_mods\remapped\net\fabricmc\fabric-api\fabric-convention-tags-v1-652de5e3-common\2.1.7+7f945d5b19\fabric-convention-tags-v1-652de5e3-common-2.1.7+7f945d5b19.jar to classpath.
[21:22:44] [main/DEBUG] (FabricLoader/Knot) Adding F:\IdeaProjects\StaffTools\.gradle\loom-cache\remapped_mods\remapped\net\fabricmc\fabric-api\fabric-convention-tags-v2-652de5e3-common\2.12.0+c3656daa19\fabric-convention-tags-v2-652de5e3-common-2.12.0+c3656daa19.jar to classpath.
[21:22:44] [main/DEBUG] (FabricLoader/Knot) Adding F:\IdeaProjects\StaffTools\.gradle\loom-cache\remapped_mods\remapped\net\fabricmc\fabric-api\fabric-data-attachment-api-v1-652de5e3-common\1.4.7+5b36e0f719\fabric-data-attachment-api-v1-652de5e3-common-1.4.7+5b36e0f719.jar to classpath.
[21:22:44] [main/DEBUG] (FabricLoader/Knot) Adding F:\IdeaProjects\StaffTools\.gradle\loom-cache\remapped_mods\remapped\net\fabricmc\fabric-api\fabric-entity-events-v1-652de5e3-common\1.8.0+2b27e0a419\fabric-entity-events-v1-652de5e3-common-1.8.0+2b27e0a419.jar to classpath.
[21:22:44] [main/DEBUG] (FabricLoader/Knot) Adding F:\IdeaProjects\StaffTools\.gradle\loom-cache\remapped_mods\remapped\net\fabricmc\fabric-api\fabric-events-interaction-v0-652de5e3-common\0.7.14+ba9dae0619\fabric-events-interaction-v0-652de5e3-common-0.7.14+ba9dae0619.jar to classpath.
[21:22:44] [main/DEBUG] (FabricLoader/Knot) Adding F:\IdeaProjects\StaffTools\.gradle\loom-cache\remapped_mods\remapped\net\fabricmc\fabric-api\fabric-gametest-api-v1-652de5e3-common\2.0.5+6fc22b9919\fabric-gametest-api-v1-652de5e3-common-2.0.5+6fc22b9919.jar to classpath.
[21:22:44] [main/DEBUG] (FabricLoader/Knot) Adding F:\IdeaProjects\StaffTools\.gradle\loom-cache\remapped_mods\remapped\net\fabricmc\fabric-api\fabric-item-api-v1-652de5e3-common\11.3.0+467044f319\fabric-item-api-v1-652de5e3-common-11.3.0+467044f319.jar to classpath.
[21:22:44] [main/DEBUG] (FabricLoader/Knot) Adding F:\IdeaProjects\StaffTools\.gradle\loom-cache\remapped_mods\remapped\net\fabricmc\fabric-api\fabric-item-group-api-v1-652de5e3-common\4.1.7+def88e3a19\fabric-item-group-api-v1-652de5e3-common-4.1.7+def88e3a19.jar to classpath.
[21:22:44] [main/DEBUG] (FabricLoader/Knot) Adding F:\IdeaProjects\StaffTools\.gradle\loom-cache\remapped_mods\remapped\net\fabricmc\fabric-api\fabric-lifecycle-events-v1-652de5e3-common\2.6.0+0865547519\fabric-lifecycle-events-v1-652de5e3-common-2.6.0+0865547519.jar to classpath.
[21:22:44] [main/DEBUG] (FabricLoader/Knot) Adding F:\IdeaProjects\StaffTools\.gradle\loom-cache\remapped_mods\remapped\net\fabricmc\fabric-api\fabric-loot-api-v2-652de5e3-common\3.0.15+3f89f5a519\fabric-loot-api-v2-652de5e3-common-3.0.15+3f89f5a519.jar to classpath.
[21:22:44] [main/DEBUG] (FabricLoader/Knot) Adding F:\IdeaProjects\StaffTools\.gradle\loom-cache\remapped_mods\remapped\net\fabricmc\fabric-api\fabric-loot-api-v3-652de5e3-common\1.0.3+3f89f5a519\fabric-loot-api-v3-652de5e3-common-1.0.3+3f89f5a519.jar to classpath.
[21:22:44] [main/DEBUG] (FabricLoader/Knot) Adding F:\IdeaProjects\StaffTools\.gradle\loom-cache\remapped_mods\remapped\net\fabricmc\fabric-api\fabric-message-api-v1-652de5e3-common\6.0.14+8aaf3aca19\fabric-message-api-v1-652de5e3-common-6.0.14+8aaf3aca19.jar to classpath.
[21:22:44] [main/DEBUG] (FabricLoader/Knot) Adding F:\IdeaProjects\StaffTools\.gradle\loom-cache\remapped_mods\remapped\net\fabricmc\fabric-api\fabric-recipe-api-v1-652de5e3-common\5.0.16+2475392c19\fabric-recipe-api-v1-652de5e3-common-5.0.16+2475392c19.jar to classpath.
[21:22:44] [main/DEBUG] (FabricLoader/Knot) Adding F:\IdeaProjects\StaffTools\.gradle\loom-cache\remapped_mods\remapped\net\fabricmc\fabric-api\fabric-screen-handler-api-v1-652de5e3-common\1.3.91+b559734419\fabric-screen-handler-api-v1-652de5e3-common-1.3.91+b559734419.jar to classpath.
[21:22:44] [main/DEBUG] (FabricLoader/Knot) Adding F:\IdeaProjects\StaffTools\.gradle\loom-cache\remapped_mods\remapped\net\fabricmc\fabric-api\fabric-registry-sync-v0-652de5e3-common\5.3.2+e3eddc2119\fabric-registry-sync-v0-652de5e3-common-5.3.2+e3eddc2119.jar to classpath.
[21:22:44] [main/DEBUG] (FabricLoader/Knot) Adding F:\IdeaProjects\StaffTools\.gradle\loom-cache\remapped_mods\remapped\net\fabricmc\fabric-api\fabric-networking-api-v1-652de5e3-common\4.3.1+d30f6a7919\fabric-networking-api-v1-652de5e3-common-4.3.1+d30f6a7919.jar to classpath.
[21:22:44] [main/DEBUG] (FabricLoader/Knot) Adding F:\IdeaProjects\StaffTools\.gradle\loom-cache\remapped_mods\remapped\net\fabricmc\fabric-api\fabric-object-builder-api-v1-652de5e3-common\15.2.1+40875a9319\fabric-object-builder-api-v1-652de5e3-common-15.2.1+40875a9319.jar to classpath.
[21:22:44] [main/DEBUG] (FabricLoader/Knot) Adding F:\IdeaProjects\StaffTools\.gradle\loom-cache\remapped_mods\remapped\net\fabricmc\fabric-api\fabric-particles-v1-652de5e3-common\4.0.2+6573ed8c19\fabric-particles-v1-652de5e3-common-4.0.2+6573ed8c19.jar to classpath.
[21:22:44] [main/DEBUG] (FabricLoader/Knot) Adding F:\IdeaProjects\StaffTools\.gradle\loom-cache\remapped_mods\remapped\net\fabricmc\fabric-api\fabric-rendering-fluids-v1-652de5e3-common\3.1.6+1daea21519\fabric-rendering-fluids-v1-652de5e3-common-3.1.6+1daea21519.jar to classpath.
[21:22:44] [main/DEBUG] (FabricLoader/Knot) Adding F:\IdeaProjects\StaffTools\.gradle\loom-cache\remapped_mods\remapped\net\fabricmc\fabric-api\fabric-tag-api-v1-652de5e3-common\1.3.0+1eb36c0719\fabric-tag-api-v1-652de5e3-common-1.3.0+1eb36c0719.jar to classpath.
[21:22:44] [main/DEBUG] (FabricLoader/Knot) Adding F:\IdeaProjects\StaffTools\.gradle\loom-cache\remapped_mods\remapped\net\fabricmc\fabric-api\fabric-api-base-652de5e3-common\0.4.42+6573ed8c19\fabric-api-base-652de5e3-common-0.4.42+6573ed8c19.jar to classpath.
[21:22:44] [main/DEBUG] (FabricLoader/Knot) Adding F:\IdeaProjects\StaffTools\.gradle\loom-cache\remapped_mods\remapped\net\fabricmc\fabric-api\fabric-biome-api-v1-652de5e3-common\13.0.31+d527f9fd19\fabric-biome-api-v1-652de5e3-common-13.0.31+d527f9fd19.jar to classpath.
[21:22:44] [main/DEBUG] (FabricLoader/Knot) Adding F:\IdeaProjects\StaffTools\.gradle\loom-cache\remapped_mods\remapped\net\fabricmc\fabric-api\fabric-block-api-v1-652de5e3-common\1.1.0+0bc3503219\fabric-block-api-v1-652de5e3-common-1.1.0+0bc3503219.jar to classpath.
[21:22:44] [main/DEBUG] (FabricLoader/Knot) Adding F:\IdeaProjects\StaffTools\.gradle\loom-cache\remapped_mods\remapped\net\fabricmc\fabric-api\fabric-rendering-data-attachment-v1-652de5e3-common\0.3.49+73761d2e19\fabric-rendering-data-attachment-v1-652de5e3-common-0.3.49+73761d2e19.jar to classpath.
[21:22:44] [main/DEBUG] (FabricLoader/Knot) Adding F:\IdeaProjects\StaffTools\.gradle\loom-cache\remapped_mods\remapped\net\fabricmc\fabric-api\fabric-block-view-api-v2-652de5e3-common\1.0.11+ebb2264e19\fabric-block-view-api-v2-652de5e3-common-1.0.11+ebb2264e19.jar to classpath.
[21:22:44] [main/DEBUG] (FabricLoader/Knot) Adding F:\IdeaProjects\StaffTools\.gradle\loom-cache\remapped_mods\remapped\net\fabricmc\fabric-api\fabric-crash-report-info-v1-652de5e3-common\0.2.29+0af3f5a719\fabric-crash-report-info-v1-652de5e3-common-0.2.29+0af3f5a719.jar to classpath.
[21:22:44] [main/DEBUG] (FabricLoader/Knot) Adding F:\IdeaProjects\StaffTools\.gradle\loom-cache\remapped_mods\remapped\net\fabricmc\fabric-api\fabric-dimensions-v1-652de5e3-common\4.0.1+65213ef819\fabric-dimensions-v1-652de5e3-common-4.0.1+65213ef819.jar to classpath.
[21:22:44] [main/DEBUG] (FabricLoader/Knot) Adding F:\IdeaProjects\StaffTools\.gradle\loom-cache\remapped_mods\remapped\net\fabricmc\fabric-api\fabric-game-rule-api-v1-652de5e3-common\1.0.53+6ced4dd919\fabric-game-rule-api-v1-652de5e3-common-1.0.53+6ced4dd919.jar to classpath.
[21:22:44] [main/DEBUG] (FabricLoader/Knot) Adding F:\IdeaProjects\StaffTools\.gradle\loom-cache\remapped_mods\remapped\net\fabricmc\fabric-api\fabric-resource-conditions-api-v1-652de5e3-common\4.3.0+8dc279b119\fabric-resource-conditions-api-v1-652de5e3-common-4.3.0+8dc279b119.jar to classpath.
[21:22:44] [main/DEBUG] (FabricLoader/Knot) Adding F:\IdeaProjects\StaffTools\.gradle\loom-cache\remapped_mods\remapped\net\fabricmc\fabric-api\fabric-resource-loader-v0-652de5e3-common\1.3.1+5b5275af19\fabric-resource-loader-v0-652de5e3-common-1.3.1+5b5275af19.jar to classpath.
[21:22:44] [main/DEBUG] (FabricLoader/Knot) Adding F:\IdeaProjects\StaffTools\.gradle\loom-cache\remapped_mods\remapped\net\fabricmc\fabric-api\fabric-transitive-access-wideners-v1-652de5e3-common\6.2.0+45b9699719\fabric-transitive-access-wideners-v1-652de5e3-common-6.2.0+45b9699719.jar to classpath.
[21:22:44] [main/DEBUG] (FabricLoader/Knot) Adding F:\IdeaProjects\StaffTools\build\classes\java\main to classpath.
[21:22:44] [main/DEBUG] (FabricLoader/Knot) Adding F:\IdeaProjects\StaffTools\build\resources\main to classpath.
[21:22:44] [main/DEBUG] (FabricLoader/Entrypoint) No subscribers for entrypoint 'preLaunch'
[21:22:44] [main/DEBUG] (FabricLoader/Mixin) Preparing mixins for MixinEnvironment[DEFAULT]
[21:22:44] [main/DEBUG] (FabricLoader/Mixin) Selecting config fabric-rendering-data-attachment-v1.mixins.json
[21:22:44] [main/DEBUG] (FabricLoader/Mixin) Remapping refMap fabric-rendering-data-attachment-v1-refmap.json using remapper chain
[21:22:44] [main/DEBUG] (FabricLoader/Mixin) Selecting config fabric-rendering-data-attachment-v1.client.mixins.json
[21:22:44] [main/DEBUG] (FabricLoader/Mixin) Remapping refMap client-fabric-rendering-data-attachment-v1-refmap.json using remapper chain
[21:22:44] [main/DEBUG] (FabricLoader/Mixin) Selecting config fabric-renderer-api-v1.mixins.json
[21:22:44] [main/DEBUG] (FabricLoader/Mixin) Remapping refMap client-fabric-renderer-api-v1-refmap.json using remapper chain
[21:22:44] [main/DEBUG] (FabricLoader/Mixin) Selecting config fabric-renderer-api-v1.debughud.mixins.json
[21:22:44] [main/DEBUG] (FabricLoader/Mixin) Remapping refMap client-fabric-renderer-api-v1-refmap.json using remapper chain
[21:22:44] [main/DEBUG] (FabricLoader/Mixin) Selecting config fabric-blockrenderlayer-v1.mixins.json
[21:22:44] [main/DEBUG] (FabricLoader/Mixin) Remapping refMap client-fabric-blockrenderlayer-v1-refmap.json using remapper chain
[21:22:44] [main/DEBUG] (FabricLoader/Mixin) Selecting config fabric-lifecycle-events-v1.mixins.json
[21:22:44] [main/DEBUG] (FabricLoader/Mixin) Remapping refMap fabric-lifecycle-events-v1-refmap.json using remapper chain
[21:22:44] [main/DEBUG] (FabricLoader/Mixin) Selecting config fabric-lifecycle-events-v1.client.mixins.json
[21:22:44] [main/DEBUG] (FabricLoader/Mixin) Remapping refMap client-fabric-lifecycle-events-v1-refmap.json using remapper chain
[21:22:44] [main/DEBUG] (FabricLoader/Mixin) Selecting config fabric-data-attachment-api-v1.mixins.json
[21:22:44] [main/DEBUG] (FabricLoader/Mixin) Remapping refMap fabric-data-attachment-api-v1-refmap.json using remapper chain
[21:22:44] [main/DEBUG] (FabricLoader/Mixin) Selecting config fabric-data-attachment-api-v1.client.mixins.json
[21:22:44] [main/DEBUG] (FabricLoader/Mixin) Remapping refMap client-fabric-data-attachment-api-v1-refmap.json using remapper chain
[21:22:44] [main/DEBUG] (FabricLoader/Mixin) Selecting config fabric-particles-v1.client.mixins.json
[21:22:44] [main/DEBUG] (FabricLoader/Mixin) Remapping refMap client-fabric-particles-v1-refmap.json using remapper chain
[21:22:44] [main/DEBUG] (FabricLoader/Mixin) Selecting config fabric-item-group-api-v1.mixins.json
[21:22:44] [main/DEBUG] (FabricLoader/Mixin) Remapping refMap fabric-item-group-api-v1-refmap.json using remapper chain
[21:22:44] [main/DEBUG] (FabricLoader/Mixin) Selecting config fabric-item-group-api-v1.client.mixins.json
[21:22:44] [main/DEBUG] (FabricLoader/Mixin) Remapping refMap client-fabric-item-group-api-v1-refmap.json using remapper chain
[21:22:44] [main/DEBUG] (FabricLoader/Mixin) Selecting config fabric-rendering-fluids-v1.mixins.json
[21:22:44] [main/DEBUG] (FabricLoader/Mixin) Remapping refMap client-fabric-rendering-fluids-v1-refmap.json using remapper chain
[21:22:44] [main/DEBUG] (FabricLoader/Mixin) Selecting config fabric-block-api-v1.mixins.json
[21:22:44] [main/DEBUG] (FabricLoader/Mixin) Remapping refMap fabric-block-api-v1-refmap.json using remapper chain
[21:22:44] [main/DEBUG] (FabricLoader/Mixin) Selecting config fabric-gametest-api-v1.mixins.json
[21:22:44] [main/DEBUG] (FabricLoader/Mixin) Remapping refMap fabric-gametest-api-v1-refmap.json using remapper chain
[21:22:44] [main/DEBUG] (FabricLoader/Mixin) Selecting config fabric-loot-api-v2.mixins.json
[21:22:44] [main/DEBUG] (FabricLoader/Mixin) Remapping refMap fabric-loot-api-v2-refmap.json using remapper chain
[21:22:44] [main/DEBUG] (FabricLoader/Mixin) Selecting config fabric-key-binding-api-v1.mixins.json
[21:22:44] [main/DEBUG] (FabricLoader/Mixin) Remapping refMap client-fabric-key-binding-api-v1-refmap.json using remapper chain
[21:22:44] [main/DEBUG] (FabricLoader/Mixin) Selecting config mixins.modmenu.json
[21:22:44] [main/DEBUG] (FabricLoader/Mixin) Remapping refMap modmenu-refmap.json using remapper chain
[21:22:44] [main/DEBUG] (FabricLoader/Mixin) Selecting config fabric-object-builder-v1.mixins.json
[21:22:44] [main/DEBUG] (FabricLoader/Mixin) Remapping refMap fabric-object-builder-api-v1-refmap.json using remapper chain
[21:22:44] [main/DEBUG] (FabricLoader/Mixin) Selecting config fabric-object-builder-v1.client.mixins.json
[21:22:44] [main/DEBUG] (FabricLoader/Mixin) Remapping refMap client-fabric-object-builder-api-v1-refmap.json using remapper chain
[21:22:44] [main/DEBUG] (FabricLoader/Mixin) Selecting config fabric-message-api-v1.mixins.json
[21:22:44] [main/DEBUG] (FabricLoader/Mixin) Remapping refMap fabric-message-api-v1-refmap.json using remapper chain
[21:22:44] [main/DEBUG] (FabricLoader/Mixin) Selecting config fabric-message-api-v1.client.mixins.json
[21:22:44] [main/DEBUG] (FabricLoader/Mixin) Remapping refMap client-fabric-message-api-v1-refmap.json using remapper chain
[21:22:44] [main/DEBUG] (FabricLoader/Mixin) Selecting config fabric-data-generation-api-v1.mixins.json
[21:22:44] [main/DEBUG] (FabricLoader/Mixin) Remapping refMap fabric-data-generation-api-v1-refmap.json using remapper chain
[21:22:44] [main/DEBUG] (FabricLoader/Mixin) Selecting config fabric-data-generation-api-v1.client.mixins.json
[21:22:44] [main/DEBUG] (FabricLoader/Mixin) Remapping refMap client-fabric-data-generation-api-v1-refmap.json using remapper chain
[21:22:44] [main/DEBUG] (FabricLoader/Mixin) Selecting config fabric-dimensions-v1.mixins.json
[21:22:44] [main/DEBUG] (FabricLoader/Mixin) Remapping refMap fabric-dimensions-v1-refmap.json using remapper chain
[21:22:44] [main/DEBUG] (FabricLoader/Mixin) Selecting config fabric-renderer-indigo.mixins.json
[21:22:44] [main/DEBUG] (FabricLoader/Mixin) Remapping refMap client-fabric-renderer-indigo-refmap.json using remapper chain
[21:22:44] [main/DEBUG] (FabricLoader/Mixin) Selecting config fabric-screen-handler-api-v1.mixins.json
[21:22:44] [main/DEBUG] (FabricLoader/Mixin) Remapping refMap fabric-screen-handler-api-v1-refmap.json using remapper chain
[21:22:44] [main/DEBUG] (FabricLoader/Mixin) Selecting config ias.mixins.json
[21:22:44] [main/DEBUG] (FabricLoader/Mixin) Selecting config fabric-entity-events-v1.mixins.json
[21:22:44] [main/DEBUG] (FabricLoader/Mixin) Remapping refMap fabric-entity-events-v1-refmap.json using remapper chain
[21:22:44] [main/DEBUG] (FabricLoader/Mixin) Selecting config fabric-entity-events-v1.client.mixins.json
[21:22:44] [main/DEBUG] (FabricLoader/Mixin) Remapping refMap client-fabric-entity-events-v1-refmap.json using remapper chain
[21:22:44] [main/DEBUG] (FabricLoader/Mixin) Selecting config fabric-game-rule-api-v1.mixins.json
[21:22:44] [main/DEBUG] (FabricLoader/Mixin) Remapping refMap fabric-game-rule-api-v1-refmap.json using remapper chain
[21:22:44] [main/DEBUG] (FabricLoader/Mixin) Selecting config fabric-game-rule-api-v1.client.mixins.json
[21:22:44] [main/DEBUG] (FabricLoader/Mixin) Remapping refMap client-fabric-game-rule-api-v1-refmap.json using remapper chain
[21:22:44] [main/DEBUG] (FabricLoader/Mixin) Selecting config fabric-recipe-api-v1.mixins.json
[21:22:44] [main/DEBUG] (FabricLoader/Mixin) Remapping refMap fabric-recipe-api-v1-refmap.json using remapper chain
[21:22:44] [main/DEBUG] (FabricLoader/Mixin) Selecting config fabric-rendering-v1.mixins.json
[21:22:44] [main/DEBUG] (FabricLoader/Mixin) Remapping refMap client-fabric-rendering-v1-refmap.json using remapper chain
[21:22:44] [main/DEBUG] (FabricLoader/Mixin) Selecting config fabric-crash-report-info-v1.mixins.json
[21:22:44] [main/DEBUG] (FabricLoader/Mixin) Remapping refMap fabric-crash-report-info-v1-refmap.json using remapper chain
[21:22:44] [main/DEBUG] (FabricLoader/Mixin) Selecting config stafftools.mixins.json
[21:22:44] [main/DEBUG] (FabricLoader/Mixin) Selecting config stafftools.client.mixins.json
[21:22:44] [main/DEBUG] (FabricLoader/Mixin) Selecting config fabric-api-lookup-api-v1.mixins.json
[21:22:44] [main/DEBUG] (FabricLoader/Mixin) Remapping refMap fabric-api-lookup-api-v1-refmap.json using remapper chain
[21:22:44] [main/DEBUG] (FabricLoader/Mixin) Selecting config fabric-resource-conditions-api-v1.mixins.json
[21:22:44] [main/DEBUG] (FabricLoader/Mixin) Remapping refMap fabric-resource-conditions-api-v1-refmap.json using remapper chain
[21:22:44] [main/DEBUG] (FabricLoader/Mixin) Selecting config fabric-command-api-v2.mixins.json
[21:22:44] [main/DEBUG] (FabricLoader/Mixin) Remapping refMap fabric-command-api-v2-refmap.json using remapper chain
[21:22:44] [main/DEBUG] (FabricLoader/Mixin) Selecting config fabric-command-api-v2.client.mixins.json
[21:22:44] [main/DEBUG] (FabricLoader/Mixin) Remapping refMap client-fabric-command-api-v2-refmap.json using remapper chain
[21:22:44] [main/DEBUG] (FabricLoader/Mixin) Selecting config fabric-registry-sync-v0.mixins.json
[21:22:44] [main/DEBUG] (FabricLoader/Mixin) Remapping refMap fabric-registry-sync-v0-refmap.json using remapper chain
[21:22:44] [main/DEBUG] (FabricLoader/Mixin) Selecting config fabric-registry-sync-v0.client.mixins.json
[21:22:44] [main/DEBUG] (FabricLoader/Mixin) Remapping refMap client-fabric-registry-sync-v0-refmap.json using remapper chain
[21:22:44] [main/DEBUG] (FabricLoader/Mixin) Selecting config mixinextras.init.mixins.json
[21:22:44] [main/DEBUG] (FabricLoader/MixinExtras|Service) com.llamalad7.mixinextras.service.MixinExtrasServiceImpl(version=0.5.4) is taking over from null
[21:22:44] [main/DEBUG] (FabricLoader/Mixin) Registering new injector for @Inject with org.spongepowered.asm.mixin.injection.struct.CallbackInjectionInfo
[21:22:44] [main/DEBUG] (FabricLoader/Mixin) Registering new injector for @ModifyArg with org.spongepowered.asm.mixin.injection.struct.ModifyArgInjectionInfo
[21:22:44] [main/DEBUG] (FabricLoader/Mixin) Registering new injector for @ModifyArgs with org.spongepowered.asm.mixin.injection.struct.ModifyArgsInjectionInfo
[21:22:44] [main/DEBUG] (FabricLoader/Mixin) Registering new injector for @Redirect with org.spongepowered.asm.mixin.injection.struct.RedirectInjectionInfo
[21:22:44] [main/DEBUG] (FabricLoader/Mixin) Registering new injector for @ModifyVariable with org.spongepowered.asm.mixin.injection.struct.ModifyVariableInjectionInfo
[21:22:44] [main/DEBUG] (FabricLoader/Mixin) Registering new injector for @ModifyConstant with org.spongepowered.asm.mixin.injection.struct.ModifyConstantInjectionInfo
[21:22:44] [main/DEBUG] (FabricLoader/Mixin) Selecting config fabric-networking-api-v1.mixins.json
[21:22:44] [main/DEBUG] (FabricLoader/Mixin) Remapping refMap fabric-networking-api-v1-refmap.json using remapper chain
[21:22:44] [main/DEBUG] (FabricLoader/Mixin) Selecting config fabric-networking-api-v1.client.mixins.json
[21:22:44] [main/DEBUG] (FabricLoader/Mixin) Remapping refMap client-fabric-networking-api-v1-refmap.json using remapper chain
[21:22:44] [main/DEBUG] (FabricLoader/Mixin) Selecting config fabric-item-api-v1.mixins.json
[21:22:44] [main/DEBUG] (FabricLoader/Mixin) Remapping refMap fabric-item-api-v1-refmap.json using remapper chain
[21:22:44] [main/DEBUG] (FabricLoader/Mixin) Selecting config fabric-item-api-v1.client.mixins.json
[21:22:44] [main/DEBUG] (FabricLoader/Mixin) Remapping refMap client-fabric-item-api-v1-refmap.json using remapper chain
[21:22:44] [main/DEBUG] (FabricLoader/Mixin) Selecting config fabric-events-interaction-v0.mixins.json
[21:22:44] [main/DEBUG] (FabricLoader/Mixin) Remapping refMap fabric-events-interaction-v0-refmap.json using remapper chain
[21:22:44] [main/DEBUG] (FabricLoader/Mixin) Selecting config fabric-events-interaction-v0.client.mixins.json
[21:22:44] [main/DEBUG] (FabricLoader/Mixin) Remapping refMap client-fabric-events-interaction-v0-refmap.json using remapper chain
[21:22:44] [main/DEBUG] (FabricLoader/Mixin) Selecting config fabric-content-registries-v0.mixins.json
[21:22:44] [main/DEBUG] (FabricLoader/Mixin) Remapping refMap fabric-content-registries-v0-refmap.json using remapper chain
[21:22:44] [main/DEBUG] (FabricLoader/Mixin) Selecting config fabric-model-loading-api-v1.mixins.json
[21:22:44] [main/DEBUG] (FabricLoader/Mixin) Remapping refMap client-fabric-model-loading-api-v1-refmap.json using remapper chain
[21:22:44] [main/DEBUG] (FabricLoader/Mixin) Selecting config fabric-transfer-api-v1.mixins.json
[21:22:44] [main/DEBUG] (FabricLoader/Mixin) Remapping refMap fabric-transfer-api-v1-refmap.json using remapper chain
[21:22:44] [main/DEBUG] (FabricLoader/Mixin) Selecting config fabric-convention-tags-api-v2.mixins.json
[21:22:44] [main/DEBUG] (FabricLoader/Mixin) Remapping refMap fabric-convention-tags-v2-refmap.json using remapper chain
[21:22:44] [main/DEBUG] (FabricLoader/Mixin) Selecting config fabric-sound-api-v1.mixins.json
[21:22:44] [main/DEBUG] (FabricLoader/Mixin) Remapping refMap client-fabric-sound-api-v1-refmap.json using remapper chain
[21:22:44] [main/DEBUG] (FabricLoader/Mixin) Selecting config fabric-biome-api-v1.mixins.json
[21:22:44] [main/DEBUG] (FabricLoader/Mixin) Remapping refMap fabric-biome-api-v1-refmap.json using remapper chain
[21:22:44] [main/DEBUG] (FabricLoader/Mixin) Selecting config fabric-block-view-api-v2.mixins.json
[21:22:44] [main/DEBUG] (FabricLoader/Mixin) Remapping refMap fabric-block-view-api-v2-refmap.json using remapper chain
[21:22:44] [main/DEBUG] (FabricLoader/Mixin) Selecting config fabric-block-view-api-v2.client.mixins.json
[21:22:44] [main/DEBUG] (FabricLoader/Mixin) Remapping refMap client-fabric-block-view-api-v2-refmap.json using remapper chain
[21:22:44] [main/DEBUG] (FabricLoader/Mixin) Selecting config fabric-screen-api-v1.mixins.json
[21:22:44] [main/DEBUG] (FabricLoader/Mixin) Remapping refMap client-fabric-screen-api-v1-refmap.json using remapper chain
[21:22:44] [main/DEBUG] (FabricLoader/Mixin) Selecting config fabric-tag-api-v1.mixins.json
[21:22:44] [main/DEBUG] (FabricLoader/Mixin) Remapping refMap fabric-tag-api-v1-refmap.json using remapper chain
[21:22:44] [main/DEBUG] (FabricLoader/Mixin) Selecting config fabric-loot-api-v3.mixins.json
[21:22:44] [main/DEBUG] (FabricLoader/Mixin) Remapping refMap fabric-loot-api-v3-refmap.json using remapper chain
[21:22:44] [main/DEBUG] (FabricLoader/Mixin) Selecting config fabric-resource-loader-v0.mixins.json
[21:22:44] [main/DEBUG] (FabricLoader/Mixin) Remapping refMap fabric-resource-loader-v0-refmap.json using remapper chain
[21:22:44] [main/DEBUG] (FabricLoader/Mixin) Selecting config fabric-resource-loader-v0.client.mixins.json
[21:22:44] [main/DEBUG] (FabricLoader/Mixin) Remapping refMap client-fabric-resource-loader-v0-refmap.json using remapper chain
[21:22:44] [main/DEBUG] (FabricLoader/Mixin) Preparing fabric-rendering-data-attachment-v1.mixins.json (2)
[21:22:44] [main/DEBUG] (FabricLoader/Mixin) Preparing fabric-rendering-data-attachment-v1.client.mixins.json (1)
[21:22:44] [main/DEBUG] (FabricLoader/Mixin) Preparing fabric-renderer-api-v1.mixins.json (4)
[21:22:44] [main/DEBUG] (FabricLoader/Mixin) Preparing fabric-renderer-api-v1.debughud.mixins.json (1)
[21:22:44] [main/DEBUG] (FabricLoader/Mixin) Preparing fabric-blockrenderlayer-v1.mixins.json (1)
[21:22:44] [main/DEBUG] (FabricLoader/Mixin) Preparing fabric-lifecycle-events-v1.mixins.json (11)
[21:22:44] [main/DEBUG] (FabricLoader/Mixin) Preparing fabric-lifecycle-events-v1.client.mixins.json (7)
[21:22:44] [main/DEBUG] (FabricLoader/Mixin) Preparing fabric-data-attachment-api-v1.mixins.json (15)
[21:22:44] [main/DEBUG] (FabricLoader/Mixin) Preparing fabric-data-attachment-api-v1.client.mixins.json (1)
[21:22:44] [main/DEBUG] (FabricLoader/Mixin) Preparing fabric-particles-v1.client.mixins.json (4)
[21:22:44] [main/DEBUG] (FabricLoader/Mixin) Preparing fabric-item-group-api-v1.mixins.json (3)
[21:22:44] [main/DEBUG] (FabricLoader/Mixin) Preparing fabric-item-group-api-v1.client.mixins.json (1)
[21:22:44] [main/DEBUG] (FabricLoader/Mixin) Preparing fabric-rendering-fluids-v1.mixins.json (1)
[21:22:44] [main/DEBUG] (FabricLoader/Mixin) Preparing fabric-block-api-v1.mixins.json (5)
[21:22:44] [main/DEBUG] (FabricLoader/Mixin) Preparing fabric-gametest-api-v1.mixins.json (8)
[21:22:44] [main/DEBUG] (FabricLoader/Mixin) Preparing fabric-loot-api-v2.mixins.json (2)
[21:22:44] [main/DEBUG] (FabricLoader/Mixin) Preparing fabric-key-binding-api-v1.mixins.json (2)
[21:22:44] [main/DEBUG] (FabricLoader/Mixin) Preparing mixins.modmenu.json (3)
[21:22:44] [main/DEBUG] (FabricLoader/Mixin) Preparing fabric-object-builder-v1.mixins.json (11)
[21:22:44] [main/DEBUG] (FabricLoader/Mixin) Preparing fabric-object-builder-v1.client.mixins.json (5)
[21:22:44] [main/DEBUG] (FabricLoader/Mixin) Preparing fabric-message-api-v1.mixins.json (2)
[21:22:44] [main/DEBUG] (FabricLoader/Mixin) Preparing fabric-message-api-v1.client.mixins.json (2)
[21:22:44] [main/DEBUG] (FabricLoader/Mixin) Preparing fabric-data-generation-api-v1.mixins.json (12)
[21:22:44] [main/DEBUG] (FabricLoader/Mixin) Preparing fabric-data-generation-api-v1.client.mixins.json (1)
[21:22:44] [main/DEBUG] (FabricLoader/Mixin) Preparing fabric-dimensions-v1.mixins.json (4)
[21:22:44] [main/DEBUG] (FabricLoader/Mixin) Preparing fabric-renderer-indigo.mixins.json (5)
[21:22:44] [main/DEBUG] (FabricLoader/Mixin) Preparing fabric-screen-handler-api-v1.mixins.json (2)
[21:22:44] [main/DEBUG] (FabricLoader/Mixin) Preparing ias.mixins.json (2)
[21:22:44] [main/DEBUG] (FabricLoader/Mixin) Preparing fabric-entity-events-v1.mixins.json (12)
[21:22:44] [main/DEBUG] (FabricLoader/Mixin) Preparing fabric-entity-events-v1.client.mixins.json (1)
[21:22:44] [main/DEBUG] (FabricLoader/Mixin) Preparing fabric-game-rule-api-v1.mixins.json (6)
[21:22:44] [main/DEBUG] (FabricLoader/Mixin) Preparing fabric-game-rule-api-v1.client.mixins.json (3)
[21:22:44] [main/DEBUG] (FabricLoader/Mixin) Preparing fabric-recipe-api-v1.mixins.json (4)
[21:22:44] [main/DEBUG] (FabricLoader/Mixin) Preparing fabric-rendering-v1.mixins.json (20)
[21:22:44] [main/DEBUG] (FabricLoader/Mixin) Preparing fabric-crash-report-info-v1.mixins.json (1)
[21:22:44] [main/DEBUG] (FabricLoader/Mixin) Preparing stafftools.mixins.json (0)
[21:22:44] [main/DEBUG] (FabricLoader/Mixin) Preparing stafftools.client.mixins.json (6)
[21:22:44] [main/DEBUG] (FabricLoader/Mixin) Preparing fabric-api-lookup-api-v1.mixins.json (2)
[21:22:44] [main/DEBUG] (FabricLoader/Mixin) Preparing fabric-resource-conditions-api-v1.mixins.json (10)
[21:22:44] [main/DEBUG] (FabricLoader/Mixin) Preparing fabric-command-api-v2.mixins.json (5)
[21:22:44] [main/DEBUG] (FabricLoader/Mixin) Preparing fabric-command-api-v2.client.mixins.json (2)
[21:22:44] [main/DEBUG] (FabricLoader/Mixin) Preparing fabric-registry-sync-v0.mixins.json (15)
[21:22:44] [main/DEBUG] (FabricLoader/Mixin) Preparing fabric-registry-sync-v0.client.mixins.json (6)
[21:22:44] [main/DEBUG] (FabricLoader/Mixin) Preparing mixinextras.init.mixins.json (0)
[21:22:44] [main/DEBUG] (FabricLoader/Mixin) Preparing fabric-networking-api-v1.mixins.json (19)
[21:22:44] [main/DEBUG] (FabricLoader/Mixin) Preparing fabric-networking-api-v1.client.mixins.json (9)
[21:22:44] [main/DEBUG] (FabricLoader/Mixin) Preparing fabric-item-api-v1.mixins.json (17)
[21:22:44] [main/DEBUG] (FabricLoader/Mixin) Preparing fabric-item-api-v1.client.mixins.json (3)
[21:22:44] [main/DEBUG] (FabricLoader/Mixin) Preparing fabric-events-interaction-v0.mixins.json (4)
[21:22:44] [main/DEBUG] (FabricLoader/Mixin) Preparing fabric-events-interaction-v0.client.mixins.json (3)
[21:22:44] [main/DEBUG] (FabricLoader/Mixin) Preparing fabric-content-registries-v0.mixins.json (13)
[21:22:44] [main/DEBUG] (FabricLoader/Mixin) Preparing fabric-model-loading-api-v1.mixins.json (4)
[21:22:44] [main/DEBUG] (FabricLoader/Mixin) Preparing fabric-transfer-api-v1.mixins.json (15)
[21:22:44] [main/DEBUG] (FabricLoader/Mixin) Preparing fabric-convention-tags-api-v2.mixins.json (1)
[21:22:44] [main/DEBUG] (FabricLoader/Mixin) Preparing fabric-sound-api-v1.mixins.json (2)
[21:22:44] [main/DEBUG] (FabricLoader/Mixin) Preparing fabric-biome-api-v1.mixins.json (9)
[21:22:44] [main/DEBUG] (FabricLoader/Mixin) Preparing fabric-block-view-api-v2.mixins.json (3)
[21:22:44] [main/DEBUG] (FabricLoader/Mixin) Preparing fabric-block-view-api-v2.client.mixins.json (2)
[21:22:44] [main/DEBUG] (FabricLoader/Mixin) Preparing fabric-screen-api-v1.mixins.json (7)
[21:22:44] [main/DEBUG] (FabricLoader/Mixin) Preparing fabric-tag-api-v1.mixins.json (3)
[21:22:44] [main/DEBUG] (FabricLoader/Mixin) Preparing fabric-loot-api-v3.mixins.json (6)
[21:22:44] [main/DEBUG] (FabricLoader/Mixin) Preparing fabric-resource-loader-v0.mixins.json (14)
[21:22:44] [main/DEBUG] (FabricLoader/Mixin) Preparing fabric-resource-loader-v0.client.mixins.json (8)
[21:22:44] [main/DEBUG] (FabricLoader/Mixin) Inner class net/fabricmc/fabric/mixin/itemgroup/ItemGroupsMixin$1ItemGroupPosition in net/fabricmc/fabric/mixin/itemgroup/ItemGroupsMixin on net/minecraft/item/ItemGroups gets unique name net/minecraft/item/ItemGroups$1ItemGroupPosition$226c57ef75f733cf86d0df2b43c33e70
[21:22:44] [main/DEBUG] (FabricLoader/Mixin) Inner class net/fabricmc/fabric/mixin/registry/sync/SimpleRegistryMixin$1 in net/fabricmc/fabric/mixin/registry/sync/SimpleRegistryMixin on net/minecraft/registry/SimpleRegistry gets unique name net/minecraft/registry/SimpleRegistry$Anonymous$8f163231c72d3935abe03facbece27ce
[21:22:44] [main/DEBUG] (FabricLoader/Mixin) Inner class net/fabricmc/fabric/mixin/transfer/ChiseledBookshelfBlockEntityMixin$1 in net/fabricmc/fabric/mixin/transfer/ChiseledBookshelfBlockEntityMixin on net/minecraft/block/entity/ChiseledBookshelfBlockEntity gets unique name net/minecraft/block/entity/ChiseledBookshelfBlockEntity$Anonymous$a08ab8b2fc87350bbf669dbd469efcde
[21:22:44] [main/DEBUG] (FabricLoader/Mixin) Prepared 349 mixins in 0,546 sec (1,6ms avg) (0ms load, 0ms transform, 0ms plugin)
[21:22:44] [main/DEBUG] (io.netty.util.internal.logging.InternalLoggerFactory) Using SLF4J as the default logging framework
[21:22:44] [main/DEBUG] (io.netty.util.ResourceLeakDetector) -Dio.netty.leakDetection.level: simple
[21:22:44] [main/DEBUG] (io.netty.util.ResourceLeakDetector) -Dio.netty.leakDetection.targetRecords: 4
[21:22:45] [main/INFO] (FabricLoader/MixinExtras|Service) Initializing MixinExtras via com.llamalad7.mixinextras.service.MixinExtrasServiceImpl(version=0.5.4).
[21:22:45] [main/DEBUG] (FabricLoader/Mixin) Registering new injector for @SugarWrapper with com.llamalad7.mixinextras.sugar.impl.SugarWrapperInjectionInfo
[21:22:45] [main/DEBUG] (FabricLoader/Mixin) Registering new injector for @FactoryRedirectWrapper with com.llamalad7.mixinextras.wrapper.factory.FactoryRedirectWrapperInjectionInfo
[21:22:45] [main/DEBUG] (FabricLoader/Mixin) Registering new injector for @ExpressionInjectorWrapper with com.llamalad7.mixinextras.expression.impl.wrapper.ExpressionInjectorWrapperInjectionInfo
[21:22:45] [main/DEBUG] (FabricLoader/Mixin) Mixing TaggedChoiceMixin from fabric-dimensions-v1.mixins.json into com.mojang.datafixers.types.templates.TaggedChoice
[21:22:45] [main/DEBUG] (FabricLoader/Mixin) fabric-dimensions-v1.mixins.json:TaggedChoiceMixin from mod fabric-dimensions-v1: Class version 65 required is higher than the class version supported by the current version of Mixin (JAVA_17 supports class version 61)
[21:22:45] [main/DEBUG] (FabricLoader/Mixin) fabric-dimensions-v1.mixins.json:TaggedChoiceMixin from mod fabric-dimensions-v1->@Inject::onApply(Lcom/mojang/datafixers/util/Pair;Lorg/spongepowered/asm/mixin/injection/callback/CallbackInfoReturnable;)V does use it's CallbackInfoReturnable
[21:22:45] [main/DEBUG] (FabricLoader/Mixin) Mixing TaggedChoiceTypeMixin from fabric-dimensions-v1.mixins.json into com.mojang.datafixers.types.templates.TaggedChoice$TaggedChoiceType
[21:22:45] [main/DEBUG] (FabricLoader/Mixin) fabric-dimensions-v1.mixins.json:TaggedChoiceTypeMixin from mod fabric-dimensions-v1: Class version 65 required is higher than the class version supported by the current version of Mixin (JAVA_17 supports class version 61)
[21:22:45] [main/DEBUG] (FabricLoader/Mixin) fabric-dimensions-v1.mixins.json:TaggedChoiceTypeMixin from mod fabric-dimensions-v1->@Inject::onGetCodec(Ljava/lang/Object;Lorg/spongepowered/asm/mixin/injection/callback/CallbackInfoReturnable;)V does use it's CallbackInfoReturnable
[21:22:45] [main/DEBUG] (FabricLoader/Mixin) Mixing Schema2832Mixin from fabric-dimensions-v1.mixins.json into net.minecraft.datafixer.schema.Schema2832
[21:22:45] [main/DEBUG] (FabricLoader/Mixin) fabric-dimensions-v1.mixins.json:Schema2832Mixin from mod fabric-dimensions-v1: Class version 65 required is higher than the class version supported by the current version of Mixin (JAVA_17 supports class version 61)
[21:22:45] [main/DEBUG] (FabricLoader/Mixin) Mixing SystemDetailsMixin from fabric-crash-report-info-v1.mixins.json into net.minecraft.util.SystemDetails
[21:22:45] [main/DEBUG] (FabricLoader/Mixin) fabric-crash-report-info-v1.mixins.json:SystemDetailsMixin from mod fabric-crash-report-info-v1: Class version 65 required is higher than the class version supported by the current version of Mixin (JAVA_17 supports class version 61)
[21:22:45] [main/DEBUG] (FabricLoader/Mixin) Renaming synthetic method lambda$appendMods$1(Lnet/fabricmc/loader/api/ModContainer;)Ljava/lang/String; to md164862$fabric-crash-report-info-v1$lambda$appendMods$1$0 in fabric-crash-report-info-v1.mixins.json:SystemDetailsMixin from mod fabric-crash-report-info-v1
[21:22:45] [main/DEBUG] (FabricLoader/Mixin) Renaming synthetic method lambda$fillSystemDetails$0()Ljava/lang/String; to md164862$fabric-crash-report-info-v1$lambda$fillSystemDetails$0$1 in fabric-crash-report-info-v1.mixins.json:SystemDetailsMixin from mod fabric-crash-report-info-v1
[21:22:45] [main/DEBUG] (FabricLoader/Mixin) fabric-crash-report-info-v1.mixins.json:SystemDetailsMixin from mod fabric-crash-report-info-v1->@Inject::fillSystemDetails(Lorg/spongepowered/asm/mixin/injection/callback/CallbackInfo;)V doesn't use it's CallbackInfo
[21:22:45] [main/DEBUG] (FabricLoader/Mixin) fabric-crash-report-info-v1.mixins.json:SystemDetailsMixin from mod fabric-crash-report-info-v1->@Inject::fillSystemDetails(Lorg/spongepowered/asm/mixin/injection/callback/CallbackInfo;)V has 0 override(s) in child classes
[21:22:45] [main/DEBUG] (FabricLoader/Mixin) fabric-crash-report-info-v1.mixins.json:SystemDetailsMixin from mod fabric-crash-report-info-v1->@Inject::fillSystemDetails(Lorg/spongepowered/asm/mixin/injection/callback/CallbackInfo;)V won't be passed a CallbackInfo as a result
[21:22:46] [Datafixer Bootstrap/INFO] (com.mojang.datafixers.DataFixerBuilder) 226 Datafixer optimizations took 346 milliseconds
[21:22:46] [main/DEBUG] (FabricLoader/Mixin) Mixing BootstrapMixin from fabric-registry-sync-v0.mixins.json into net.minecraft.Bootstrap
[21:22:46] [main/DEBUG] (FabricLoader/Mixin) fabric-registry-sync-v0.mixins.json:BootstrapMixin from mod fabric-registry-sync-v0: Class version 65 required is higher than the class version supported by the current version of Mixin (JAVA_17 supports class version 61)
[21:22:46] [main/DEBUG] (FabricLoader/Mixin) Renaming synthetic method lambda$initialize$1(Lnet/minecraft/fluid/Fluid;)Ljava/util/Collection; to md164862$fabric-registry-sync-v0$lambda$initialize$1$0 in fabric-registry-sync-v0.mixins.json:BootstrapMixin from mod fabric-registry-sync-v0
[21:22:46] [main/DEBUG] (FabricLoader/Mixin) Renaming synthetic method lambda$initialize$0(Lnet/minecraft/block/Block;)Ljava/util/Collection; to md164862$fabric-registry-sync-v0$lambda$initialize$0$1 in fabric-registry-sync-v0.mixins.json:BootstrapMixin from mod fabric-registry-sync-v0
[21:22:46] [main/DEBUG] (FabricLoader/Mixin) fabric-registry-sync-v0.mixins.json:BootstrapMixin from mod fabric-registry-sync-v0->@Inject::initialize(Lorg/spongepowered/asm/mixin/injection/callback/CallbackInfo;)V doesn't use it's CallbackInfo
[21:22:46] [main/DEBUG] (FabricLoader/Mixin) Mixing RegistryMixin from fabric-registry-sync-v0.mixins.json into net.minecraft.registry.Registry
[21:22:46] [main/DEBUG] (FabricLoader/Mixin) fabric-registry-sync-v0.mixins.json:RegistryMixin from mod fabric-registry-sync-v0: Class version 65 required is higher than the class version supported by the current version of Mixin (JAVA_17 supports class version 61)
[21:22:46] [main/DEBUG] (FabricLoader/Mixin) Mixing RegistriesAccessor from fabric-registry-sync-v0.mixins.json into net.minecraft.registry.Registries
[21:22:46] [main/DEBUG] (FabricLoader/Mixin) fabric-registry-sync-v0.mixins.json:RegistriesAccessor from mod fabric-registry-sync-v0: Class version 65 required is higher than the class version supported by the current version of Mixin (JAVA_17 supports class version 61)
[21:22:46] [main/DEBUG] (FabricLoader/Mixin) Renaming @Accessor method getROOT()Lnet/minecraft/registry/MutableRegistry; to getROOT$fabric-registry-sync-v0_$md$164862$0 in fabric-registry-sync-v0.mixins.json:RegistriesAccessor from mod fabric-registry-sync-v0
[21:22:46] [main/DEBUG] (FabricLoader/Mixin) Mixing RegistriesMixin from fabric-registry-sync-v0.mixins.json into net.minecraft.registry.Registries
[21:22:46] [main/DEBUG] (FabricLoader/Mixin) fabric-registry-sync-v0.mixins.json:RegistriesMixin from mod fabric-registry-sync-v0: Class version 65 required is higher than the class version supported by the current version of Mixin (JAVA_17 supports class version 61)
[21:22:46] [main/DEBUG] (FabricLoader/Mixin) Mixing RegistriesMixin from fabric-item-api-v1.mixins.json into net.minecraft.registry.Registries
[21:22:46] [main/DEBUG] (FabricLoader/Mixin) fabric-item-api-v1.mixins.json:RegistriesMixin from mod fabric-item-api-v1: Class version 65 required is higher than the class version supported by the current version of Mixin (JAVA_17 supports class version 61)
[21:22:46] [main/DEBUG] (FabricLoader/Mixin) fabric-registry-sync-v0.mixins.json:RegistriesMixin from mod fabric-registry-sync-v0->@Inject::init(Lorg/spongepowered/asm/mixin/injection/callback/CallbackInfo;)V does use it's CallbackInfo
[21:22:46] [main/DEBUG] (FabricLoader/Mixin) fabric-item-api-v1.mixins.json:RegistriesMixin from mod fabric-item-api-v1->@Inject::modifyDefaultItemComponents(Lorg/spongepowered/asm/mixin/injection/callback/CallbackInfo;)V doesn't use it's CallbackInfo
[21:22:46] [main/DEBUG] (FabricLoader/Mixin) Mixing SimpleRegistryAccessor from fabric-registry-sync-v0.mixins.json into net.minecraft.registry.SimpleRegistry
[21:22:46] [main/DEBUG] (FabricLoader/Mixin) fabric-registry-sync-v0.mixins.json:SimpleRegistryAccessor from mod fabric-registry-sync-v0: Class version 65 required is higher than the class version supported by the current version of Mixin (JAVA_17 supports class version 61)
[21:22:46] [main/DEBUG] (FabricLoader/Mixin) Mixing SimpleRegistryMixin from fabric-registry-sync-v0.mixins.json into net.minecraft.registry.SimpleRegistry
[21:22:46] [main/DEBUG] (FabricLoader/Mixin) fabric-registry-sync-v0.mixins.json:SimpleRegistryMixin from mod fabric-registry-sync-v0: Class version 65 required is higher than the class version supported by the current version of Mixin (JAVA_17 supports class version 61)
[21:22:46] [main/DEBUG] (FabricLoader/Mixin) Renaming synthetic method lambda$init$4([Lnet/fabricmc/fabric/api/event/registry/RegistryIdRemapCallback;)Lnet/fabricmc/fabric/api/event/registry/RegistryIdRemapCallback; to md164862$fabric-registry-sync-v0$lambda$init$4$0 in fabric-registry-sync-v0.mixins.json:SimpleRegistryMixin from mod fabric-registry-sync-v0
[21:22:46] [main/DEBUG] (FabricLoader/Mixin) Renaming synthetic method lambda$init$3([Lnet/fabricmc/fabric/api/event/registry/RegistryIdRemapCallback;Lnet/fabricmc/fabric/api/event/registry/RegistryIdRemapCallback$RemapState;)V to md164862$fabric-registry-sync-v0$lambda$init$3$1 in fabric-registry-sync-v0.mixins.json:SimpleRegistryMixin from mod fabric-registry-sync-v0
[21:22:46] [main/DEBUG] (FabricLoader/Mixin) Renaming synthetic method lambda$init$2(ILnet/minecraft/util/Identifier;Ljava/lang/Object;)V to md164862$fabric-registry-sync-v0$lambda$init$2$2 in fabric-registry-sync-v0.mixins.json:SimpleRegistryMixin from mod fabric-registry-sync-v0
[21:22:46] [main/DEBUG] (FabricLoader/Mixin) Renaming synthetic method lambda$init$1([Lnet/fabricmc/fabric/api/event/registry/RegistryEntryAddedCallback;)Lnet/fabricmc/fabric/api/event/registry/RegistryEntryAddedCallback; to md164862$fabric-registry-sync-v0$lambda$init$1$3 in fabric-registry-sync-v0.mixins.json:SimpleRegistryMixin from mod fabric-registry-sync-v0
[21:22:46] [main/DEBUG] (FabricLoader/Mixin) Renaming synthetic method lambda$init$0([Lnet/fabricmc/fabric/api/event/registry/RegistryEntryAddedCallback;ILnet/minecraft/util/Identifier;Ljava/lang/Object;)V to md164862$fabric-registry-sync-v0$lambda$init$0$4 in fabric-registry-sync-v0.mixins.json:SimpleRegistryMixin from mod fabric-registry-sync-v0
[21:22:46] [main/DEBUG] (FabricLoader/Mixin) Renaming @Unique field LOGGERLorg/slf4j/Logger; to fd164862$fabric-registry-sync-v0$LOGGER$0 in fabric-registry-sync-v0.mixins.json:SimpleRegistryMixin from mod fabric-registry-sync-v0
[21:22:46] [main/DEBUG] (FabricLoader/Mixin) fabric-registry-sync-v0.mixins.json:SimpleRegistryMixin from mod fabric-registry-sync-v0->@Inject::init(Lnet/minecraft/registry/RegistryKey;Lcom/mojang/serialization/Lifecycle;ZLorg/spongepowered/asm/mixin/injection/callback/CallbackInfo;)V doesn't use it's CallbackInfo
[21:22:46] [main/DEBUG] (FabricLoader/Mixin) fabric-registry-sync-v0.mixins.json:SimpleRegistryMixin from mod fabric-registry-sync-v0->@Inject::init(Lnet/minecraft/registry/RegistryKey;Lcom/mojang/serialization/Lifecycle;ZLorg/spongepowered/asm/mixin/injection/callback/CallbackInfo;)V has 0 override(s) in child classes
[21:22:46] [main/DEBUG] (FabricLoader/Mixin) fabric-registry-sync-v0.mixins.json:SimpleRegistryMixin from mod fabric-registry-sync-v0->@Inject::init(Lnet/minecraft/registry/RegistryKey;Lcom/mojang/serialization/Lifecycle;ZLorg/spongepowered/asm/mixin/injection/callback/CallbackInfo;)V won't be passed a CallbackInfo as a result
[21:22:46] [main/DEBUG] (FabricLoader/Mixin) fabric-registry-sync-v0.mixins.json:SimpleRegistryMixin from mod fabric-registry-sync-v0->@Inject::set(Lnet/minecraft/registry/RegistryKey;Ljava/lang/Object;Lnet/minecraft/registry/entry/RegistryEntryInfo;Lorg/spongepowered/asm/mixin/injection/callback/CallbackInfoReturnable;)V does use it's CallbackInfoReturnable
[21:22:46] [main/DEBUG] (FabricLoader/Mixin) Mixing RegistryKeysMixin from fabric-registry-sync-v0.mixins.json into net.minecraft.registry.RegistryKeys
[21:22:46] [main/DEBUG] (FabricLoader/Mixin) fabric-registry-sync-v0.mixins.json:RegistryKeysMixin from mod fabric-registry-sync-v0: Class version 65 required is higher than the class version supported by the current version of Mixin (JAVA_17 supports class version 61)
[21:22:46] [main/DEBUG] (FabricLoader/Mixin) Mixing PacketByteBufMixin from fabric-networking-api-v1.mixins.json into net.minecraft.network.PacketByteBuf
[21:22:46] [main/DEBUG] (FabricLoader/Mixin) fabric-networking-api-v1.mixins.json:PacketByteBufMixin from mod fabric-networking-api-v1: Class version 65 required is higher than the class version supported by the current version of Mixin (JAVA_17 supports class version 61)
[21:22:46] [main/DEBUG] (FabricLoader/Mixin) Mixing ArgumentTypesMixin from fabric-gametest-api-v1.mixins.json into net.minecraft.command.argument.ArgumentTypes
[21:22:46] [main/DEBUG] (FabricLoader/Mixin) fabric-gametest-api-v1.mixins.json:ArgumentTypesMixin from mod fabric-gametest-api-v1: Class version 65 required is higher than the class version supported by the current version of Mixin (JAVA_17 supports class version 61)
[21:22:46] [main/DEBUG] (FabricLoader/Mixin) Mixing ArgumentTypesAccessor from fabric-command-api-v2.mixins.json into net.minecraft.command.argument.ArgumentTypes
[21:22:46] [main/DEBUG] (FabricLoader/Mixin) fabric-command-api-v2.mixins.json:ArgumentTypesAccessor from mod fabric-command-api-v2: Class version 65 required is higher than the class version supported by the current version of Mixin (JAVA_17 supports class version 61)
[21:22:46] [main/DEBUG] (FabricLoader/Mixin) Renaming @Accessor method fabric_getClassMap()Ljava/util/Map; to fabric_getClassMap$fabric-command-api-v2_$md$164862$0 in fabric-command-api-v2.mixins.json:ArgumentTypesAccessor from mod fabric-command-api-v2
[21:22:46] [main/DEBUG] (FabricLoader/Mixin) fabric-gametest-api-v1.mixins.json:ArgumentTypesMixin from mod fabric-gametest-api-v1->@Inject::register(Lnet/minecraft/registry/Registry;Lorg/spongepowered/asm/mixin/injection/callback/CallbackInfoReturnable;)V doesn't use it's CallbackInfoReturnable
[21:22:46] [main/DEBUG] (FabricLoader/Mixin) Mixing ItemGroupsMixin from fabric-item-group-api-v1.mixins.json into net.minecraft.item.ItemGroups
[21:22:46] [main/DEBUG] (FabricLoader/Mixin) fabric-item-group-api-v1.mixins.json:ItemGroupsMixin from mod fabric-item-group-api-v1: Class version 65 required is higher than the class version supported by the current version of Mixin (JAVA_17 supports class version 61)
[21:22:46] [main/DEBUG] (FabricLoader/Mixin) Renaming synthetic method lambda$paginateGroups$0(Lnet/minecraft/registry/entry/RegistryEntry$Reference;Lnet/minecraft/registry/entry/RegistryEntry$Reference;)I to md164862$fabric-item-group-api-v1$lambda$paginateGroups$0$0 in fabric-item-group-api-v1.mixins.json:ItemGroupsMixin from mod fabric-item-group-api-v1
[21:22:46] [main/DEBUG] (FabricLoader/Mixin) fabric-item-group-api-v1.mixins.json:ItemGroupsMixin from mod fabric-item-group-api-v1->@Inject::deferDuplicateCheck(Lorg/spongepowered/asm/mixin/injection/callback/CallbackInfo;)V does use it's CallbackInfo
[21:22:46] [main/DEBUG] (FabricLoader/Mixin) fabric-item-group-api-v1.mixins.json:ItemGroupsMixin from mod fabric-item-group-api-v1->@Inject::paginateGroups(Lorg/spongepowered/asm/mixin/injection/callback/CallbackInfo;)V doesn't use it's CallbackInfo
[21:22:46] [main/DEBUG] (FabricLoader/Mixin) Mixing ItemGroupAccessor from fabric-item-group-api-v1.mixins.json into net.minecraft.item.ItemGroup
[21:22:46] [main/DEBUG] (FabricLoader/Mixin) fabric-item-group-api-v1.mixins.json:ItemGroupAccessor from mod fabric-item-group-api-v1: Class version 65 required is higher than the class version supported by the current version of Mixin (JAVA_17 supports class version 61)
[21:22:46] [main/DEBUG] (FabricLoader/Mixin) Mixing ItemGroupMixin from fabric-item-group-api-v1.mixins.json into net.minecraft.item.ItemGroup
[21:22:46] [main/DEBUG] (FabricLoader/Mixin) fabric-item-group-api-v1.mixins.json:ItemGroupMixin from mod fabric-item-group-api-v1: Class version 65 required is higher than the class version supported by the current version of Mixin (JAVA_17 supports class version 61)
[21:22:46] [main/DEBUG] (FabricLoader/Mixin) Renaming synthetic method lambda$getStacks$0(Lnet/minecraft/item/ItemGroup;)Ljava/lang/IllegalStateException; to md164862$fabric-item-group-api-v1$lambda$getStacks$0$0 in fabric-item-group-api-v1.mixins.json:ItemGroupMixin from mod fabric-item-group-api-v1
[21:22:46] [main/DEBUG] (FabricLoader/Mixin) fabric-item-group-api-v1.mixins.json:ItemGroupMixin from mod fabric-item-group-api-v1->@Inject::getStacks(Lnet/minecraft/item/ItemGroup$DisplayContext;Lorg/spongepowered/asm/mixin/injection/callback/CallbackInfo;)V doesn't use it's CallbackInfo
[21:22:46] [main/DEBUG] (FabricLoader/Mixin) fabric-item-group-api-v1.mixins.json:ItemGroupMixin from mod fabric-item-group-api-v1->@Inject::getStacks(Lnet/minecraft/item/ItemGroup$DisplayContext;Lorg/spongepowered/asm/mixin/injection/callback/CallbackInfo;)V has 0 override(s) in child classes
[21:22:46] [main/DEBUG] (FabricLoader/Mixin) fabric-item-group-api-v1.mixins.json:ItemGroupMixin from mod fabric-item-group-api-v1->@Inject::getStacks(Lnet/minecraft/item/ItemGroup$DisplayContext;Lorg/spongepowered/asm/mixin/injection/callback/CallbackInfo;)V won't be passed a CallbackInfo as a result
[21:22:46] [main/DEBUG] (FabricLoader/Mixin) Mixing FireBlockMixin from fabric-content-registries-v0.mixins.json into net.minecraft.block.FireBlock
[21:22:46] [main/DEBUG] (FabricLoader/Mixin) fabric-content-registries-v0.mixins.json:FireBlockMixin from mod fabric-content-registries-v0: Class version 65 required is higher than the class version supported by the current version of Mixin (JAVA_17 supports class version 61)
[21:22:46] [main/DEBUG] (FabricLoader/Mixin) fabric-content-registries-v0.mixins.json:FireBlockMixin from mod fabric-content-registries-v0->@Inject::afterConstruct(Lnet/minecraft/block/AbstractBlock$Settings;Lorg/spongepowered/asm/mixin/injection/callback/CallbackInfo;)V doesn't use it's CallbackInfo
[21:22:46] [main/DEBUG] (FabricLoader/Mixin) fabric-content-registries-v0.mixins.json:FireBlockMixin from mod fabric-content-registries-v0->@Inject::afterConstruct(Lnet/minecraft/block/AbstractBlock$Settings;Lorg/spongepowered/asm/mixin/injection/callback/CallbackInfo;)V has 0 override(s) in child classes
[21:22:46] [main/DEBUG] (FabricLoader/Mixin) fabric-content-registries-v0.mixins.json:FireBlockMixin from mod fabric-content-registries-v0->@Inject::afterConstruct(Lnet/minecraft/block/AbstractBlock$Settings;Lorg/spongepowered/asm/mixin/injection/callback/CallbackInfo;)V won't be passed a CallbackInfo as a result
[21:22:46] [main/DEBUG] (FabricLoader/Mixin) fabric-content-registries-v0.mixins.json:FireBlockMixin from mod fabric-content-registries-v0->@Inject::getFabricBurnChance(Lnet/minecraft/block/BlockState;Lorg/spongepowered/asm/mixin/injection/callback/CallbackInfoReturnable;)V does use it's CallbackInfoReturnable
[21:22:46] [main/DEBUG] (FabricLoader/Mixin) fabric-content-registries-v0.mixins.json:FireBlockMixin from mod fabric-content-registries-v0->@Inject::getFabricSpreadChance(Lnet/minecraft/block/BlockState;Lorg/spongepowered/asm/mixin/injection/callback/CallbackInfoReturnable;)V does use it's CallbackInfoReturnable
[21:22:46] [main/DEBUG] (FabricLoader/Mixin) Mixing BlockMixin from fabric-block-api-v1.mixins.json into net.minecraft.block.Block
[21:22:46] [main/DEBUG] (FabricLoader/Mixin) fabric-block-api-v1.mixins.json:BlockMixin from mod fabric-block-api-v1: Class version 65 required is higher than the class version supported by the current version of Mixin (JAVA_17 supports class version 61)
[21:22:46] [main/DEBUG] (FabricLoader/Mixin) Mixing AbstractBlockAccessor from fabric-object-builder-v1.mixins.json into net.minecraft.block.AbstractBlock
[21:22:46] [main/DEBUG] (FabricLoader/Mixin) fabric-object-builder-v1.mixins.json:AbstractBlockAccessor from mod fabric-object-builder-api-v1: Class version 65 required is higher than the class version supported by the current version of Mixin (JAVA_17 supports class version 61)
[21:22:46] [main/DEBUG] (FabricLoader/Mixin) Mixing BlockViewMixin from fabric-block-view-api-v2.mixins.json into net.minecraft.world.BlockView
[21:22:46] [main/DEBUG] (FabricLoader/Mixin) fabric-block-view-api-v2.mixins.json:BlockViewMixin from mod fabric-block-view-api-v2: Class version 65 required is higher than the class version supported by the current version of Mixin (JAVA_17 supports class version 61)
[21:22:46] [main/DEBUG] (FabricLoader/Mixin) Mixing AttachmentTargetsMixin from fabric-data-attachment-api-v1.mixins.json into net.minecraft.entity.Entity
[21:22:46] [main/DEBUG] (FabricLoader/Mixin) fabric-data-attachment-api-v1.mixins.json:AttachmentTargetsMixin from mod fabric-data-attachment-api-v1: Class version 65 required is higher than the class version supported by the current version of Mixin (JAVA_17 supports class version 61)
[21:22:46] [main/DEBUG] (FabricLoader/Mixin) Renaming synthetic method lambda$fabric_readAttachmentsFromNbt$0(Lnet/minecraft/registry/RegistryWrapper$WrapperLookup;Lnet/fabricmc/fabric/api/attachment/v1/AttachmentType;Ljava/lang/Object;)V to md164862$fabric-data-attachment-api-v1$lambda$fabric_readAttachmentsFromNbt$0$0 in fabric-data-attachment-api-v1.mixins.json:AttachmentTargetsMixin from mod fabric-data-attachment-api-v1
[21:22:46] [main/DEBUG] (FabricLoader/Mixin) Mixing EntityMixin from fabric-data-attachment-api-v1.mixins.json into net.minecraft.entity.Entity
[21:22:46] [main/DEBUG] (FabricLoader/Mixin) fabric-data-attachment-api-v1.mixins.json:EntityMixin from mod fabric-data-attachment-api-v1: Class version 65 required is higher than the class version supported by the current version of Mixin (JAVA_17 supports class version 61)
[21:22:46] [main/DEBUG] (FabricLoader/Mixin) Renaming synthetic method lambda$fabric_syncChange$0(Lnet/fabricmc/fabric/api/attachment/v1/AttachmentSyncPredicate;Lnet/fabricmc/fabric/impl/attachment/sync/s2c/AttachmentSyncPayloadS2C;Lnet/minecraft/server/network/ServerPlayerEntity;)V to md164862$fabric-data-attachment-api-v1$lambda$fabric_syncChange$0$1 in fabric-data-attachment-api-v1.mixins.json:EntityMixin from mod fabric-data-attachment-api-v1
[21:22:46] [main/DEBUG] (FabricLoader/Mixin) Mixing EntityMixin from fabric-entity-events-v1.mixins.json into net.minecraft.entity.Entity
[21:22:46] [main/DEBUG] (FabricLoader/Mixin) fabric-entity-events-v1.mixins.json:EntityMixin from mod fabric-entity-events-v1: Class version 65 required is higher than the class version supported by the current version of Mixin (JAVA_17 supports class version 61)
[21:22:46] [main/DEBUG] (FabricLoader/Mixin) fabric-data-attachment-api-v1.mixins.json:EntityMixin from mod fabric-data-attachment-api-v1->@Inject::readEntityAttachments(Lnet/minecraft/nbt/NbtCompound;Lorg/spongepowered/asm/mixin/injection/callback/CallbackInfo;)V doesn't use it's CallbackInfo
[21:22:46] [main/DEBUG] (FabricLoader/Mixin) fabric-data-attachment-api-v1.mixins.json:EntityMixin from mod fabric-data-attachment-api-v1->@Inject::readEntityAttachments(Lnet/minecraft/nbt/NbtCompound;Lorg/spongepowered/asm/mixin/injection/callback/CallbackInfo;)V has 0 override(s) in child classes
[21:22:46] [main/DEBUG] (FabricLoader/Mixin) fabric-data-attachment-api-v1.mixins.json:EntityMixin from mod fabric-data-attachment-api-v1->@Inject::readEntityAttachments(Lnet/minecraft/nbt/NbtCompound;Lorg/spongepowered/asm/mixin/injection/callback/CallbackInfo;)V won't be passed a CallbackInfo as a result
[21:22:46] [main/DEBUG] (FabricLoader/Mixin) fabric-data-attachment-api-v1.mixins.json:EntityMixin from mod fabric-data-attachment-api-v1->@Inject::writeEntityAttachments(Lnet/minecraft/nbt/NbtCompound;Lorg/spongepowered/asm/mixin/injection/callback/CallbackInfoReturnable;)V doesn't use it's CallbackInfoReturnable
[21:22:46] [main/DEBUG] (FabricLoader/Mixin) fabric-data-attachment-api-v1.mixins.json:EntityMixin from mod fabric-data-attachment-api-v1->@Inject::writeEntityAttachments(Lnet/minecraft/nbt/NbtCompound;Lorg/spongepowered/asm/mixin/injection/callback/CallbackInfoReturnable;)V has 0 override(s) in child classes
[21:22:46] [main/DEBUG] (FabricLoader/Mixin) fabric-data-attachment-api-v1.mixins.json:EntityMixin from mod fabric-data-attachment-api-v1->@Inject::writeEntityAttachments(Lnet/minecraft/nbt/NbtCompound;Lorg/spongepowered/asm/mixin/injection/callback/CallbackInfoReturnable;)V won't be passed a CallbackInfoReturnable as a result
[21:22:46] [main/DEBUG] (FabricLoader/Mixin) fabric-entity-events-v1.mixins.json:EntityMixin from mod fabric-entity-events-v1->@Inject::afterWorldChanged(Lnet/minecraft/world/TeleportTarget;Lorg/spongepowered/asm/mixin/injection/callback/CallbackInfoReturnable;)V does use it's CallbackInfoReturnable
[21:22:46] [main/DEBUG] (FabricLoader/Mixin) fabric-entity-events-v1.mixins.json:EntityMixin from mod fabric-entity-events-v1->@Inject::afterWorldChanged(Lnet/minecraft/world/TeleportTarget;Lorg/spongepowered/asm/mixin/injection/callback/CallbackInfoReturnable;)V does use it's CallbackInfoReturnable
[21:22:46] [main/DEBUG] (FabricLoader/Mixin) fabric-entity-events-v1.mixins.json:EntityMixin from mod fabric-entity-events-v1->@Inject::afterEntityTeleportedToWorld(Lnet/minecraft/server/world/ServerWorld;DDDLjava/util/Set;FFLorg/spongepowered/asm/mixin/injection/callback/CallbackInfoReturnable;FLnet/minecraft/entity/Entity;)V doesn't use it's CallbackInfoReturnable
[21:22:46] [main/DEBUG] (FabricLoader/Mixin) fabric-entity-events-v1.mixins.json:EntityMixin from mod fabric-entity-events-v1->@Inject::afterEntityTeleportedToWorld(Lnet/minecraft/server/world/ServerWorld;DDDLjava/util/Set;FFLorg/spongepowered/asm/mixin/injection/callback/CallbackInfoReturnable;FLnet/minecraft/entity/Entity;)V has 0 override(s) in child classes
[21:22:46] [main/DEBUG] (FabricLoader/Mixin) fabric-entity-events-v1.mixins.json:EntityMixin from mod fabric-entity-events-v1->@Inject::afterEntityTeleportedToWorld(Lnet/minecraft/server/world/ServerWorld;DDDLjava/util/Set;FFLorg/spongepowered/asm/mixin/injection/callback/CallbackInfoReturnable;FLnet/minecraft/entity/Entity;)V won't be passed a CallbackInfoReturnable as a result
[21:22:46] [main/DEBUG] (FabricLoader/Mixin) Mixing PlayerEntityMixin from fabric-entity-events-v1.mixins.json into net.minecraft.entity.player.PlayerEntity
[21:22:46] [main/DEBUG] (FabricLoader/Mixin) fabric-entity-events-v1.mixins.json:PlayerEntityMixin from mod fabric-entity-events-v1: Class version 65 required is higher than the class version supported by the current version of Mixin (JAVA_17 supports class version 61)
[21:22:46] [main/DEBUG] (FabricLoader/Mixin) Mixing elytra.PlayerEntityMixin from fabric-entity-events-v1.mixins.json into net.minecraft.entity.player.PlayerEntity
[21:22:46] [main/DEBUG] (FabricLoader/Mixin) fabric-entity-events-v1.mixins.json:elytra.PlayerEntityMixin from mod fabric-entity-events-v1: Class version 65 required is higher than the class version supported by the current version of Mixin (JAVA_17 supports class version 61)
[21:22:46] [main/DEBUG] (FabricLoader/Mixin) fabric-entity-events-v1.mixins.json:PlayerEntityMixin from mod fabric-entity-events-v1->@Inject::onTrySleep(Lnet/minecraft/util/math/BlockPos;Lorg/spongepowered/asm/mixin/injection/callback/CallbackInfoReturnable;)V does use it's CallbackInfoReturnable
[21:22:46] [main/DEBUG] (FabricLoader/Mixin) fabric-entity-events-v1.mixins.json:PlayerEntityMixin from mod fabric-entity-events-v1->@Inject::onIsSleepingLongEnough(Lorg/spongepowered/asm/mixin/injection/callback/CallbackInfoReturnable;)V does use it's CallbackInfoReturnable
[21:22:46] [main/DEBUG] (FabricLoader/Mixin) fabric-entity-events-v1.mixins.json:elytra.PlayerEntityMixin from mod fabric-entity-events-v1->@Inject::injectElytraCheck(Lorg/spongepowered/asm/mixin/injection/callback/CallbackInfoReturnable;)V does use it's CallbackInfoReturnable
[21:22:46] [main/DEBUG] (FabricLoader/Mixin) Mixing LivingEntityMixin from fabric-lifecycle-events-v1.mixins.json into net.minecraft.entity.LivingEntity
[21:22:46] [main/DEBUG] (FabricLoader/Mixin) fabric-lifecycle-events-v1.mixins.json:LivingEntityMixin from mod fabric-lifecycle-events-v1: Class version 65 required is higher than the class version supported by the current version of Mixin (JAVA_17 supports class version 61)
[21:22:46] [main/DEBUG] (FabricLoader/Mixin) Mixing LivingEntityMixin from fabric-block-api-v1.mixins.json into net.minecraft.entity.LivingEntity
[21:22:46] [main/DEBUG] (FabricLoader/Mixin) fabric-block-api-v1.mixins.json:LivingEntityMixin from mod fabric-block-api-v1: Class version 65 required is higher than the class version supported by the current version of Mixin (JAVA_17 supports class version 61)
[21:22:46] [main/DEBUG] (FabricLoader/Mixin) Mixing LivingEntityMixin from fabric-entity-events-v1.mixins.json into net.minecraft.entity.LivingEntity
[21:22:46] [main/DEBUG] (FabricLoader/Mixin) fabric-entity-events-v1.mixins.json:LivingEntityMixin from mod fabric-entity-events-v1: Class version 65 required is higher than the class version supported by the current version of Mixin (JAVA_17 supports class version 61)
[21:22:46] [main/DEBUG] (FabricLoader/Mixin) Mixing elytra.LivingEntityMixin from fabric-entity-events-v1.mixins.json into net.minecraft.entity.LivingEntity
[21:22:46] [main/DEBUG] (FabricLoader/Mixin) fabric-entity-events-v1.mixins.json:elytra.LivingEntityMixin from mod fabric-entity-events-v1: Class version 65 required is higher than the class version supported by the current version of Mixin (JAVA_17 supports class version 61)
[21:22:46] [main/DEBUG] (FabricLoader/Mixin) Mixing LivingEntityMixin from fabric-item-api-v1.mixins.json into net.minecraft.entity.LivingEntity
[21:22:46] [main/DEBUG] (FabricLoader/Mixin) fabric-item-api-v1.mixins.json:LivingEntityMixin from mod fabric-item-api-v1: Class version 65 required is higher than the class version supported by the current version of Mixin (JAVA_17 supports class version 61)
[21:22:46] [main/DEBUG] (FabricLoader/Mixin) fabric-lifecycle-events-v1.mixins.json:LivingEntityMixin from mod fabric-lifecycle-events-v1->@Inject::getEquipmentChanges(Lorg/spongepowered/asm/mixin/injection/callback/CallbackInfoReturnable;Ljava/util/Map;[Lnet/minecraft/entity/EquipmentSlot;IILnet/minecraft/entity/EquipmentSlot;Lnet/minecraft/item/ItemStack;Lnet/minecraft/item/ItemStack;)V doesn't use it's CallbackInfoReturnable
[21:22:46] [main/DEBUG] (FabricLoader/Mixin) fabric-lifecycle-events-v1.mixins.json:LivingEntityMixin from mod fabric-lifecycle-events-v1->@Inject::getEquipmentChanges(Lorg/spongepowered/asm/mixin/injection/callback/CallbackInfoReturnable;Ljava/util/Map;[Lnet/minecraft/entity/EquipmentSlot;IILnet/minecraft/entity/EquipmentSlot;Lnet/minecraft/item/ItemStack;Lnet/minecraft/item/ItemStack;)V has 0 override(s) in child classes
[21:22:46] [main/DEBUG] (FabricLoader/Mixin) fabric-lifecycle-events-v1.mixins.json:LivingEntityMixin from mod fabric-lifecycle-events-v1->@Inject::getEquipmentChanges(Lorg/spongepowered/asm/mixin/injection/callback/CallbackInfoReturnable;Ljava/util/Map;[Lnet/minecraft/entity/EquipmentSlot;IILnet/minecraft/entity/EquipmentSlot;Lnet/minecraft/item/ItemStack;Lnet/minecraft/item/ItemStack;)V won't be passed a CallbackInfoReturnable as a result
[21:22:46] [main/DEBUG] (FabricLoader/Mixin) fabric-block-api-v1.mixins.json:LivingEntityMixin from mod fabric-block-api-v1->@Inject::allowTaggedBlocksForTrapdoorClimbing(Lnet/minecraft/util/math/BlockPos;Lnet/minecraft/block/BlockState;Lorg/spongepowered/asm/mixin/injection/callback/CallbackInfoReturnable;)V does use it's CallbackInfoReturnable
[21:22:46] [main/DEBUG] (FabricLoader/Mixin) fabric-entity-events-v1.mixins.json:LivingEntityMixin from mod fabric-entity-events-v1->@Inject::notifyDeath(Lnet/minecraft/entity/damage/DamageSource;Lorg/spongepowered/asm/mixin/injection/callback/CallbackInfo;)V doesn't use it's CallbackInfo
[21:22:46] [main/DEBUG] (FabricLoader/Mixin) fabric-entity-events-v1.mixins.json:LivingEntityMixin from mod fabric-entity-events-v1->@Inject::notifyDeath(Lnet/minecraft/entity/damage/DamageSource;Lorg/spongepowered/asm/mixin/injection/callback/CallbackInfo;)V has 0 override(s) in child classes
[21:22:46] [main/DEBUG] (FabricLoader/Mixin) fabric-entity-events-v1.mixins.json:LivingEntityMixin from mod fabric-entity-events-v1->@Inject::notifyDeath(Lnet/minecraft/entity/damage/DamageSource;Lorg/spongepowered/asm/mixin/injection/callback/CallbackInfo;)V won't be passed a CallbackInfo as a result
[21:22:46] [main/DEBUG] (FabricLoader/Mixin) fabric-entity-events-v1.mixins.json:LivingEntityMixin from mod fabric-entity-events-v1->@Inject::beforeDamage(Lnet/minecraft/entity/damage/DamageSource;FLorg/spongepowered/asm/mixin/injection/callback/CallbackInfoReturnable;)V does use it's CallbackInfoReturnable
[21:22:46] [main/DEBUG] (FabricLoader/Mixin) fabric-entity-events-v1.mixins.json:LivingEntityMixin from mod fabric-entity-events-v1->@Inject::afterDamage(Lnet/minecraft/entity/damage/DamageSource;FLorg/spongepowered/asm/mixin/injection/callback/CallbackInfoReturnable;FZ)V doesn't use it's CallbackInfoReturnable
[21:22:46] [main/DEBUG] (FabricLoader/Mixin) fabric-entity-events-v1.mixins.json:LivingEntityMixin from mod fabric-entity-events-v1->@Inject::afterDamage(Lnet/minecraft/entity/damage/DamageSource;FLorg/spongepowered/asm/mixin/injection/callback/CallbackInfoReturnable;FZ)V has 0 override(s) in child classes
[21:22:46] [main/DEBUG] (FabricLoader/Mixin) fabric-entity-events-v1.mixins.json:LivingEntityMixin from mod fabric-entity-events-v1->@Inject::afterDamage(Lnet/minecraft/entity/damage/DamageSource;FLorg/spongepowered/asm/mixin/injection/callback/CallbackInfoReturnable;FZ)V won't be passed a CallbackInfoReturnable as a result
[21:22:46] [main/DEBUG] (FabricLoader/Mixin) fabric-entity-events-v1.mixins.json:LivingEntityMixin from mod fabric-entity-events-v1->@Inject::onSleep(Lnet/minecraft/util/math/BlockPos;Lorg/spongepowered/asm/mixin/injection/callback/CallbackInfo;)V doesn't use it's CallbackInfo
[21:22:46] [main/DEBUG] (FabricLoader/Mixin) fabric-entity-events-v1.mixins.json:LivingEntityMixin from mod fabric-entity-events-v1->@Inject::onSleep(Lnet/minecraft/util/math/BlockPos;Lorg/spongepowered/asm/mixin/injection/callback/CallbackInfo;)V has 0 override(s) in child classes
[21:22:46] [main/DEBUG] (FabricLoader/Mixin) fabric-entity-events-v1.mixins.json:LivingEntityMixin from mod fabric-entity-events-v1->@Inject::onSleep(Lnet/minecraft/util/math/BlockPos;Lorg/spongepowered/asm/mixin/injection/callback/CallbackInfo;)V won't be passed a CallbackInfo as a result
[21:22:46] [main/DEBUG] (FabricLoader/Mixin) fabric-entity-events-v1.mixins.json:LivingEntityMixin from mod fabric-entity-events-v1->@Inject::onWakeUp(Lorg/spongepowered/asm/mixin/injection/callback/CallbackInfo;)V doesn't use it's CallbackInfo
[21:22:46] [main/DEBUG] (FabricLoader/Mixin) fabric-entity-events-v1.mixins.json:LivingEntityMixin from mod fabric-entity-events-v1->@Inject::onWakeUp(Lorg/spongepowered/asm/mixin/injection/callback/CallbackInfo;)V has 0 override(s) in child classes
[21:22:46] [main/DEBUG] (FabricLoader/Mixin) fabric-entity-events-v1.mixins.json:LivingEntityMixin from mod fabric-entity-events-v1->@Inject::onWakeUp(Lorg/spongepowered/asm/mixin/injection/callback/CallbackInfo;)V won't be passed a CallbackInfo as a result
[21:22:46] [main/DEBUG] (FabricLoader/Mixin) fabric-entity-events-v1.mixins.json:LivingEntityMixin from mod fabric-entity-events-v1->@Inject::onIsSleepingInBed(Lnet/minecraft/util/math/BlockPos;Lorg/spongepowered/asm/mixin/injection/callback/CallbackInfoReturnable;)V does use it's CallbackInfoReturnable
[21:22:46] [main/DEBUG] (FabricLoader/Mixin) fabric-entity-events-v1.mixins.json:elytra.LivingEntityMixin from mod fabric-entity-events-v1->@Inject::injectElytraTick(Lorg/spongepowered/asm/mixin/injection/callback/CallbackInfo;)V does use it's CallbackInfo
[21:22:46] [main/DEBUG] (FabricLoader/Mixin) fabric-item-api-v1.mixins.json:LivingEntityMixin from mod fabric-item-api-v1->@Inject::onGetPreferredEquipmentSlot(Lnet/minecraft/item/ItemStack;Lorg/spongepowered/asm/mixin/injection/callback/CallbackInfoReturnable;)V does use it's CallbackInfoReturnable
[21:22:46] [main/DEBUG] (FabricLoader/Mixin) Mixing WorldMixin from fabric-lifecycle-events-v1.mixins.json into net.minecraft.world.World
[21:22:46] [main/DEBUG] (FabricLoader/Mixin) fabric-lifecycle-events-v1.mixins.json:WorldMixin from mod fabric-lifecycle-events-v1: Class version 65 required is higher than the class version supported by the current version of Mixin (JAVA_17 supports class version 61)
[21:22:46] [main/DEBUG] (FabricLoader/Mixin) Mixing AttachmentTargetsMixin from fabric-data-attachment-api-v1.mixins.json into net.minecraft.world.World
[21:22:46] [main/DEBUG] (FabricLoader/Mixin) fabric-data-attachment-api-v1.mixins.json:AttachmentTargetsMixin from mod fabric-data-attachment-api-v1: Class version 65 required is higher than the class version supported by the current version of Mixin (JAVA_17 supports class version 61)
[21:22:46] [main/DEBUG] (FabricLoader/Mixin) Mixing WorldMixin from fabric-data-attachment-api-v1.mixins.json into net.minecraft.world.World
[21:22:46] [main/DEBUG] (FabricLoader/Mixin) fabric-data-attachment-api-v1.mixins.json:WorldMixin from mod fabric-data-attachment-api-v1: Class version 65 required is higher than the class version supported by the current version of Mixin (JAVA_17 supports class version 61)
[21:22:46] [main/DEBUG] (FabricLoader/Mixin) Mixing WorldViewMixin from fabric-rendering-data-attachment-v1.mixins.json into net.minecraft.world.WorldView
[21:22:46] [main/DEBUG] (FabricLoader/Mixin) fabric-rendering-data-attachment-v1.mixins.json:WorldViewMixin from mod fabric-rendering-data-attachment-v1: Class version 65 required is higher than the class version supported by the current version of Mixin (JAVA_17 supports class version 61)
[21:22:46] [main/DEBUG] (FabricLoader/Mixin) Mixing WorldViewMixin from fabric-block-view-api-v2.mixins.json into net.minecraft.world.WorldView
[21:22:46] [main/DEBUG] (FabricLoader/Mixin) fabric-block-view-api-v2.mixins.json:WorldViewMixin from mod fabric-block-view-api-v2: Class version 65 required is higher than the class version supported by the current version of Mixin (JAVA_17 supports class version 61)
[21:22:46] [main/DEBUG] (FabricLoader/Mixin) Mixing ServerWorldMixin from fabric-lifecycle-events-v1.mixins.json into net.minecraft.server.world.ServerWorld
[21:22:46] [main/DEBUG] (FabricLoader/Mixin) fabric-lifecycle-events-v1.mixins.json:ServerWorldMixin from mod fabric-lifecycle-events-v1: Class version 65 required is higher than the class version supported by the current version of Mixin (JAVA_17 supports class version 61)
[21:22:46] [main/DEBUG] (FabricLoader/Mixin) Mixing ServerWorldMixin from fabric-data-attachment-api-v1.mixins.json into net.minecraft.server.world.ServerWorld
[21:22:46] [main/DEBUG] (FabricLoader/Mixin) fabric-data-attachment-api-v1.mixins.json:ServerWorldMixin from mod fabric-data-attachment-api-v1: Class version 65 required is higher than the class version supported by the current version of Mixin (JAVA_17 supports class version 61)
[21:22:46] [main/DEBUG] (FabricLoader/Mixin) Renaming synthetic method lambda$fabric_syncChange$2(Lnet/fabricmc/fabric/api/attachment/v1/AttachmentType;Lnet/fabricmc/fabric/impl/attachment/sync/s2c/AttachmentSyncPayloadS2C;Lnet/minecraft/server/network/ServerPlayerEntity;)V to md164862$fabric-data-attachment-api-v1$lambda$fabric_syncChange$2$0 in fabric-data-attachment-api-v1.mixins.json:ServerWorldMixin from mod fabric-data-attachment-api-v1
[21:22:46] [main/DEBUG] (FabricLoader/Mixin) Renaming synthetic method lambda$createAttachmentsPersistentState$1(Lnet/minecraft/server/world/ServerWorld;Lnet/minecraft/nbt/NbtCompound;Lnet/minecraft/registry/RegistryWrapper$WrapperLookup;)Lnet/fabricmc/fabric/impl/attachment/AttachmentPersistentState; to md164862$fabric-data-attachment-api-v1$lambda$createAttachmentsPersistentState$1$1 in fabric-data-attachment-api-v1.mixins.json:ServerWorldMixin from mod fabric-data-attachment-api-v1
[21:22:46] [main/DEBUG] (FabricLoader/Mixin) Renaming synthetic method lambda$createAttachmentsPersistentState$0(Lnet/minecraft/server/world/ServerWorld;)Lnet/fabricmc/fabric/impl/attachment/AttachmentPersistentState; to md164862$fabric-data-attachment-api-v1$lambda$createAttachmentsPersistentState$0$2 in fabric-data-attachment-api-v1.mixins.json:ServerWorldMixin from mod fabric-data-attachment-api-v1
[21:22:46] [main/DEBUG] (FabricLoader/Mixin) Mixing ServerWorldMixin from fabric-api-lookup-api-v1.mixins.json into net.minecraft.server.world.ServerWorld
[21:22:46] [main/DEBUG] (FabricLoader/Mixin) fabric-api-lookup-api-v1.mixins.json:ServerWorldMixin from mod fabric-api-lookup-api-v1: Class version 65 required is higher than the class version supported by the current version of Mixin (JAVA_17 supports class version 61)
[21:22:46] [main/DEBUG] (FabricLoader/Mixin) Renaming synthetic method lambda$fabric_invalidateCache$5(Ljava/util/Map$Entry;)Z to md164862$fabric-api-lookup-api-v1$lambda$fabric_invalidateCache$5$3 in fabric-api-lookup-api-v1.mixins.json:ServerWorldMixin from mod fabric-api-lookup-api-v1
[21:22:46] [main/DEBUG] (FabricLoader/Mixin) Renaming synthetic method lambda$fabric_invalidateCache$4(Ljava/lang/ref/WeakReference;)Z to md164862$fabric-api-lookup-api-v1$lambda$fabric_invalidateCache$4$4 in fabric-api-lookup-api-v1.mixins.json:ServerWorldMixin from mod fabric-api-lookup-api-v1
[21:22:46] [main/DEBUG] (FabricLoader/Mixin) Renaming synthetic method lambda$fabric_invalidateCache$3(Ljava/lang/ref/WeakReference;)V to md164862$fabric-api-lookup-api-v1$lambda$fabric_invalidateCache$3$5 in fabric-api-lookup-api-v1.mixins.json:ServerWorldMixin from mod fabric-api-lookup-api-v1
[21:22:46] [main/DEBUG] (FabricLoader/Mixin) Renaming synthetic method lambda$fabric_invalidateCache$2(Ljava/lang/ref/WeakReference;)Z to md164862$fabric-api-lookup-api-v1$lambda$fabric_invalidateCache$2$6 in fabric-api-lookup-api-v1.mixins.json:ServerWorldMixin from mod fabric-api-lookup-api-v1
[21:22:46] [main/DEBUG] (FabricLoader/Mixin) Renaming synthetic method lambda$fabric_registerCache$1(Ljava/lang/ref/WeakReference;)Z to md164862$fabric-api-lookup-api-v1$lambda$fabric_registerCache$1$7 in fabric-api-lookup-api-v1.mixins.json:ServerWorldMixin from mod fabric-api-lookup-api-v1
[21:22:46] [main/DEBUG] (FabricLoader/Mixin) Renaming synthetic method lambda$fabric_registerCache$0(Lnet/minecraft/util/math/BlockPos;)Ljava/util/List; to md164862$fabric-api-lookup-api-v1$lambda$fabric_registerCache$0$8 in fabric-api-lookup-api-v1.mixins.json:ServerWorldMixin from mod fabric-api-lookup-api-v1
[21:22:46] [main/DEBUG] (FabricLoader/Mixin) fabric-lifecycle-events-v1.mixins.json:ServerWorldMixin from mod fabric-lifecycle-events-v1->@Inject::startWorldTick(Ljava/util/function/BooleanSupplier;Lorg/spongepowered/asm/mixin/injection/callback/CallbackInfo;)V doesn't use it's CallbackInfo
[21:22:46] [main/DEBUG] (FabricLoader/Mixin) fabric-lifecycle-events-v1.mixins.json:ServerWorldMixin from mod fabric-lifecycle-events-v1->@Inject::startWorldTick(Ljava/util/function/BooleanSupplier;Lorg/spongepowered/asm/mixin/injection/callback/CallbackInfo;)V has 0 override(s) in child classes
[21:22:46] [main/DEBUG] (FabricLoader/Mixin) fabric-lifecycle-events-v1.mixins.json:ServerWorldMixin from mod fabric-lifecycle-events-v1->@Inject::startWorldTick(Ljava/util/function/BooleanSupplier;Lorg/spongepowered/asm/mixin/injection/callback/CallbackInfo;)V won't be passed a CallbackInfo as a result
[21:22:46] [main/DEBUG] (FabricLoader/Mixin) fabric-lifecycle-events-v1.mixins.json:ServerWorldMixin from mod fabric-lifecycle-events-v1->@Inject::endWorldTick(Ljava/util/function/BooleanSupplier;Lorg/spongepowered/asm/mixin/injection/callback/CallbackInfo;)V doesn't use it's CallbackInfo
[21:22:46] [main/DEBUG] (FabricLoader/Mixin) fabric-lifecycle-events-v1.mixins.json:ServerWorldMixin from mod fabric-lifecycle-events-v1->@Inject::endWorldTick(Ljava/util/function/BooleanSupplier;Lorg/spongepowered/asm/mixin/injection/callback/CallbackInfo;)V has 0 override(s) in child classes
[21:22:46] [main/DEBUG] (FabricLoader/Mixin) fabric-lifecycle-events-v1.mixins.json:ServerWorldMixin from mod fabric-lifecycle-events-v1->@Inject::endWorldTick(Ljava/util/function/BooleanSupplier;Lorg/spongepowered/asm/mixin/injection/callback/CallbackInfo;)V won't be passed a CallbackInfo as a result
[21:22:46] [main/DEBUG] (FabricLoader/Mixin) fabric-data-attachment-api-v1.mixins.json:ServerWorldMixin from mod fabric-data-attachment-api-v1->@Inject::createAttachmentsPersistentState(Lorg/spongepowered/asm/mixin/injection/callback/CallbackInfo;)V doesn't use it's CallbackInfo
[21:22:46] [main/DEBUG] (FabricLoader/Mixin) fabric-data-attachment-api-v1.mixins.json:ServerWorldMixin from mod fabric-data-attachment-api-v1->@Inject::createAttachmentsPersistentState(Lorg/spongepowered/asm/mixin/injection/callback/CallbackInfo;)V has 0 override(s) in child classes
[21:22:46] [main/DEBUG] (FabricLoader/Mixin) fabric-data-attachment-api-v1.mixins.json:ServerWorldMixin from mod fabric-data-attachment-api-v1->@Inject::createAttachmentsPersistentState(Lorg/spongepowered/asm/mixin/injection/callback/CallbackInfo;)V won't be passed a CallbackInfo as a result
[21:22:46] [main/DEBUG] (FabricLoader/Mixin) Mixing AbstractBlockSettingsAccessor from fabric-object-builder-v1.mixins.json into net.minecraft.block.AbstractBlock$Settings
[21:22:46] [main/DEBUG] (FabricLoader/Mixin) fabric-object-builder-v1.mixins.json:AbstractBlockSettingsAccessor from mod fabric-object-builder-api-v1: Class version 65 required is higher than the class version supported by the current version of Mixin (JAVA_17 supports class version 61)
[21:22:46] [main/DEBUG] (FabricLoader/Mixin) Mixing IdListMixin from fabric-registry-sync-v0.mixins.json into net.minecraft.util.collection.IdList
[21:22:46] [main/DEBUG] (FabricLoader/Mixin) fabric-registry-sync-v0.mixins.json:IdListMixin from mod fabric-registry-sync-v0: Class version 65 required is higher than the class version supported by the current version of Mixin (JAVA_17 supports class version 61)
[21:22:46] [main/DEBUG] (FabricLoader/Mixin) Renaming synthetic method lambda$fabric_remapIds$0(Lit/unimi/dsi/fastutil/ints/Int2IntMap;Ljava/lang/Object;Ljava/lang/Integer;)Ljava/lang/Integer; to md164862$fabric-registry-sync-v0$lambda$fabric_remapIds$0$0 in fabric-registry-sync-v0.mixins.json:IdListMixin from mod fabric-registry-sync-v0
[21:22:47] [main/DEBUG] (FabricLoader/Mixin) Mixing DetectorRailBlockMixin from fabric-object-builder-v1.mixins.json into net.minecraft.block.DetectorRailBlock
[21:22:47] [main/DEBUG] (FabricLoader/Mixin) fabric-object-builder-v1.mixins.json:DetectorRailBlockMixin from mod fabric-object-builder-api-v1: Class version 65 required is higher than the class version supported by the current version of Mixin (JAVA_17 supports class version 61)
[21:22:47] [main/DEBUG] (FabricLoader/Mixin) Renaming synthetic method lambda$getCustomComparatorOutput$0(Lnet/minecraft/entity/Entity;)Z to md164862$fabric-object-builder-api-v1$lambda$getCustomComparatorOutput$0$0 in fabric-object-builder-v1.mixins.json:DetectorRailBlockMixin from mod fabric-object-builder-api-v1
[21:22:47] [main/DEBUG] (FabricLoader/Mixin) fabric-object-builder-v1.mixins.json:DetectorRailBlockMixin from mod fabric-object-builder-api-v1->@Inject::getCustomComparatorOutput(Lnet/minecraft/block/BlockState;Lnet/minecraft/world/World;Lnet/minecraft/util/math/BlockPos;Lorg/spongepowered/asm/mixin/injection/callback/CallbackInfoReturnable;)V does use it's CallbackInfoReturnable
[21:22:47] [main/DEBUG] (FabricLoader/Mixin) Mixing DropperBlockMixin from fabric-transfer-api-v1.mixins.json into net.minecraft.block.DropperBlock
[21:22:47] [main/DEBUG] (FabricLoader/Mixin) fabric-transfer-api-v1.mixins.json:DropperBlockMixin from mod fabric-transfer-api-v1: Class version 65 required is higher than the class version supported by the current version of Mixin (JAVA_17 supports class version 61)
[21:22:47] [main/DEBUG] (FabricLoader/Mixin) Renaming synthetic method lambda$hookDispense$0(Lnet/fabricmc/fabric/api/transfer/v1/item/ItemVariant;)Z to md164862$fabric-transfer-api-v1$lambda$hookDispense$0$0 in fabric-transfer-api-v1.mixins.json:DropperBlockMixin from mod fabric-transfer-api-v1
[21:22:47] [main/DEBUG] (FabricLoader/Mixin) fabric-transfer-api-v1.mixins.json:DropperBlockMixin from mod fabric-transfer-api-v1->@Inject::hookDispense(Lnet/minecraft/server/world/ServerWorld;Lnet/minecraft/block/BlockState;Lnet/minecraft/util/math/BlockPos;Lorg/spongepowered/asm/mixin/injection/callback/CallbackInfo;)V does use it's CallbackInfo
[21:22:47] [main/DEBUG] (FabricLoader/Mixin) Mixing OxidizableMixin from fabric-content-registries-v0.mixins.json into net.minecraft.block.Oxidizable
[21:22:47] [main/DEBUG] (FabricLoader/Mixin) fabric-content-registries-v0.mixins.json:OxidizableMixin from mod fabric-content-registries-v0: Class version 65 required is higher than the class version supported by the current version of Mixin (JAVA_17 supports class version 61)
[21:22:47] [main/DEBUG] (FabricLoader/Mixin) fabric-content-registries-v0.mixins.json:OxidizableMixin from mod fabric-content-registries-v0->@Inject::createOxidationLevelIncreasesMap(Lorg/spongepowered/asm/mixin/injection/callback/CallbackInfoReturnable;)V does use it's CallbackInfoReturnable
[21:22:47] [main/DEBUG] (FabricLoader/Mixin) Mixing CrafterBlockMixin from fabric-transfer-api-v1.mixins.json into net.minecraft.block.CrafterBlock
[21:22:47] [main/DEBUG] (FabricLoader/Mixin) fabric-transfer-api-v1.mixins.json:CrafterBlockMixin from mod fabric-transfer-api-v1: Class version 65 required is higher than the class version supported by the current version of Mixin (JAVA_17 supports class version 61)
[21:22:47] [main/DEBUG] (FabricLoader/Mixin) fabric-transfer-api-v1.mixins.json:CrafterBlockMixin from mod fabric-transfer-api-v1->@Inject::transferOrSpawnStack(Lnet/minecraft/server/world/ServerWorld;Lnet/minecraft/util/math/BlockPos;Lnet/minecraft/block/entity/CrafterBlockEntity;Lnet/minecraft/item/ItemStack;Lnet/minecraft/block/BlockState;Lnet/minecraft/recipe/RecipeEntry;Lorg/spongepowered/asm/mixin/injection/callback/CallbackInfo;)V doesn't use it's CallbackInfo
[21:22:47] [main/DEBUG] (FabricLoader/Mixin) fabric-transfer-api-v1.mixins.json:CrafterBlockMixin from mod fabric-transfer-api-v1->@Inject::transferOrSpawnStack(Lnet/minecraft/server/world/ServerWorld;Lnet/minecraft/util/math/BlockPos;Lnet/minecraft/block/entity/CrafterBlockEntity;Lnet/minecraft/item/ItemStack;Lnet/minecraft/block/BlockState;Lnet/minecraft/recipe/RecipeEntry;Lorg/spongepowered/asm/mixin/injection/callback/CallbackInfo;)V has 0 override(s) in child classes
[21:22:47] [main/DEBUG] (FabricLoader/Mixin) fabric-transfer-api-v1.mixins.json:CrafterBlockMixin from mod fabric-transfer-api-v1->@Inject::transferOrSpawnStack(Lnet/minecraft/server/world/ServerWorld;Lnet/minecraft/util/math/BlockPos;Lnet/minecraft/block/entity/CrafterBlockEntity;Lnet/minecraft/item/ItemStack;Lnet/minecraft/block/BlockState;Lnet/minecraft/recipe/RecipeEntry;Lorg/spongepowered/asm/mixin/injection/callback/CallbackInfo;)V won't be passed a CallbackInfo as a result
[21:22:47] [main/DEBUG] (FabricLoader/Mixin) fabric-transfer-api-v1.mixins.json:CrafterBlockMixin from mod fabric-transfer-api-v1->@Inject::transferOrSpawnStack(Lnet/minecraft/server/world/ServerWorld;Lnet/minecraft/util/math/BlockPos;Lnet/minecraft/block/entity/CrafterBlockEntity;Lnet/minecraft/item/ItemStack;Lnet/minecraft/block/BlockState;Lnet/minecraft/recipe/RecipeEntry;Lorg/spongepowered/asm/mixin/injection/callback/CallbackInfo;)V doesn't use it's CallbackInfo
[21:22:47] [main/DEBUG] (FabricLoader/Mixin) fabric-transfer-api-v1.mixins.json:CrafterBlockMixin from mod fabric-transfer-api-v1->@Inject::transferOrSpawnStack(Lnet/minecraft/server/world/ServerWorld;Lnet/minecraft/util/math/BlockPos;Lnet/minecraft/block/entity/CrafterBlockEntity;Lnet/minecraft/item/ItemStack;Lnet/minecraft/block/BlockState;Lnet/minecraft/recipe/RecipeEntry;Lorg/spongepowered/asm/mixin/injection/callback/CallbackInfo;)V has 0 override(s) in child classes
[21:22:47] [main/DEBUG] (FabricLoader/Mixin) fabric-transfer-api-v1.mixins.json:CrafterBlockMixin from mod fabric-transfer-api-v1->@Inject::transferOrSpawnStack(Lnet/minecraft/server/world/ServerWorld;Lnet/minecraft/util/math/BlockPos;Lnet/minecraft/block/entity/CrafterBlockEntity;Lnet/minecraft/item/ItemStack;Lnet/minecraft/block/BlockState;Lnet/minecraft/recipe/RecipeEntry;Lorg/spongepowered/asm/mixin/injection/callback/CallbackInfo;)V won't be passed a CallbackInfo as a result
[21:22:47] [main/DEBUG] (FabricLoader/Mixin) fabric-transfer-api-v1.mixins.json:CrafterBlockMixin from mod fabric-transfer-api-v1->@Inject::transferOrSpawnStack(Lnet/minecraft/server/world/ServerWorld;Lnet/minecraft/util/math/BlockPos;Lnet/minecraft/block/entity/CrafterBlockEntity;Lnet/minecraft/item/ItemStack;Lnet/minecraft/block/BlockState;Lnet/minecraft/recipe/RecipeEntry;Lorg/spongepowered/asm/mixin/injection/callback/CallbackInfo;)V doesn't use it's CallbackInfo
[21:22:47] [main/DEBUG] (FabricLoader/Mixin) fabric-transfer-api-v1.mixins.json:CrafterBlockMixin from mod fabric-transfer-api-v1->@Inject::transferOrSpawnStack(Lnet/minecraft/server/world/ServerWorld;Lnet/minecraft/util/math/BlockPos;Lnet/minecraft/block/entity/CrafterBlockEntity;Lnet/minecraft/item/ItemStack;Lnet/minecraft/block/BlockState;Lnet/minecraft/recipe/RecipeEntry;Lorg/spongepowered/asm/mixin/injection/callback/CallbackInfo;)V has 0 override(s) in child classes
[21:22:47] [main/DEBUG] (FabricLoader/Mixin) fabric-transfer-api-v1.mixins.json:CrafterBlockMixin from mod fabric-transfer-api-v1->@Inject::transferOrSpawnStack(Lnet/minecraft/server/world/ServerWorld;Lnet/minecraft/util/math/BlockPos;Lnet/minecraft/block/entity/CrafterBlockEntity;Lnet/minecraft/item/ItemStack;Lnet/minecraft/block/BlockState;Lnet/minecraft/recipe/RecipeEntry;Lorg/spongepowered/asm/mixin/injection/callback/CallbackInfo;)V won't be passed a CallbackInfo as a result
[21:22:47] [main/DEBUG] (FabricLoader/Mixin) fabric-transfer-api-v1.mixins.json:CrafterBlockMixin from mod fabric-transfer-api-v1->@Inject::transferOrSpawnStack(Lnet/minecraft/server/world/ServerWorld;Lnet/minecraft/util/math/BlockPos;Lnet/minecraft/block/entity/CrafterBlockEntity;Lnet/minecraft/item/ItemStack;Lnet/minecraft/block/BlockState;Lnet/minecraft/recipe/RecipeEntry;Lorg/spongepowered/asm/mixin/injection/callback/CallbackInfo;)V doesn't use it's CallbackInfo
[21:22:47] [main/DEBUG] (FabricLoader/Mixin) fabric-transfer-api-v1.mixins.json:CrafterBlockMixin from mod fabric-transfer-api-v1->@Inject::transferOrSpawnStack(Lnet/minecraft/server/world/ServerWorld;Lnet/minecraft/util/math/BlockPos;Lnet/minecraft/block/entity/CrafterBlockEntity;Lnet/minecraft/item/ItemStack;Lnet/minecraft/block/BlockState;Lnet/minecraft/recipe/RecipeEntry;Lorg/spongepowered/asm/mixin/injection/callback/CallbackInfo;)V has 0 override(s) in child classes
[21:22:47] [main/DEBUG] (FabricLoader/Mixin) fabric-transfer-api-v1.mixins.json:CrafterBlockMixin from mod fabric-transfer-api-v1->@Inject::transferOrSpawnStack(Lnet/minecraft/server/world/ServerWorld;Lnet/minecraft/util/math/BlockPos;Lnet/minecraft/block/entity/CrafterBlockEntity;Lnet/minecraft/item/ItemStack;Lnet/minecraft/block/BlockState;Lnet/minecraft/recipe/RecipeEntry;Lorg/spongepowered/asm/mixin/injection/callback/CallbackInfo;)V won't be passed a CallbackInfo as a result
[21:22:47] [main/DEBUG] (FabricLoader/Mixin) Mixing BlockStateMixin from fabric-block-api-v1.mixins.json into net.minecraft.block.BlockState
[21:22:47] [main/DEBUG] (FabricLoader/Mixin) fabric-block-api-v1.mixins.json:BlockStateMixin from mod fabric-block-api-v1: Class version 65 required is higher than the class version supported by the current version of Mixin (JAVA_17 supports class version 61)
[21:22:47] [main/DEBUG] (FabricLoader/Mixin) Mixing EntityTypeMixin from fabric-object-builder-v1.mixins.json into net.minecraft.entity.EntityType
[21:22:47] [main/DEBUG] (FabricLoader/Mixin) fabric-object-builder-v1.mixins.json:EntityTypeMixin from mod fabric-object-builder-api-v1: Class version 65 required is higher than the class version supported by the current version of Mixin (JAVA_17 supports class version 61)
[21:22:47] [main/DEBUG] (FabricLoader/Mixin) fabric-object-builder-v1.mixins.json:EntityTypeMixin from mod fabric-object-builder-api-v1->@Inject::alwaysUpdateVelocity(Lorg/spongepowered/asm/mixin/injection/callback/CallbackInfoReturnable;)V does use it's CallbackInfoReturnable
[21:22:47] [main/DEBUG] (FabricLoader/Mixin) Mixing FluidMixin from fabric-transfer-api-v1.mixins.json into net.minecraft.fluid.Fluid
[21:22:47] [main/DEBUG] (FabricLoader/Mixin) fabric-transfer-api-v1.mixins.json:FluidMixin from mod fabric-transfer-api-v1: Class version 65 required is higher than the class version supported by the current version of Mixin (JAVA_17 supports class version 61)
[21:22:47] [main/DEBUG] (FabricLoader/Mixin) fabric-transfer-api-v1.mixins.json:FluidMixin from mod fabric-transfer-api-v1->@Inject::hookGetBucketFillSound(Lorg/spongepowered/asm/mixin/injection/callback/CallbackInfoReturnable;)V does use it's CallbackInfoReturnable
[21:22:47] [main/DEBUG] (FabricLoader/Mixin) Mixing ComponentMapBuilderMixin from fabric-item-api-v1.mixins.json into net.minecraft.component.ComponentMap$Builder
[21:22:47] [main/DEBUG] (FabricLoader/Mixin) fabric-item-api-v1.mixins.json:ComponentMapBuilderMixin from mod fabric-item-api-v1: Class version 65 required is higher than the class version supported by the current version of Mixin (JAVA_17 supports class version 61)
[21:22:47] [main/DEBUG] (FabricLoader/Mixin) Mixing BlockEntityMixin from fabric-rendering-data-attachment-v1.mixins.json into net.minecraft.block.entity.BlockEntity
[21:22:47] [main/DEBUG] (FabricLoader/Mixin) fabric-rendering-data-attachment-v1.mixins.json:BlockEntityMixin from mod fabric-rendering-data-attachment-v1: Class version 65 required is higher than the class version supported by the current version of Mixin (JAVA_17 supports class version 61)
[21:22:47] [main/DEBUG] (FabricLoader/Mixin) Mixing AttachmentTargetsMixin from fabric-data-attachment-api-v1.mixins.json into net.minecraft.block.entity.BlockEntity
[21:22:47] [main/DEBUG] (FabricLoader/Mixin) fabric-data-attachment-api-v1.mixins.json:AttachmentTargetsMixin from mod fabric-data-attachment-api-v1: Class version 65 required is higher than the class version supported by the current version of Mixin (JAVA_17 supports class version 61)
[21:22:47] [main/DEBUG] (FabricLoader/Mixin) Mixing BlockEntityMixin from fabric-data-attachment-api-v1.mixins.json into net.minecraft.block.entity.BlockEntity
[21:22:47] [main/DEBUG] (FabricLoader/Mixin) fabric-data-attachment-api-v1.mixins.json:BlockEntityMixin from mod fabric-data-attachment-api-v1: Class version 65 required is higher than the class version supported by the current version of Mixin (JAVA_17 supports class version 61)
[21:22:47] [main/DEBUG] (FabricLoader/Mixin) Renaming synthetic method lambda$fabric_syncChange$0(Lnet/fabricmc/fabric/api/attachment/v1/AttachmentType;Lnet/fabricmc/fabric/impl/attachment/sync/s2c/AttachmentSyncPayloadS2C;Lnet/minecraft/server/network/ServerPlayerEntity;)V to md164862$fabric-data-attachment-api-v1$lambda$fabric_syncChange$0$0 in fabric-data-attachment-api-v1.mixins.json:BlockEntityMixin from mod fabric-data-attachment-api-v1
[21:22:47] [main/DEBUG] (FabricLoader/Mixin) Mixing BlockEntityMixin from fabric-block-view-api-v2.mixins.json into net.minecraft.block.entity.BlockEntity
[21:22:47] [main/DEBUG] (FabricLoader/Mixin) fabric-block-view-api-v2.mixins.json:BlockEntityMixin from mod fabric-block-view-api-v2: Class version 65 required is higher than the class version supported by the current version of Mixin (JAVA_17 supports class version 61)
[21:22:47] [main/DEBUG] (FabricLoader/Mixin) fabric-data-attachment-api-v1.mixins.json:BlockEntityMixin from mod fabric-data-attachment-api-v1->@Inject::readBlockEntityAttachments(Lnet/minecraft/nbt/NbtCompound;Lnet/minecraft/registry/RegistryWrapper$WrapperLookup;Lorg/spongepowered/asm/mixin/injection/callback/CallbackInfo;)V doesn't use it's CallbackInfo
[21:22:47] [main/DEBUG] (FabricLoader/Mixin) fabric-data-attachment-api-v1.mixins.json:BlockEntityMixin from mod fabric-data-attachment-api-v1->@Inject::readBlockEntityAttachments(Lnet/minecraft/nbt/NbtCompound;Lnet/minecraft/registry/RegistryWrapper$WrapperLookup;Lorg/spongepowered/asm/mixin/injection/callback/CallbackInfo;)V has 0 override(s) in child classes
[21:22:47] [main/DEBUG] (FabricLoader/Mixin) fabric-data-attachment-api-v1.mixins.json:BlockEntityMixin from mod fabric-data-attachment-api-v1->@Inject::readBlockEntityAttachments(Lnet/minecraft/nbt/NbtCompound;Lnet/minecraft/registry/RegistryWrapper$WrapperLookup;Lorg/spongepowered/asm/mixin/injection/callback/CallbackInfo;)V won't be passed a CallbackInfo as a result
[21:22:47] [main/DEBUG] (FabricLoader/Mixin) fabric-data-attachment-api-v1.mixins.json:BlockEntityMixin from mod fabric-data-attachment-api-v1->@Inject::writeBlockEntityAttachments(Lnet/minecraft/registry/RegistryWrapper$WrapperLookup;Lorg/spongepowered/asm/mixin/injection/callback/CallbackInfoReturnable;)V does use it's CallbackInfoReturnable
[21:22:47] [main/DEBUG] (FabricLoader/Mixin) Mixing NamedScreenHandlerFactoryMixin from fabric-screen-handler-api-v1.mixins.json into net.minecraft.screen.NamedScreenHandlerFactory
[21:22:47] [main/DEBUG] (FabricLoader/Mixin) fabric-screen-handler-api-v1.mixins.json:NamedScreenHandlerFactoryMixin from mod fabric-screen-handler-api-v1: Class version 65 required is higher than the class version supported by the current version of Mixin (JAVA_17 supports class version 61)
[21:22:47] [main/DEBUG] (FabricLoader/Mixin) Mixing LockableContainerBlockEntityMixin from fabric-transfer-api-v1.mixins.json into net.minecraft.block.entity.LockableContainerBlockEntity
[21:22:47] [main/DEBUG] (FabricLoader/Mixin) fabric-transfer-api-v1.mixins.json:LockableContainerBlockEntityMixin from mod fabric-transfer-api-v1: Class version 65 required is higher than the class version supported by the current version of Mixin (JAVA_17 supports class version 61)
[21:22:47] [main/DEBUG] (FabricLoader/Mixin) Mixing MobEntityMixin from fabric-entity-events-v1.mixins.json into net.minecraft.entity.mob.MobEntity
[21:22:47] [main/DEBUG] (FabricLoader/Mixin) fabric-entity-events-v1.mixins.json:MobEntityMixin from mod fabric-entity-events-v1: Class version 65 required is higher than the class version supported by the current version of Mixin (JAVA_17 supports class version 61)
[21:22:47] [main/DEBUG] (FabricLoader/Mixin) Mixing ChiseledBookshelfBlockEntityMixin from fabric-transfer-api-v1.mixins.json into net.minecraft.block.entity.ChiseledBookshelfBlockEntity
[21:22:47] [main/DEBUG] (FabricLoader/Mixin) fabric-transfer-api-v1.mixins.json:ChiseledBookshelfBlockEntityMixin from mod fabric-transfer-api-v1: Class version 65 required is higher than the class version supported by the current version of Mixin (JAVA_17 supports class version 61)
[21:22:47] [main/DEBUG] (FabricLoader/Mixin) fabric-transfer-api-v1.mixins.json:ChiseledBookshelfBlockEntityMixin from mod fabric-transfer-api-v1->@Inject::setStackBypass(ILnet/minecraft/item/ItemStack;Lorg/spongepowered/asm/mixin/injection/callback/CallbackInfo;)V does use it's CallbackInfo
[21:22:47] [main/DEBUG] (FabricLoader/Mixin) Mixing BlockEntityTypeMixin from fabric-object-builder-v1.mixins.json into net.minecraft.block.entity.BlockEntityType
[21:22:47] [main/DEBUG] (FabricLoader/Mixin) fabric-object-builder-v1.mixins.json:BlockEntityTypeMixin from mod fabric-object-builder-api-v1: Class version 65 required is higher than the class version supported by the current version of Mixin (JAVA_17 supports class version 61)
[21:22:47] [main/DEBUG] (FabricLoader/Mixin) Mixing BlockEntityTypeAccessor from fabric-api-lookup-api-v1.mixins.json into net.minecraft.block.entity.BlockEntityType
[21:22:47] [main/DEBUG] (FabricLoader/Mixin) fabric-api-lookup-api-v1.mixins.json:BlockEntityTypeAccessor from mod fabric-api-lookup-api-v1: Class version 65 required is higher than the class version supported by the current version of Mixin (JAVA_17 supports class version 61)
[21:22:47] [main/DEBUG] (FabricLoader/Mixin) fabric-object-builder-v1.mixins.json:BlockEntityTypeMixin from mod fabric-object-builder-api-v1->@Inject::mutableBlocks(Lnet/minecraft/block/entity/BlockEntityType$BlockEntityFactory;Ljava/util/Set;Lcom/mojang/datafixers/types/Type;Lorg/spongepowered/asm/mixin/injection/callback/CallbackInfo;)V doesn't use it's CallbackInfo
[21:22:47] [main/DEBUG] (FabricLoader/Mixin) fabric-object-builder-v1.mixins.json:BlockEntityTypeMixin from mod fabric-object-builder-api-v1->@Inject::mutableBlocks(Lnet/minecraft/block/entity/BlockEntityType$BlockEntityFactory;Ljava/util/Set;Lcom/mojang/datafixers/types/Type;Lorg/spongepowered/asm/mixin/injection/callback/CallbackInfo;)V has 0 override(s) in child classes
[21:22:47] [main/DEBUG] (FabricLoader/Mixin) fabric-object-builder-v1.mixins.json:BlockEntityTypeMixin from mod fabric-object-builder-api-v1->@Inject::mutableBlocks(Lnet/minecraft/block/entity/BlockEntityType$BlockEntityFactory;Ljava/util/Set;Lcom/mojang/datafixers/types/Type;Lorg/spongepowered/asm/mixin/injection/callback/CallbackInfo;)V won't be passed a CallbackInfo as a result
[21:22:47] [main/DEBUG] (FabricLoader/Mixin) Mixing AbstractFurnaceBlockEntityMixin from fabric-item-api-v1.mixins.json into net.minecraft.block.entity.AbstractFurnaceBlockEntity
[21:22:47] [main/DEBUG] (FabricLoader/Mixin) fabric-item-api-v1.mixins.json:AbstractFurnaceBlockEntityMixin from mod fabric-item-api-v1: Class version 65 required is higher than the class version supported by the current version of Mixin (JAVA_17 supports class version 61)
[21:22:47] [main/DEBUG] (FabricLoader/Mixin) Mixing AbstractFurnaceBlockEntityMixin from fabric-content-registries-v0.mixins.json into net.minecraft.block.entity.AbstractFurnaceBlockEntity
[21:22:47] [main/DEBUG] (FabricLoader/Mixin) fabric-content-registries-v0.mixins.json:AbstractFurnaceBlockEntityMixin from mod fabric-content-registries-v0: Class version 65 required is higher than the class version supported by the current version of Mixin (JAVA_17 supports class version 61)
[21:22:47] [main/DEBUG] (FabricLoader/Mixin) Mixing AbstractFurnaceBlockEntityMixin from fabric-transfer-api-v1.mixins.json into net.minecraft.block.entity.AbstractFurnaceBlockEntity
[21:22:47] [main/DEBUG] (FabricLoader/Mixin) fabric-transfer-api-v1.mixins.json:AbstractFurnaceBlockEntityMixin from mod fabric-transfer-api-v1: Class version 65 required is higher than the class version supported by the current version of Mixin (JAVA_17 supports class version 61)
[21:22:47] [main/DEBUG] (FabricLoader/Mixin) fabric-item-api-v1.mixins.json:AbstractFurnaceBlockEntityMixin from mod fabric-item-api-v1->@Inject::getStackRemainder(Lnet/minecraft/world/World;Lnet/minecraft/util/math/BlockPos;Lnet/minecraft/block/BlockState;Lnet/minecraft/block/entity/AbstractFurnaceBlockEntity;Lorg/spongepowered/asm/mixin/injection/callback/CallbackInfo;ZZLnet/minecraft/item/ItemStack;Lnet/minecraft/item/ItemStack;ZZLnet/minecraft/recipe/RecipeEntry;I)V doesn't use it's CallbackInfo
[21:22:47] [main/DEBUG] (FabricLoader/Mixin) fabric-content-registries-v0.mixins.json:AbstractFurnaceBlockEntityMixin from mod fabric-content-registries-v0->@Inject::fuelTimeMapHook(Lorg/spongepowered/asm/mixin/injection/callback/CallbackInfoReturnable;)V does use it's CallbackInfoReturnable
[21:22:47] [main/DEBUG] (FabricLoader/Mixin) fabric-content-registries-v0.mixins.json:AbstractFurnaceBlockEntityMixin from mod fabric-content-registries-v0->@Inject::fuelTimeMapHook(Lorg/spongepowered/asm/mixin/injection/callback/CallbackInfoReturnable;)V does use it's CallbackInfoReturnable
[21:22:47] [main/DEBUG] (FabricLoader/Mixin) fabric-transfer-api-v1.mixins.json:AbstractFurnaceBlockEntityMixin from mod fabric-transfer-api-v1->@Inject::setStackSuppressUpdate(ILnet/minecraft/item/ItemStack;Lorg/spongepowered/asm/mixin/injection/callback/CallbackInfo;)V does use it's CallbackInfo
[21:22:47] [main/DEBUG] (FabricLoader/Mixin) Mixing JukeboxBlockEntityMixin from fabric-transfer-api-v1.mixins.json into net.minecraft.block.entity.JukeboxBlockEntity
[21:22:47] [main/DEBUG] (FabricLoader/Mixin) fabric-transfer-api-v1.mixins.json:JukeboxBlockEntityMixin from mod fabric-transfer-api-v1: Class version 65 required is higher than the class version supported by the current version of Mixin (JAVA_17 supports class version 61)
[21:22:47] [main/DEBUG] (FabricLoader/Mixin) fabric-transfer-api-v1.mixins.json:JukeboxBlockEntityMixin from mod fabric-transfer-api-v1->@Inject::setStackBypass(Lnet/minecraft/item/ItemStack;Lorg/spongepowered/asm/mixin/injection/callback/CallbackInfo;)V does use it's CallbackInfo
[21:22:47] [main/DEBUG] (FabricLoader/Mixin) Mixing BrewingStandBlockEntityMixin from fabric-item-api-v1.mixins.json into net.minecraft.block.entity.BrewingStandBlockEntity
[21:22:47] [main/DEBUG] (FabricLoader/Mixin) fabric-item-api-v1.mixins.json:BrewingStandBlockEntityMixin from mod fabric-item-api-v1: Class version 65 required is higher than the class version supported by the current version of Mixin (JAVA_17 supports class version 61)
[21:22:47] [main/DEBUG] (FabricLoader/Mixin) fabric-item-api-v1.mixins.json:BrewingStandBlockEntityMixin from mod fabric-item-api-v1->@Inject::captureItemStack(Lnet/minecraft/world/World;Lnet/minecraft/util/math/BlockPos;Lnet/minecraft/util/collection/DefaultedList;Lorg/spongepowered/asm/mixin/injection/callback/CallbackInfo;Lnet/minecraft/item/ItemStack;)V doesn't use it's CallbackInfo
[21:22:47] [main/DEBUG] (FabricLoader/Mixin) Mixing ItemStackMixin from fabric-item-api-v1.mixins.json into net.minecraft.item.ItemStack
[21:22:47] [main/DEBUG] (FabricLoader/Mixin) fabric-item-api-v1.mixins.json:ItemStackMixin from mod fabric-item-api-v1: Class version 65 required is higher than the class version supported by the current version of Mixin (JAVA_17 supports class version 61)
[21:22:47] [main/DEBUG] (FabricLoader/Mixin) Renaming synthetic method lambda$hookDamage$0(Lorg/apache/commons/lang3/mutable/MutableBoolean;Ljava/util/function/Consumer;)V to md164862$fabric-item-api-v1$lambda$hookDamage$0$0 in fabric-item-api-v1.mixins.json:ItemStackMixin from mod fabric-item-api-v1
[21:22:47] [main/DEBUG] (FabricLoader/Mixin) Mixing ItemStackMixin from fabric-item-api-v1.client.mixins.json into net.minecraft.item.ItemStack
[21:22:47] [main/DEBUG] (FabricLoader/Mixin) fabric-item-api-v1.client.mixins.json:ItemStackMixin from mod fabric-item-api-v1: Class version 65 required is higher than the class version supported by the current version of Mixin (JAVA_17 supports class version 61)
[21:22:47] [main/DEBUG] (FabricLoader/Mixin) fabric-item-api-v1.client.mixins.json:ItemStackMixin from mod fabric-item-api-v1->@Inject::getTooltip(Lnet/minecraft/item/Item$TooltipContext;Lnet/minecraft/entity/player/PlayerEntity;Lnet/minecraft/item/tooltip/TooltipType;Lorg/spongepowered/asm/mixin/injection/callback/CallbackInfoReturnable;)V does use it's CallbackInfoReturnable
[21:22:47] [main/DEBUG] (FabricLoader/Mixin) Mixing AnvilScreenHandlerMixin from fabric-item-api-v1.mixins.json into net.minecraft.screen.AnvilScreenHandler
[21:22:47] [main/DEBUG] (FabricLoader/Mixin) fabric-item-api-v1.mixins.json:AnvilScreenHandlerMixin from mod fabric-item-api-v1: Class version 65 required is higher than the class version supported by the current version of Mixin (JAVA_17 supports class version 61)
[21:22:47] [main/DEBUG] (FabricLoader/Mixin) Mixing HopperBlockEntityMixin from fabric-transfer-api-v1.mixins.json into net.minecraft.block.entity.HopperBlockEntity
[21:22:47] [main/DEBUG] (FabricLoader/Mixin) fabric-transfer-api-v1.mixins.json:HopperBlockEntityMixin from mod fabric-transfer-api-v1: Class version 65 required is higher than the class version supported by the current version of Mixin (JAVA_17 supports class version 61)
[21:22:47] [main/DEBUG] (FabricLoader/Mixin) Renaming synthetic method lambda$hookExtract$1(Lnet/fabricmc/fabric/api/transfer/v1/item/ItemVariant;)Z to md164862$fabric-transfer-api-v1$lambda$hookExtract$1$0 in fabric-transfer-api-v1.mixins.json:HopperBlockEntityMixin from mod fabric-transfer-api-v1
[21:22:47] [main/DEBUG] (FabricLoader/Mixin) Renaming synthetic method lambda$hookInsert$0(Lnet/fabricmc/fabric/api/transfer/v1/item/ItemVariant;)Z to md164862$fabric-transfer-api-v1$lambda$hookInsert$0$1 in fabric-transfer-api-v1.mixins.json:HopperBlockEntityMixin from mod fabric-transfer-api-v1
[21:22:47] [main/DEBUG] (FabricLoader/Mixin) fabric-transfer-api-v1.mixins.json:HopperBlockEntityMixin from mod fabric-transfer-api-v1->@Inject::hookInsert(Lnet/minecraft/world/World;Lnet/minecraft/util/math/BlockPos;Lnet/minecraft/block/entity/HopperBlockEntity;Lorg/spongepowered/asm/mixin/injection/callback/CallbackInfoReturnable;)V does use it's CallbackInfoReturnable
[21:22:47] [main/DEBUG] (FabricLoader/Mixin) fabric-transfer-api-v1.mixins.json:HopperBlockEntityMixin from mod fabric-transfer-api-v1->@Inject::hookExtract(Lnet/minecraft/world/World;Lnet/minecraft/block/entity/Hopper;Lorg/spongepowered/asm/mixin/injection/callback/CallbackInfoReturnable;)V does use it's CallbackInfoReturnable
[21:22:47] [main/DEBUG] (FabricLoader/Mixin) Mixing BannerBlockEntityMixin from fabric-data-attachment-api-v1.mixins.json into net.minecraft.block.entity.BannerBlockEntity
[21:22:47] [main/DEBUG] (FabricLoader/Mixin) fabric-data-attachment-api-v1.mixins.json:BannerBlockEntityMixin from mod fabric-data-attachment-api-v1: Class version 65 required is higher than the class version supported by the current version of Mixin (JAVA_17 supports class version 61)
[21:22:48] [main/DEBUG] (FabricLoader/Mixin) Mixing TadpoleEntityMixin from fabric-entity-events-v1.mixins.json into net.minecraft.entity.passive.TadpoleEntity
[21:22:48] [main/DEBUG] (FabricLoader/Mixin) fabric-entity-events-v1.mixins.json:TadpoleEntityMixin from mod fabric-entity-events-v1: Class version 65 required is higher than the class version supported by the current version of Mixin (JAVA_17 supports class version 61)
[21:22:48] [main/DEBUG] (FabricLoader/Mixin) Mixing ItemAccessor from fabric-item-api-v1.mixins.json into net.minecraft.item.Item
[21:22:48] [main/DEBUG] (FabricLoader/Mixin) fabric-item-api-v1.mixins.json:ItemAccessor from mod fabric-item-api-v1: Class version 65 required is higher than the class version supported by the current version of Mixin (JAVA_17 supports class version 61)
[21:22:48] [main/DEBUG] (FabricLoader/Mixin) Mixing ItemMixin from fabric-item-api-v1.mixins.json into net.minecraft.item.Item
[21:22:48] [main/DEBUG] (FabricLoader/Mixin) fabric-item-api-v1.mixins.json:ItemMixin from mod fabric-item-api-v1: Class version 65 required is higher than the class version supported by the current version of Mixin (JAVA_17 supports class version 61)
[21:22:48] [main/DEBUG] (FabricLoader/Mixin) Mixing ItemMixin from fabric-transfer-api-v1.mixins.json into net.minecraft.item.Item
[21:22:48] [main/DEBUG] (FabricLoader/Mixin) fabric-transfer-api-v1.mixins.json:ItemMixin from mod fabric-transfer-api-v1: Class version 65 required is higher than the class version supported by the current version of Mixin (JAVA_17 supports class version 61)
[21:22:48] [main/DEBUG] (FabricLoader/Mixin) fabric-item-api-v1.mixins.json:ItemMixin from mod fabric-item-api-v1->@Inject::onConstruct(Lnet/minecraft/item/Item$Settings;Lorg/spongepowered/asm/mixin/injection/callback/CallbackInfo;)V doesn't use it's CallbackInfo
[21:22:48] [main/DEBUG] (FabricLoader/Mixin) fabric-item-api-v1.mixins.json:ItemMixin from mod fabric-item-api-v1->@Inject::onConstruct(Lnet/minecraft/item/Item$Settings;Lorg/spongepowered/asm/mixin/injection/callback/CallbackInfo;)V has 0 override(s) in child classes
[21:22:48] [main/DEBUG] (FabricLoader/Mixin) fabric-item-api-v1.mixins.json:ItemMixin from mod fabric-item-api-v1->@Inject::onConstruct(Lnet/minecraft/item/Item$Settings;Lorg/spongepowered/asm/mixin/injection/callback/CallbackInfo;)V won't be passed a CallbackInfo as a result
[21:22:48] [main/DEBUG] (FabricLoader/Mixin) Mixing ShovelItemAccessor from fabric-content-registries-v0.mixins.json into net.minecraft.item.ShovelItem
[21:22:48] [main/DEBUG] (FabricLoader/Mixin) fabric-content-registries-v0.mixins.json:ShovelItemAccessor from mod fabric-content-registries-v0: Class version 65 required is higher than the class version supported by the current version of Mixin (JAVA_17 supports class version 61)
[21:22:48] [main/DEBUG] (FabricLoader/Mixin) Renaming @Accessor method getPathStates()Ljava/util/Map; to getPathStates$fabric-content-registries-v0_$md$164862$0 in fabric-content-registries-v0.mixins.json:ShovelItemAccessor from mod fabric-content-registries-v0
[21:22:48] [main/DEBUG] (FabricLoader/Mixin) Mixing AxeItemAccessor from fabric-content-registries-v0.mixins.json into net.minecraft.item.AxeItem
[21:22:48] [main/DEBUG] (FabricLoader/Mixin) fabric-content-registries-v0.mixins.json:AxeItemAccessor from mod fabric-content-registries-v0: Class version 65 required is higher than the class version supported by the current version of Mixin (JAVA_17 supports class version 61)
[21:22:48] [main/DEBUG] (FabricLoader/Mixin) Renaming @Accessor method getStrippedBlocks()Ljava/util/Map; to getStrippedBlocks$fabric-content-registries-v0_$md$164862$0 in fabric-content-registries-v0.mixins.json:AxeItemAccessor from mod fabric-content-registries-v0
[21:22:48] [main/DEBUG] (FabricLoader/Mixin) Renaming @Accessor method setStrippedBlocks(Ljava/util/Map;)V to setStrippedBlocks$fabric-content-registries-v0_$md$164862$1 in fabric-content-registries-v0.mixins.json:AxeItemAccessor from mod fabric-content-registries-v0
[21:22:48] [main/DEBUG] (FabricLoader/Mixin) Mixing HoeItemAccessor from fabric-content-registries-v0.mixins.json into net.minecraft.item.HoeItem
[21:22:48] [main/DEBUG] (FabricLoader/Mixin) fabric-content-registries-v0.mixins.json:HoeItemAccessor from mod fabric-content-registries-v0: Class version 65 required is higher than the class version supported by the current version of Mixin (JAVA_17 supports class version 61)
[21:22:48] [main/DEBUG] (FabricLoader/Mixin) Renaming @Accessor method getTillingActions()Ljava/util/Map; to getTillingActions$fabric-content-registries-v0_$md$164862$0 in fabric-content-registries-v0.mixins.json:HoeItemAccessor from mod fabric-content-registries-v0
[21:22:48] [main/DEBUG] (FabricLoader/Mixin) Mixing BucketItemAccessor from fabric-transfer-api-v1.mixins.json into net.minecraft.item.BucketItem
[21:22:48] [main/DEBUG] (FabricLoader/Mixin) fabric-transfer-api-v1.mixins.json:BucketItemAccessor from mod fabric-transfer-api-v1: Class version 65 required is higher than the class version supported by the current version of Mixin (JAVA_17 supports class version 61)
[21:22:48] [main/DEBUG] (FabricLoader/Mixin) Mixing BucketItemMixin from fabric-transfer-api-v1.mixins.json into net.minecraft.item.BucketItem
[21:22:48] [main/DEBUG] (FabricLoader/Mixin) fabric-transfer-api-v1.mixins.json:BucketItemMixin from mod fabric-transfer-api-v1: Class version 65 required is higher than the class version supported by the current version of Mixin (JAVA_17 supports class version 61)
[21:22:48] [main/DEBUG] (FabricLoader/Mixin) Mixing HoneycombItemMixin from fabric-content-registries-v0.mixins.json into net.minecraft.item.HoneycombItem
[21:22:48] [main/DEBUG] (FabricLoader/Mixin) fabric-content-registries-v0.mixins.json:HoneycombItemMixin from mod fabric-content-registries-v0: Class version 65 required is higher than the class version supported by the current version of Mixin (JAVA_17 supports class version 61)
[21:22:48] [main/DEBUG] (FabricLoader/Mixin) fabric-content-registries-v0.mixins.json:HoneycombItemMixin from mod fabric-content-registries-v0->@Inject::createUnwaxedToWaxedMap(Lorg/spongepowered/asm/mixin/injection/callback/CallbackInfoReturnable;)V does use it's CallbackInfoReturnable
[21:22:48] [main/DEBUG] (FabricLoader/Mixin) Mixing ItemSettingsMixin from fabric-item-api-v1.mixins.json into net.minecraft.item.Item$Settings
[21:22:48] [main/DEBUG] (FabricLoader/Mixin) fabric-item-api-v1.mixins.json:ItemSettingsMixin from mod fabric-item-api-v1: Class version 65 required is higher than the class version supported by the current version of Mixin (JAVA_17 supports class version 61)
[21:22:48] [main/DEBUG] (FabricLoader/Mixin) Mixing TagKeyMixin from fabric-convention-tags-api-v2.mixins.json into net.minecraft.registry.tag.TagKey
[21:22:48] [main/DEBUG] (FabricLoader/Mixin) fabric-convention-tags-api-v2.mixins.json:TagKeyMixin from mod fabric-convention-tags-v2: Class version 65 required is higher than the class version supported by the current version of Mixin (JAVA_17 supports class version 61)
[21:22:48] [main/DEBUG] (FabricLoader/Mixin) Mixing BundleContentsComponentAccessor from fabric-transfer-api-v1.mixins.json into net.minecraft.component.type.BundleContentsComponent
[21:22:48] [main/DEBUG] (FabricLoader/Mixin) fabric-transfer-api-v1.mixins.json:BundleContentsComponentAccessor from mod fabric-transfer-api-v1: Class version 65 required is higher than the class version supported by the current version of Mixin (JAVA_17 supports class version 61)
[21:22:48] [main/DEBUG] (FabricLoader/Mixin) Renaming @Invoker method getOccupancy(Lnet/minecraft/item/ItemStack;)Lorg/apache/commons/lang3/math/Fraction; to getOccupancy$fabric-transfer-api-v1_$md$164862$0 in fabric-transfer-api-v1.mixins.json:BundleContentsComponentAccessor from mod fabric-transfer-api-v1
[21:22:48] [main/DEBUG] (FabricLoader/Mixin) Mixing AttachmentTargetsMixin from fabric-data-attachment-api-v1.mixins.json into net.minecraft.world.chunk.Chunk
[21:22:48] [main/DEBUG] (FabricLoader/Mixin) fabric-data-attachment-api-v1.mixins.json:AttachmentTargetsMixin from mod fabric-data-attachment-api-v1: Class version 65 required is higher than the class version supported by the current version of Mixin (JAVA_17 supports class version 61)
[21:22:48] [main/DEBUG] (FabricLoader/Mixin) Mixing ChunkMixin from fabric-data-attachment-api-v1.mixins.json into net.minecraft.world.chunk.Chunk
[21:22:48] [main/DEBUG] (FabricLoader/Mixin) fabric-data-attachment-api-v1.mixins.json:ChunkMixin from mod fabric-data-attachment-api-v1: Class version 65 required is higher than the class version supported by the current version of Mixin (JAVA_17 supports class version 61)
[21:22:48] [main/DEBUG] (FabricLoader/Mixin) Mixing WorldChunkMixin from fabric-lifecycle-events-v1.client.mixins.json into net.minecraft.world.chunk.WorldChunk
[21:22:48] [main/DEBUG] (FabricLoader/Mixin) fabric-lifecycle-events-v1.client.mixins.json:WorldChunkMixin from mod fabric-lifecycle-events-v1: Class version 65 required is higher than the class version supported by the current version of Mixin (JAVA_17 supports class version 61)
[21:22:48] [main/DEBUG] (FabricLoader/Mixin) Mixing WorldChunkMixin from fabric-data-attachment-api-v1.mixins.json into net.minecraft.world.chunk.WorldChunk
[21:22:48] [main/DEBUG] (FabricLoader/Mixin) fabric-data-attachment-api-v1.mixins.json:WorldChunkMixin from mod fabric-data-attachment-api-v1: Class version 65 required is higher than the class version supported by the current version of Mixin (JAVA_17 supports class version 61)
[21:22:48] [main/DEBUG] (FabricLoader/Mixin) Renaming synthetic method lambda$fabric_syncChange$0(Lnet/fabricmc/fabric/api/attachment/v1/AttachmentType;Lnet/fabricmc/fabric/impl/attachment/sync/s2c/AttachmentSyncPayloadS2C;Lnet/minecraft/server/network/ServerPlayerEntity;)V to md164862$fabric-data-attachment-api-v1$lambda$fabric_syncChange$0$0 in fabric-data-attachment-api-v1.mixins.json:WorldChunkMixin from mod fabric-data-attachment-api-v1
[21:22:48] [main/DEBUG] (FabricLoader/Mixin) fabric-lifecycle-events-v1.client.mixins.json:WorldChunkMixin from mod fabric-lifecycle-events-v1->@Inject::onLoadBlockEntity(Lnet/minecraft/block/entity/BlockEntity;Lorg/spongepowered/asm/mixin/injection/callback/CallbackInfo;)V doesn't use it's CallbackInfo
[21:22:48] [main/DEBUG] (FabricLoader/Mixin) fabric-lifecycle-events-v1.client.mixins.json:WorldChunkMixin from mod fabric-lifecycle-events-v1->@Inject::onLoadBlockEntity(Lnet/minecraft/block/entity/BlockEntity;Lorg/spongepowered/asm/mixin/injection/callback/CallbackInfo;)V has 0 override(s) in child classes
[21:22:48] [main/DEBUG] (FabricLoader/Mixin) fabric-lifecycle-events-v1.client.mixins.json:WorldChunkMixin from mod fabric-lifecycle-events-v1->@Inject::onLoadBlockEntity(Lnet/minecraft/block/entity/BlockEntity;Lorg/spongepowered/asm/mixin/injection/callback/CallbackInfo;)V won't be passed a CallbackInfo as a result
[21:22:48] [main/DEBUG] (FabricLoader/Mixin) fabric-lifecycle-events-v1.client.mixins.json:WorldChunkMixin from mod fabric-lifecycle-events-v1->@Inject::onRemoveBlockEntity(Lnet/minecraft/block/entity/BlockEntity;Lorg/spongepowered/asm/mixin/injection/callback/CallbackInfo;)V doesn't use it's CallbackInfo
[21:22:48] [main/DEBUG] (FabricLoader/Mixin) fabric-lifecycle-events-v1.client.mixins.json:WorldChunkMixin from mod fabric-lifecycle-events-v1->@Inject::onRemoveBlockEntity(Lnet/minecraft/block/entity/BlockEntity;Lorg/spongepowered/asm/mixin/injection/callback/CallbackInfo;)V has 0 override(s) in child classes
[21:22:48] [main/DEBUG] (FabricLoader/Mixin) fabric-lifecycle-events-v1.client.mixins.json:WorldChunkMixin from mod fabric-lifecycle-events-v1->@Inject::onRemoveBlockEntity(Lnet/minecraft/block/entity/BlockEntity;Lorg/spongepowered/asm/mixin/injection/callback/CallbackInfo;)V won't be passed a CallbackInfo as a result
[21:22:48] [main/DEBUG] (FabricLoader/Mixin) fabric-lifecycle-events-v1.client.mixins.json:WorldChunkMixin from mod fabric-lifecycle-events-v1->@Inject::onRemoveBlockEntity(Lnet/minecraft/util/math/BlockPos;Lorg/spongepowered/asm/mixin/injection/callback/CallbackInfo;Lnet/minecraft/block/entity/BlockEntity;)V doesn't use it's CallbackInfo
[21:22:48] [main/DEBUG] (FabricLoader/Mixin) fabric-lifecycle-events-v1.client.mixins.json:WorldChunkMixin from mod fabric-lifecycle-events-v1->@Inject::onRemoveBlockEntity(Lnet/minecraft/util/math/BlockPos;Lorg/spongepowered/asm/mixin/injection/callback/CallbackInfo;Lnet/minecraft/block/entity/BlockEntity;)V has 0 override(s) in child classes
[21:22:48] [main/DEBUG] (FabricLoader/Mixin) fabric-lifecycle-events-v1.client.mixins.json:WorldChunkMixin from mod fabric-lifecycle-events-v1->@Inject::onRemoveBlockEntity(Lnet/minecraft/util/math/BlockPos;Lorg/spongepowered/asm/mixin/injection/callback/CallbackInfo;Lnet/minecraft/block/entity/BlockEntity;)V won't be passed a CallbackInfo as a result
[21:22:48] [main/DEBUG] (FabricLoader/Mixin) fabric-data-attachment-api-v1.mixins.json:WorldChunkMixin from mod fabric-data-attachment-api-v1->@Inject::transferProtoChunkAttachement(Lnet/minecraft/server/world/ServerWorld;Lnet/minecraft/world/chunk/ProtoChunk;Lnet/minecraft/world/chunk/WorldChunk$EntityLoader;Lorg/spongepowered/asm/mixin/injection/callback/CallbackInfo;)V doesn't use it's CallbackInfo
[21:22:48] [main/DEBUG] (FabricLoader/Mixin) fabric-data-attachment-api-v1.mixins.json:WorldChunkMixin from mod fabric-data-attachment-api-v1->@Inject::transferProtoChunkAttachement(Lnet/minecraft/server/world/ServerWorld;Lnet/minecraft/world/chunk/ProtoChunk;Lnet/minecraft/world/chunk/WorldChunk$EntityLoader;Lorg/spongepowered/asm/mixin/injection/callback/CallbackInfo;)V has 0 override(s) in child classes
[21:22:48] [main/DEBUG] (FabricLoader/Mixin) fabric-data-attachment-api-v1.mixins.json:WorldChunkMixin from mod fabric-data-attachment-api-v1->@Inject::transferProtoChunkAttachement(Lnet/minecraft/server/world/ServerWorld;Lnet/minecraft/world/chunk/ProtoChunk;Lnet/minecraft/world/chunk/WorldChunk$EntityLoader;Lorg/spongepowered/asm/mixin/injection/callback/CallbackInfo;)V won't be passed a CallbackInfo as a result
[21:22:48] [main/DEBUG] (FabricLoader/Mixin) Mixing ContainerComponentAccessor from fabric-transfer-api-v1.mixins.json into net.minecraft.component.type.ContainerComponent
[21:22:48] [main/DEBUG] (FabricLoader/Mixin) fabric-transfer-api-v1.mixins.json:ContainerComponentAccessor from mod fabric-transfer-api-v1: Class version 65 required is higher than the class version supported by the current version of Mixin (JAVA_17 supports class version 61)
[21:22:48] [main/DEBUG] (FabricLoader/Mixin) Mixing EntityTypeBuilderMixin from fabric-object-builder-v1.mixins.json into net.minecraft.entity.EntityType$Builder
[21:22:48] [main/DEBUG] (FabricLoader/Mixin) fabric-object-builder-v1.mixins.json:EntityTypeBuilderMixin from mod fabric-object-builder-api-v1: Class version 65 required is higher than the class version supported by the current version of Mixin (JAVA_17 supports class version 61)
[21:22:48] [main/DEBUG] (FabricLoader/Mixin) fabric-object-builder-v1.mixins.json:EntityTypeBuilderMixin from mod fabric-object-builder-api-v1->@Inject::applyChildBuilders(Ljava/lang/String;Lorg/spongepowered/asm/mixin/injection/callback/CallbackInfoReturnable;)V does use it's CallbackInfoReturnable
[21:22:49] [main/DEBUG] (FabricLoader/Mixin) Mixing ServerPlayerEntityMixin from fabric-screen-handler-api-v1.mixins.json into net.minecraft.server.network.ServerPlayerEntity
[21:22:49] [main/DEBUG] (FabricLoader/Mixin) fabric-screen-handler-api-v1.mixins.json:ServerPlayerEntityMixin from mod fabric-screen-handler-api-v1: Class version 65 required is higher than the class version supported by the current version of Mixin (JAVA_17 supports class version 61)
[21:22:49] [main/DEBUG] (FabricLoader/Mixin) Mixing ServerPlayerEntityMixin from fabric-entity-events-v1.mixins.json into net.minecraft.server.network.ServerPlayerEntity
[21:22:49] [main/DEBUG] (FabricLoader/Mixin) fabric-entity-events-v1.mixins.json:ServerPlayerEntityMixin from mod fabric-entity-events-v1: Class version 65 required is higher than the class version supported by the current version of Mixin (JAVA_17 supports class version 61)
[21:22:49] [main/DEBUG] (FabricLoader/Mixin) Mixing ServerPlayerEntityMixin from fabric-events-interaction-v0.mixins.json into net.minecraft.server.network.ServerPlayerEntity
[21:22:49] [main/DEBUG] (FabricLoader/Mixin) fabric-events-interaction-v0.mixins.json:ServerPlayerEntityMixin from mod fabric-events-interaction-v0: Class version 65 required is higher than the class version supported by the current version of Mixin (JAVA_17 supports class version 61)
[21:22:49] [main/DEBUG] (FabricLoader/Mixin) fabric-screen-handler-api-v1.mixins.json:ServerPlayerEntityMixin from mod fabric-screen-handler-api-v1->@Inject::fabric_storeOpenedScreenHandler(Lnet/minecraft/screen/NamedScreenHandlerFactory;Lorg/spongepowered/asm/mixin/injection/callback/CallbackInfoReturnable;Lnet/minecraft/screen/ScreenHandler;)V doesn't use it's CallbackInfoReturnable
[21:22:49] [main/DEBUG] (FabricLoader/Mixin) fabric-screen-handler-api-v1.mixins.json:ServerPlayerEntityMixin from mod fabric-screen-handler-api-v1->@Inject::fabric_storeOpenedScreenHandler(Lnet/minecraft/screen/NamedScreenHandlerFactory;Lorg/spongepowered/asm/mixin/injection/callback/CallbackInfoReturnable;Lnet/minecraft/screen/ScreenHandler;)V has 0 override(s) in child classes
[21:22:49] [main/DEBUG] (FabricLoader/Mixin) fabric-screen-handler-api-v1.mixins.json:ServerPlayerEntityMixin from mod fabric-screen-handler-api-v1->@Inject::fabric_storeOpenedScreenHandler(Lnet/minecraft/screen/NamedScreenHandlerFactory;Lorg/spongepowered/asm/mixin/injection/callback/CallbackInfoReturnable;Lnet/minecraft/screen/ScreenHandler;)V won't be passed a CallbackInfoReturnable as a result
[21:22:49] [main/DEBUG] (FabricLoader/Mixin) fabric-entity-events-v1.mixins.json:ServerPlayerEntityMixin from mod fabric-entity-events-v1->@Inject::callOnKillForPlayer(Lnet/minecraft/entity/damage/DamageSource;Lorg/spongepowered/asm/mixin/injection/callback/CallbackInfo;)V doesn't use it's CallbackInfo
[21:22:49] [main/DEBUG] (FabricLoader/Mixin) fabric-entity-events-v1.mixins.json:ServerPlayerEntityMixin from mod fabric-entity-events-v1->@Inject::callOnKillForPlayer(Lnet/minecraft/entity/damage/DamageSource;Lorg/spongepowered/asm/mixin/injection/callback/CallbackInfo;)V has 0 override(s) in child classes
[21:22:49] [main/DEBUG] (FabricLoader/Mixin) fabric-entity-events-v1.mixins.json:ServerPlayerEntityMixin from mod fabric-entity-events-v1->@Inject::callOnKillForPlayer(Lnet/minecraft/entity/damage/DamageSource;Lorg/spongepowered/asm/mixin/injection/callback/CallbackInfo;)V won't be passed a CallbackInfo as a result
[21:22:49] [main/DEBUG] (FabricLoader/Mixin) fabric-entity-events-v1.mixins.json:ServerPlayerEntityMixin from mod fabric-entity-events-v1->@Inject::notifyDeath(Lnet/minecraft/entity/damage/DamageSource;Lorg/spongepowered/asm/mixin/injection/callback/CallbackInfo;)V doesn't use it's CallbackInfo
[21:22:49] [main/DEBUG] (FabricLoader/Mixin) fabric-entity-events-v1.mixins.json:ServerPlayerEntityMixin from mod fabric-entity-events-v1->@Inject::notifyDeath(Lnet/minecraft/entity/damage/DamageSource;Lorg/spongepowered/asm/mixin/injection/callback/CallbackInfo;)V has 0 override(s) in child classes
[21:22:49] [main/DEBUG] (FabricLoader/Mixin) fabric-entity-events-v1.mixins.json:ServerPlayerEntityMixin from mod fabric-entity-events-v1->@Inject::notifyDeath(Lnet/minecraft/entity/damage/DamageSource;Lorg/spongepowered/asm/mixin/injection/callback/CallbackInfo;)V won't be passed a CallbackInfo as a result
[21:22:49] [main/DEBUG] (FabricLoader/Mixin) fabric-entity-events-v1.mixins.json:ServerPlayerEntityMixin from mod fabric-entity-events-v1->@Inject::afterWorldChanged(Lnet/minecraft/server/world/ServerWorld;Lorg/spongepowered/asm/mixin/injection/callback/CallbackInfo;)V doesn't use it's CallbackInfo
[21:22:49] [main/DEBUG] (FabricLoader/Mixin) fabric-entity-events-v1.mixins.json:ServerPlayerEntityMixin from mod fabric-entity-events-v1->@Inject::afterWorldChanged(Lnet/minecraft/server/world/ServerWorld;Lorg/spongepowered/asm/mixin/injection/callback/CallbackInfo;)V has 0 override(s) in child classes
[21:22:49] [main/DEBUG] (FabricLoader/Mixin) fabric-entity-events-v1.mixins.json:ServerPlayerEntityMixin from mod fabric-entity-events-v1->@Inject::afterWorldChanged(Lnet/minecraft/server/world/ServerWorld;Lorg/spongepowered/asm/mixin/injection/callback/CallbackInfo;)V won't be passed a CallbackInfo as a result
[21:22:49] [main/DEBUG] (FabricLoader/Mixin) fabric-entity-events-v1.mixins.json:ServerPlayerEntityMixin from mod fabric-entity-events-v1->@Inject::onCopyFrom(Lnet/minecraft/server/network/ServerPlayerEntity;ZLorg/spongepowered/asm/mixin/injection/callback/CallbackInfo;)V doesn't use it's CallbackInfo
[21:22:49] [main/DEBUG] (FabricLoader/Mixin) fabric-entity-events-v1.mixins.json:ServerPlayerEntityMixin from mod fabric-entity-events-v1->@Inject::onCopyFrom(Lnet/minecraft/server/network/ServerPlayerEntity;ZLorg/spongepowered/asm/mixin/injection/callback/CallbackInfo;)V has 0 override(s) in child classes
[21:22:49] [main/DEBUG] (FabricLoader/Mixin) fabric-entity-events-v1.mixins.json:ServerPlayerEntityMixin from mod fabric-entity-events-v1->@Inject::onCopyFrom(Lnet/minecraft/server/network/ServerPlayerEntity;ZLorg/spongepowered/asm/mixin/injection/callback/CallbackInfo;)V won't be passed a CallbackInfo as a result
[21:22:49] [main/DEBUG] (FabricLoader/Mixin) fabric-entity-events-v1.mixins.json:ServerPlayerEntityMixin from mod fabric-entity-events-v1->@Inject::onTrySleepDirectionCheck(Lnet/minecraft/util/math/BlockPos;Lorg/spongepowered/asm/mixin/injection/callback/CallbackInfoReturnable;Lnet/minecraft/util/math/Direction;)V does use it's CallbackInfoReturnable
[21:22:49] [main/DEBUG] (FabricLoader/Mixin) fabric-events-interaction-v0.mixins.json:ServerPlayerEntityMixin from mod fabric-events-interaction-v0->@Inject::onPlayerInteractEntity(Lnet/minecraft/entity/Entity;Lorg/spongepowered/asm/mixin/injection/callback/CallbackInfo;)V does use it's CallbackInfo
[21:22:49] [main/DEBUG] (FabricLoader/Mixin) Mixing MooshroomEntityMixin from fabric-entity-events-v1.mixins.json into net.minecraft.entity.passive.MooshroomEntity
[21:22:49] [main/DEBUG] (FabricLoader/Mixin) fabric-entity-events-v1.mixins.json:MooshroomEntityMixin from mod fabric-entity-events-v1: Class version 65 required is higher than the class version supported by the current version of Mixin (JAVA_17 supports class version 61)
[21:22:49] [main/DEBUG] (FabricLoader/Mixin) Mixing PigEntityMixin from fabric-entity-events-v1.mixins.json into net.minecraft.entity.passive.PigEntity
[21:22:49] [main/DEBUG] (FabricLoader/Mixin) fabric-entity-events-v1.mixins.json:PigEntityMixin from mod fabric-entity-events-v1: Class version 65 required is higher than the class version supported by the current version of Mixin (JAVA_17 supports class version 61)
[21:22:49] [main/DEBUG] (FabricLoader/Mixin) Mixing VillagerEntityMixin from fabric-entity-events-v1.mixins.json into net.minecraft.entity.passive.VillagerEntity
[21:22:49] [main/DEBUG] (FabricLoader/Mixin) fabric-entity-events-v1.mixins.json:VillagerEntityMixin from mod fabric-entity-events-v1: Class version 65 required is higher than the class version supported by the current version of Mixin (JAVA_17 supports class version 61)
[21:22:49] [main/DEBUG] (FabricLoader/Mixin) Mixing VillagerEntityAccessor from fabric-content-registries-v0.mixins.json into net.minecraft.entity.passive.VillagerEntity
[21:22:49] [main/DEBUG] (FabricLoader/Mixin) fabric-content-registries-v0.mixins.json:VillagerEntityAccessor from mod fabric-content-registries-v0: Class version 65 required is higher than the class version supported by the current version of Mixin (JAVA_17 supports class version 61)
[21:22:49] [main/DEBUG] (FabricLoader/Mixin) Renaming @Accessor method fabric_setItemFoodValues(Ljava/util/Map;)V to fabric_setItemFoodValues$fabric-content-registries-v0_$md$164862$0 in fabric-content-registries-v0.mixins.json:VillagerEntityAccessor from mod fabric-content-registries-v0
[21:22:49] [main/DEBUG] (FabricLoader/Mixin) Renaming @Accessor method fabric_setGatherableItems(Ljava/util/Set;)V to fabric_setGatherableItems$fabric-content-registries-v0_$md$164862$1 in fabric-content-registries-v0.mixins.json:VillagerEntityAccessor from mod fabric-content-registries-v0
[21:22:49] [main/DEBUG] (FabricLoader/Mixin) Renaming @Accessor method fabric_getGatherableItems()Ljava/util/Set; to fabric_getGatherableItems$fabric-content-registries-v0_$md$164862$2 in fabric-content-registries-v0.mixins.json:VillagerEntityAccessor from mod fabric-content-registries-v0
[21:22:49] [main/DEBUG] (FabricLoader/Mixin) Mixing ingredient.IngredientMixin from fabric-recipe-api-v1.mixins.json into net.minecraft.recipe.Ingredient
[21:22:49] [main/DEBUG] (FabricLoader/Mixin) fabric-recipe-api-v1.mixins.json:ingredient.IngredientMixin from mod fabric-recipe-api-v1: Class version 65 required is higher than the class version supported by the current version of Mixin (JAVA_17 supports class version 61)
[21:22:49] [main/DEBUG] (FabricLoader/Mixin) Renaming synthetic method lambda$injectCodec$3(Lnet/minecraft/recipe/Ingredient;)Lcom/mojang/datafixers/util/Either; to md164862$fabric-recipe-api-v1$lambda$injectCodec$3$0 in fabric-recipe-api-v1.mixins.json:ingredient.IngredientMixin from mod fabric-recipe-api-v1
[21:22:49] [main/DEBUG] (FabricLoader/Mixin) Renaming synthetic method lambda$injectCodec$2(Lcom/mojang/datafixers/util/Either;)Lnet/minecraft/recipe/Ingredient; to md164862$fabric-recipe-api-v1$lambda$injectCodec$2$1 in fabric-recipe-api-v1.mixins.json:ingredient.IngredientMixin from mod fabric-recipe-api-v1
[21:22:49] [main/DEBUG] (FabricLoader/Mixin) Renaming synthetic method lambda$injectCodec$1(Lnet/minecraft/recipe/Ingredient;)Lnet/minecraft/recipe/Ingredient; to md164862$fabric-recipe-api-v1$lambda$injectCodec$1$2 in fabric-recipe-api-v1.mixins.json:ingredient.IngredientMixin from mod fabric-recipe-api-v1
[21:22:49] [main/DEBUG] (FabricLoader/Mixin) Renaming synthetic method lambda$injectCodec$0(ZLnet/fabricmc/fabric/api/recipe/v1/ingredient/CustomIngredientSerializer;)Lcom/mojang/serialization/MapCodec; to md164862$fabric-recipe-api-v1$lambda$injectCodec$0$3 in fabric-recipe-api-v1.mixins.json:ingredient.IngredientMixin from mod fabric-recipe-api-v1
[21:22:49] [main/DEBUG] (FabricLoader/Mixin) fabric-recipe-api-v1.mixins.json:ingredient.IngredientMixin from mod fabric-recipe-api-v1->@Inject::injectCodec(ZLorg/spongepowered/asm/mixin/injection/callback/CallbackInfoReturnable;)V does use it's CallbackInfoReturnable
[21:22:49] [main/DEBUG] (FabricLoader/Mixin) Mixing EntitySelectorOptionsAccessor from fabric-command-api-v2.mixins.json into net.minecraft.command.EntitySelectorOptions
[21:22:49] [main/DEBUG] (FabricLoader/Mixin) fabric-command-api-v2.mixins.json:EntitySelectorOptionsAccessor from mod fabric-command-api-v2: Class version 65 required is higher than the class version supported by the current version of Mixin (JAVA_17 supports class version 61)
[21:22:49] [main/DEBUG] (FabricLoader/Mixin) Renaming @Invoker method callPutOption(Ljava/lang/String;Lnet/minecraft/command/EntitySelectorOptions$SelectorHandler;Ljava/util/function/Predicate;Lnet/minecraft/text/Text;)V to callPutOption$fabric-command-api-v2_$md$164862$0 in fabric-command-api-v2.mixins.json:EntitySelectorOptionsAccessor from mod fabric-command-api-v2
[21:22:49] [main/DEBUG] (FabricLoader/Mixin) Mixing EntitySelectorReaderMixin from fabric-command-api-v2.mixins.json into net.minecraft.command.EntitySelectorReader
[21:22:49] [main/DEBUG] (FabricLoader/Mixin) fabric-command-api-v2.mixins.json:EntitySelectorReaderMixin from mod fabric-command-api-v2: Class version 65 required is higher than the class version supported by the current version of Mixin (JAVA_17 supports class version 61)
[21:22:49] [main/DEBUG] (FabricLoader/Mixin) Mixing BlockEntityTypeBuilderMixin from fabric-object-builder-v1.mixins.json into net.minecraft.block.entity.BlockEntityType$Builder
[21:22:49] [main/DEBUG] (FabricLoader/Mixin) fabric-object-builder-v1.mixins.json:BlockEntityTypeBuilderMixin from mod fabric-object-builder-api-v1: Class version 65 required is higher than the class version supported by the current version of Mixin (JAVA_17 supports class version 61)
[21:22:49] [main/DEBUG] (FabricLoader/Mixin) Generating mapped inner class net/minecraft/block/entity/ChiseledBookshelfBlockEntity$Anonymous$a08ab8b2fc87350bbf669dbd469efcde (originally net/fabricmc/fabric/mixin/transfer/ChiseledBookshelfBlockEntityMixin$1)
[21:22:49] [main/DEBUG] (FabricLoader/Mixin) Mixing SimpleInventoryMixin from fabric-transfer-api-v1.mixins.json into net.minecraft.inventory.SimpleInventory
[21:22:49] [main/DEBUG] (FabricLoader/Mixin) fabric-transfer-api-v1.mixins.json:SimpleInventoryMixin from mod fabric-transfer-api-v1: Class version 65 required is higher than the class version supported by the current version of Mixin (JAVA_17 supports class version 61)
[21:22:49] [main/DEBUG] (FabricLoader/Mixin) Mixing RecipeMixin from fabric-item-api-v1.mixins.json into net.minecraft.recipe.Recipe
[21:22:49] [main/DEBUG] (FabricLoader/Mixin) fabric-item-api-v1.mixins.json:RecipeMixin from mod fabric-item-api-v1: Class version 65 required is higher than the class version supported by the current version of Mixin (JAVA_17 supports class version 61)
[21:22:49] [main/DEBUG] (FabricLoader/Mixin) fabric-item-api-v1.mixins.json:RecipeMixin from mod fabric-item-api-v1->@Inject::captureStack(Lnet/minecraft/recipe/input/RecipeInput;Lorg/spongepowered/asm/mixin/injection/callback/CallbackInfoReturnable;Lnet/minecraft/util/collection/DefaultedList;I)V doesn't use it's CallbackInfoReturnable
[21:22:49] [main/DEBUG] (FabricLoader/Mixin) fabric-item-api-v1.mixins.json:RecipeMixin from mod fabric-item-api-v1->@Inject::captureStack(Lnet/minecraft/recipe/input/RecipeInput;Lorg/spongepowered/asm/mixin/injection/callback/CallbackInfoReturnable;Lnet/minecraft/util/collection/DefaultedList;I)V has 0 override(s) in child classes
[21:22:49] [main/DEBUG] (FabricLoader/Mixin) fabric-item-api-v1.mixins.json:RecipeMixin from mod fabric-item-api-v1->@Inject::captureStack(Lnet/minecraft/recipe/input/RecipeInput;Lorg/spongepowered/asm/mixin/injection/callback/CallbackInfoReturnable;Lnet/minecraft/util/collection/DefaultedList;I)V won't be passed a CallbackInfoReturnable as a result
[21:22:49] [main/DEBUG] (FabricLoader/Mixin) Mixing ingredient.ShapelessRecipeMixin from fabric-recipe-api-v1.mixins.json into net.minecraft.recipe.ShapelessRecipe
[21:22:49] [main/DEBUG] (FabricLoader/Mixin) fabric-recipe-api-v1.mixins.json:ingredient.ShapelessRecipeMixin from mod fabric-recipe-api-v1: Class version 65 required is higher than the class version supported by the current version of Mixin (JAVA_17 supports class version 61)
[21:22:49] [main/DEBUG] (FabricLoader/Mixin) fabric-recipe-api-v1.mixins.json:ingredient.ShapelessRecipeMixin from mod fabric-recipe-api-v1->@Inject::cacheRequiresTesting(Ljava/lang/String;Lnet/minecraft/recipe/book/CraftingRecipeCategory;Lnet/minecraft/item/ItemStack;Lnet/minecraft/util/collection/DefaultedList;Lorg/spongepowered/asm/mixin/injection/callback/CallbackInfo;)V doesn't use it's CallbackInfo
[21:22:49] [main/DEBUG] (FabricLoader/Mixin) fabric-recipe-api-v1.mixins.json:ingredient.ShapelessRecipeMixin from mod fabric-recipe-api-v1->@Inject::cacheRequiresTesting(Ljava/lang/String;Lnet/minecraft/recipe/book/CraftingRecipeCategory;Lnet/minecraft/item/ItemStack;Lnet/minecraft/util/collection/DefaultedList;Lorg/spongepowered/asm/mixin/injection/callback/CallbackInfo;)V has 0 override(s) in child classes
[21:22:49] [main/DEBUG] (FabricLoader/Mixin) fabric-recipe-api-v1.mixins.json:ingredient.ShapelessRecipeMixin from mod fabric-recipe-api-v1->@Inject::cacheRequiresTesting(Ljava/lang/String;Lnet/minecraft/recipe/book/CraftingRecipeCategory;Lnet/minecraft/item/ItemStack;Lnet/minecraft/util/collection/DefaultedList;Lorg/spongepowered/asm/mixin/injection/callback/CallbackInfo;)V won't be passed a CallbackInfo as a result
[21:22:49] [main/DEBUG] (FabricLoader/Mixin) fabric-recipe-api-v1.mixins.json:ingredient.ShapelessRecipeMixin from mod fabric-recipe-api-v1->@Inject::customIngredientMatch(Lnet/minecraft/recipe/input/CraftingRecipeInput;Lnet/minecraft/world/World;Lorg/spongepowered/asm/mixin/injection/callback/CallbackInfoReturnable;)V does use it's CallbackInfoReturnable
[21:22:49] [main/DEBUG] (FabricLoader/Mixin) Mixing EnchantRandomlyLootFunctionMixin from fabric-item-api-v1.mixins.json into net.minecraft.loot.function.EnchantRandomlyLootFunction
[21:22:49] [main/DEBUG] (FabricLoader/Mixin) fabric-item-api-v1.mixins.json:EnchantRandomlyLootFunctionMixin from mod fabric-item-api-v1: Class version 65 required is higher than the class version supported by the current version of Mixin (JAVA_17 supports class version 61)
[21:22:49] [main/DEBUG] (FabricLoader/Mixin) Mixing LootTableAccessor from fabric-loot-api-v3.mixins.json into net.minecraft.loot.LootTable
[21:22:49] [main/DEBUG] (FabricLoader/Mixin) fabric-loot-api-v3.mixins.json:LootTableAccessor from mod fabric-loot-api-v3: Class version 65 required is higher than the class version supported by the current version of Mixin (JAVA_17 supports class version 61)
[21:22:49] [main/DEBUG] (FabricLoader/Mixin) Mixing LootPoolAccessor from fabric-loot-api-v3.mixins.json into net.minecraft.loot.LootPool
[21:22:49] [main/DEBUG] (FabricLoader/Mixin) fabric-loot-api-v3.mixins.json:LootPoolAccessor from mod fabric-loot-api-v3: Class version 65 required is higher than the class version supported by the current version of Mixin (JAVA_17 supports class version 61)
[21:22:50] [main/DEBUG] (FabricLoader/Mixin) Mixing StructureTemplateManagerMixin from fabric-gametest-api-v1.mixins.json into net.minecraft.structure.StructureTemplateManager
[21:22:50] [main/DEBUG] (FabricLoader/Mixin) fabric-gametest-api-v1.mixins.json:StructureTemplateManagerMixin from mod fabric-gametest-api-v1: Class version 65 required is higher than the class version supported by the current version of Mixin (JAVA_17 supports class version 61)
[21:22:50] [main/DEBUG] (FabricLoader/Mixin) fabric-gametest-api-v1.mixins.json:StructureTemplateManagerMixin from mod fabric-gametest-api-v1->@Inject::addFabricTemplateProvider(Lnet/minecraft/resource/ResourceManager;Lnet/minecraft/world/level/storage/LevelStorage$Session;Lcom/mojang/datafixers/DataFixer;Lnet/minecraft/registry/RegistryEntryLookup;Lorg/spongepowered/asm/mixin/injection/callback/CallbackInfo;Lcom/google/common/collect/ImmutableList$Builder;)V doesn't use it's CallbackInfo
[21:22:50] [main/DEBUG] (FabricLoader/Mixin) fabric-gametest-api-v1.mixins.json:StructureTemplateManagerMixin from mod fabric-gametest-api-v1->@Inject::addFabricTemplateProvider(Lnet/minecraft/resource/ResourceManager;Lnet/minecraft/world/level/storage/LevelStorage$Session;Lcom/mojang/datafixers/DataFixer;Lnet/minecraft/registry/RegistryEntryLookup;Lorg/spongepowered/asm/mixin/injection/callback/CallbackInfo;Lcom/google/common/collect/ImmutableList$Builder;)V has 0 override(s) in child classes
[21:22:50] [main/DEBUG] (FabricLoader/Mixin) fabric-gametest-api-v1.mixins.json:StructureTemplateManagerMixin from mod fabric-gametest-api-v1->@Inject::addFabricTemplateProvider(Lnet/minecraft/resource/ResourceManager;Lnet/minecraft/world/level/storage/LevelStorage$Session;Lcom/mojang/datafixers/DataFixer;Lnet/minecraft/registry/RegistryEntryLookup;Lorg/spongepowered/asm/mixin/injection/callback/CallbackInfo;Lcom/google/common/collect/ImmutableList$Builder;)V won't be passed a CallbackInfo as a result
[21:22:50] [main/DEBUG] (FabricLoader/Mixin) Mixing BiomeSourceMixin from fabric-biome-api-v1.mixins.json into net.minecraft.world.biome.source.BiomeSource
[21:22:50] [main/DEBUG] (FabricLoader/Mixin) fabric-biome-api-v1.mixins.json:BiomeSourceMixin from mod fabric-biome-api-v1: Class version 65 required is higher than the class version supported by the current version of Mixin (JAVA_17 supports class version 61)
[21:22:50] [main/DEBUG] (FabricLoader/Mixin) Mixing MultiNoiseBiomeSourceMixin from fabric-biome-api-v1.mixins.json into net.minecraft.world.biome.source.MultiNoiseBiomeSource
[21:22:50] [main/DEBUG] (FabricLoader/Mixin) fabric-biome-api-v1.mixins.json:MultiNoiseBiomeSourceMixin from mod fabric-biome-api-v1: Class version 65 required is higher than the class version supported by the current version of Mixin (JAVA_17 supports class version 61)
[21:22:50] [main/DEBUG] (FabricLoader/Mixin) Mixing NetherBiomePresetMixin from fabric-biome-api-v1.mixins.json into net.minecraft.world.biome.source.MultiNoiseBiomeSourceParameterList$Preset$1
[21:22:50] [main/DEBUG] (FabricLoader/Mixin) fabric-biome-api-v1.mixins.json:NetherBiomePresetMixin from mod fabric-biome-api-v1: Class version 65 required is higher than the class version supported by the current version of Mixin (JAVA_17 supports class version 61)
[21:22:50] [main/DEBUG] (FabricLoader/Mixin) fabric-biome-api-v1.mixins.json:NetherBiomePresetMixin from mod fabric-biome-api-v1->@Inject::apply(Ljava/util/function/Function;Lorg/spongepowered/asm/mixin/injection/callback/CallbackInfoReturnable;)V does use it's CallbackInfoReturnable
[21:22:50] [main/DEBUG] (FabricLoader/Mixin) Mixing TheEndBiomeSourceMixin from fabric-biome-api-v1.mixins.json into net.minecraft.world.biome.source.TheEndBiomeSource
[21:22:50] [main/DEBUG] (FabricLoader/Mixin) fabric-biome-api-v1.mixins.json:TheEndBiomeSourceMixin from mod fabric-biome-api-v1: Class version 65 required is higher than the class version supported by the current version of Mixin (JAVA_17 supports class version 61)
[21:22:50] [main/DEBUG] (FabricLoader/Mixin) Renaming synthetic method lambda$init$1(Lnet/minecraft/registry/RegistryEntryLookup;)Lnet/fabricmc/fabric/impl/biome/TheEndBiomeData$Overrides; to md164862$fabric-biome-api-v1$lambda$init$1$0 in fabric-biome-api-v1.mixins.json:TheEndBiomeSourceMixin from mod fabric-biome-api-v1
[21:22:50] [main/DEBUG] (FabricLoader/Mixin) Renaming synthetic method lambda$modifyCodec$0(Lcom/mojang/serialization/codecs/RecordCodecBuilder$Instance;)Lcom/mojang/datafixers/kinds/App; to md164862$fabric-biome-api-v1$lambda$modifyCodec$0$1 in fabric-biome-api-v1.mixins.json:TheEndBiomeSourceMixin from mod fabric-biome-api-v1
[21:22:50] [main/DEBUG] (FabricLoader/Mixin) fabric-biome-api-v1.mixins.json:TheEndBiomeSourceMixin from mod fabric-biome-api-v1->@Inject::modifyCodec(Lorg/spongepowered/asm/mixin/injection/callback/CallbackInfo;)V doesn't use it's CallbackInfo
[21:22:50] [main/DEBUG] (FabricLoader/Mixin) fabric-biome-api-v1.mixins.json:TheEndBiomeSourceMixin from mod fabric-biome-api-v1->@Inject::rememberLookup(Lnet/minecraft/registry/RegistryEntryLookup;Lorg/spongepowered/asm/mixin/injection/callback/CallbackInfoReturnable;)V doesn't use it's CallbackInfoReturnable
[21:22:50] [main/DEBUG] (FabricLoader/Mixin) fabric-biome-api-v1.mixins.json:TheEndBiomeSourceMixin from mod fabric-biome-api-v1->@Inject::clearLookup(Lnet/minecraft/registry/RegistryEntryLookup;Lorg/spongepowered/asm/mixin/injection/callback/CallbackInfoReturnable;)V doesn't use it's CallbackInfoReturnable
[21:22:50] [main/DEBUG] (FabricLoader/Mixin) fabric-biome-api-v1.mixins.json:TheEndBiomeSourceMixin from mod fabric-biome-api-v1->@Inject::init(Lnet/minecraft/registry/entry/RegistryEntry;Lnet/minecraft/registry/entry/RegistryEntry;Lnet/minecraft/registry/entry/RegistryEntry;Lnet/minecraft/registry/entry/RegistryEntry;Lnet/minecraft/registry/entry/RegistryEntry;Lorg/spongepowered/asm/mixin/injection/callback/CallbackInfo;)V doesn't use it's CallbackInfo
[21:22:50] [main/DEBUG] (FabricLoader/Mixin) fabric-biome-api-v1.mixins.json:TheEndBiomeSourceMixin from mod fabric-biome-api-v1->@Inject::init(Lnet/minecraft/registry/entry/RegistryEntry;Lnet/minecraft/registry/entry/RegistryEntry;Lnet/minecraft/registry/entry/RegistryEntry;Lnet/minecraft/registry/entry/RegistryEntry;Lnet/minecraft/registry/entry/RegistryEntry;Lorg/spongepowered/asm/mixin/injection/callback/CallbackInfo;)V has 0 override(s) in child classes
[21:22:50] [main/DEBUG] (FabricLoader/Mixin) fabric-biome-api-v1.mixins.json:TheEndBiomeSourceMixin from mod fabric-biome-api-v1->@Inject::init(Lnet/minecraft/registry/entry/RegistryEntry;Lnet/minecraft/registry/entry/RegistryEntry;Lnet/minecraft/registry/entry/RegistryEntry;Lnet/minecraft/registry/entry/RegistryEntry;Lnet/minecraft/registry/entry/RegistryEntry;Lorg/spongepowered/asm/mixin/injection/callback/CallbackInfo;)V won't be passed a CallbackInfo as a result
[21:22:50] [main/DEBUG] (FabricLoader/Mixin) fabric-biome-api-v1.mixins.json:TheEndBiomeSourceMixin from mod fabric-biome-api-v1->@Inject::getWeightedEndBiome(IIILnet/minecraft/world/biome/source/util/MultiNoiseUtil$MultiNoiseSampler;Lorg/spongepowered/asm/mixin/injection/callback/CallbackInfoReturnable;)V does use it's CallbackInfoReturnable
[21:22:50] [main/DEBUG] (FabricLoader/Mixin) fabric-biome-api-v1.mixins.json:TheEndBiomeSourceMixin from mod fabric-biome-api-v1->@Inject::getWeightedEndBiome(IIILnet/minecraft/world/biome/source/util/MultiNoiseUtil$MultiNoiseSampler;Lorg/spongepowered/asm/mixin/injection/callback/CallbackInfoReturnable;)V does use it's CallbackInfoReturnable
[21:22:50] [main/DEBUG] (FabricLoader/Mixin) fabric-biome-api-v1.mixins.json:TheEndBiomeSourceMixin from mod fabric-biome-api-v1->@Inject::getWeightedEndBiome(IIILnet/minecraft/world/biome/source/util/MultiNoiseUtil$MultiNoiseSampler;Lorg/spongepowered/asm/mixin/injection/callback/CallbackInfoReturnable;)V does use it's CallbackInfoReturnable
[21:22:50] [main/DEBUG] (FabricLoader/Mixin) fabric-biome-api-v1.mixins.json:TheEndBiomeSourceMixin from mod fabric-biome-api-v1->@Inject::getWeightedEndBiome(IIILnet/minecraft/world/biome/source/util/MultiNoiseUtil$MultiNoiseSampler;Lorg/spongepowered/asm/mixin/injection/callback/CallbackInfoReturnable;)V does use it's CallbackInfoReturnable
[21:22:50] [main/DEBUG] (FabricLoader/Mixin) fabric-biome-api-v1.mixins.json:TheEndBiomeSourceMixin from mod fabric-biome-api-v1->@Inject::getWeightedEndBiome(IIILnet/minecraft/world/biome/source/util/MultiNoiseUtil$MultiNoiseSampler;Lorg/spongepowered/asm/mixin/injection/callback/CallbackInfoReturnable;)V does use it's CallbackInfoReturnable
[21:22:50] [main/DEBUG] (FabricLoader/Mixin) Mixing DebugChunkGeneratorAccessor from fabric-registry-sync-v0.mixins.json into net.minecraft.world.gen.chunk.DebugChunkGenerator
[21:22:50] [main/DEBUG] (FabricLoader/Mixin) fabric-registry-sync-v0.mixins.json:DebugChunkGeneratorAccessor from mod fabric-registry-sync-v0: Class version 65 required is higher than the class version supported by the current version of Mixin (JAVA_17 supports class version 61)
[21:22:50] [main/DEBUG] (FabricLoader/Mixin) Renaming @Accessor method setBLOCK_STATES(Ljava/util/List;)V to setBLOCK_STATES$fabric-registry-sync-v0_$md$164862$0 in fabric-registry-sync-v0.mixins.json:DebugChunkGeneratorAccessor from mod fabric-registry-sync-v0
[21:22:50] [main/DEBUG] (FabricLoader/Mixin) Renaming @Accessor method setX_SIDE_LENGTH(I)V to setX_SIDE_LENGTH$fabric-registry-sync-v0_$md$164862$1 in fabric-registry-sync-v0.mixins.json:DebugChunkGeneratorAccessor from mod fabric-registry-sync-v0
[21:22:50] [main/DEBUG] (FabricLoader/Mixin) Renaming @Accessor method setZ_SIDE_LENGTH(I)V to setZ_SIDE_LENGTH$fabric-registry-sync-v0_$md$164862$2 in fabric-registry-sync-v0.mixins.json:DebugChunkGeneratorAccessor from mod fabric-registry-sync-v0
[21:22:50] [main/DEBUG] (FabricLoader/Mixin) Mixing DefaultAttributeRegistryAccessor from fabric-object-builder-v1.mixins.json into net.minecraft.entity.attribute.DefaultAttributeRegistry
[21:22:50] [main/DEBUG] (FabricLoader/Mixin) fabric-object-builder-v1.mixins.json:DefaultAttributeRegistryAccessor from mod fabric-object-builder-api-v1: Class version 65 required is higher than the class version supported by the current version of Mixin (JAVA_17 supports class version 61)
[21:22:50] [main/DEBUG] (FabricLoader/Mixin) Renaming @Accessor method getRegistry()Ljava/util/Map; to getRegistry$fabric-object-builder-api-v1_$md$164862$0 in fabric-object-builder-v1.mixins.json:DefaultAttributeRegistryAccessor from mod fabric-object-builder-api-v1
[21:22:50] [main/DEBUG] (FabricLoader/Mixin) Mixing DefaultAttributeRegistryMixin from fabric-object-builder-v1.mixins.json into net.minecraft.entity.attribute.DefaultAttributeRegistry
[21:22:50] [main/DEBUG] (FabricLoader/Mixin) fabric-object-builder-v1.mixins.json:DefaultAttributeRegistryMixin from mod fabric-object-builder-api-v1: Class version 65 required is higher than the class version supported by the current version of Mixin (JAVA_17 supports class version 61)
[21:22:50] [main/DEBUG] (FabricLoader/Mixin) fabric-object-builder-v1.mixins.json:DefaultAttributeRegistryMixin from mod fabric-object-builder-api-v1->@Inject::injectAttributes(Lorg/spongepowered/asm/mixin/injection/callback/CallbackInfo;)V doesn't use it's CallbackInfo
[21:22:50] [Render thread/DEBUG] (FabricLoader/Mixin) Mixing MinecraftClientMixin from fabric-lifecycle-events-v1.client.mixins.json into net.minecraft.client.MinecraftClient
[21:22:50] [Render thread/DEBUG] (FabricLoader/Mixin) fabric-lifecycle-events-v1.client.mixins.json:MinecraftClientMixin from mod fabric-lifecycle-events-v1: Class version 65 required is higher than the class version supported by the current version of Mixin (JAVA_17 supports class version 61)
[21:22:50] [Render thread/DEBUG] (FabricLoader/Mixin) Mixing MinecraftClientMixin from fabric-data-generation-api-v1.client.mixins.json into net.minecraft.client.MinecraftClient
[21:22:50] [Render thread/DEBUG] (FabricLoader/Mixin) fabric-data-generation-api-v1.client.mixins.json:MinecraftClientMixin from mod fabric-data-generation-api-v1: Class version 65 required is higher than the class version supported by the current version of Mixin (JAVA_17 supports class version 61)
[21:22:50] [Render thread/DEBUG] (FabricLoader/Mixin) Mixing MinecraftAccessor from ias.mixins.json into net.minecraft.client.MinecraftClient
[21:22:50] [Render thread/DEBUG] (FabricLoader/Mixin) Mixing MinecraftMixin from ias.mixins.json into net.minecraft.client.MinecraftClient
[21:22:50] [Render thread/DEBUG] (FabricLoader/Mixin) Mixing MinecraftClientMixin from fabric-registry-sync-v0.client.mixins.json into net.minecraft.client.MinecraftClient
[21:22:50] [Render thread/DEBUG] (FabricLoader/Mixin) fabric-registry-sync-v0.client.mixins.json:MinecraftClientMixin from mod fabric-registry-sync-v0: Class version 65 required is higher than the class version supported by the current version of Mixin (JAVA_17 supports class version 61)
[21:22:50] [Render thread/DEBUG] (FabricLoader/Mixin) Mixing accessor.MinecraftClientAccessor from fabric-networking-api-v1.client.mixins.json into net.minecraft.client.MinecraftClient
[21:22:50] [Render thread/DEBUG] (FabricLoader/Mixin) fabric-networking-api-v1.client.mixins.json:accessor.MinecraftClientAccessor from mod fabric-networking-api-v1: Class version 65 required is higher than the class version supported by the current version of Mixin (JAVA_17 supports class version 61)
[21:22:50] [Render thread/DEBUG] (FabricLoader/Mixin) Mixing MinecraftClientMixin from fabric-events-interaction-v0.client.mixins.json into net.minecraft.client.MinecraftClient
[21:22:50] [Render thread/DEBUG] (FabricLoader/Mixin) fabric-events-interaction-v0.client.mixins.json:MinecraftClientMixin from mod fabric-events-interaction-v0: Class version 65 required is higher than the class version supported by the current version of Mixin (JAVA_17 supports class version 61)
[21:22:50] [Render thread/DEBUG] (FabricLoader/Mixin) Mixing MinecraftClientMixin from fabric-screen-api-v1.mixins.json into net.minecraft.client.MinecraftClient
[21:22:50] [Render thread/DEBUG] (FabricLoader/Mixin) fabric-screen-api-v1.mixins.json:MinecraftClientMixin from mod fabric-screen-api-v1: Class version 65 required is higher than the class version supported by the current version of Mixin (JAVA_17 supports class version 61)
[21:22:50] [Render thread/DEBUG] (FabricLoader/Mixin) Renaming @Unique field LOGGERLorg/slf4j/Logger; to fd164862$fabric-screen-api-v1$LOGGER$0 in fabric-screen-api-v1.mixins.json:MinecraftClientMixin from mod fabric-screen-api-v1
[21:22:50] [Render thread/DEBUG] (FabricLoader/Mixin) fabric-lifecycle-events-v1.client.mixins.json:MinecraftClientMixin from mod fabric-lifecycle-events-v1->@Inject::onStartTick(Lorg/spongepowered/asm/mixin/injection/callback/CallbackInfo;)V doesn't use it's CallbackInfo
[21:22:50] [Render thread/DEBUG] (FabricLoader/Mixin) fabric-lifecycle-events-v1.client.mixins.json:MinecraftClientMixin from mod fabric-lifecycle-events-v1->@Inject::onStartTick(Lorg/spongepowered/asm/mixin/injection/callback/CallbackInfo;)V has 0 override(s) in child classes
[21:22:50] [Render thread/DEBUG] (FabricLoader/Mixin) fabric-lifecycle-events-v1.client.mixins.json:MinecraftClientMixin from mod fabric-lifecycle-events-v1->@Inject::onStartTick(Lorg/spongepowered/asm/mixin/injection/callback/CallbackInfo;)V won't be passed a CallbackInfo as a result
[21:22:50] [Render thread/DEBUG] (FabricLoader/Mixin) fabric-lifecycle-events-v1.client.mixins.json:MinecraftClientMixin from mod fabric-lifecycle-events-v1->@Inject::onEndTick(Lorg/spongepowered/asm/mixin/injection/callback/CallbackInfo;)V doesn't use it's CallbackInfo
[21:22:50] [Render thread/DEBUG] (FabricLoader/Mixin) fabric-lifecycle-events-v1.client.mixins.json:MinecraftClientMixin from mod fabric-lifecycle-events-v1->@Inject::onEndTick(Lorg/spongepowered/asm/mixin/injection/callback/CallbackInfo;)V has 0 override(s) in child classes
[21:22:50] [Render thread/DEBUG] (FabricLoader/Mixin) fabric-lifecycle-events-v1.client.mixins.json:MinecraftClientMixin from mod fabric-lifecycle-events-v1->@Inject::onEndTick(Lorg/spongepowered/asm/mixin/injection/callback/CallbackInfo;)V won't be passed a CallbackInfo as a result
[21:22:50] [Render thread/DEBUG] (FabricLoader/Mixin) fabric-lifecycle-events-v1.client.mixins.json:MinecraftClientMixin from mod fabric-lifecycle-events-v1->@Inject::onStopping(Lorg/spongepowered/asm/mixin/injection/callback/CallbackInfo;)V doesn't use it's CallbackInfo
[21:22:50] [Render thread/DEBUG] (FabricLoader/Mixin) fabric-lifecycle-events-v1.client.mixins.json:MinecraftClientMixin from mod fabric-lifecycle-events-v1->@Inject::onStopping(Lorg/spongepowered/asm/mixin/injection/callback/CallbackInfo;)V has 0 override(s) in child classes
[21:22:50] [Render thread/DEBUG] (FabricLoader/Mixin) fabric-lifecycle-events-v1.client.mixins.json:MinecraftClientMixin from mod fabric-lifecycle-events-v1->@Inject::onStopping(Lorg/spongepowered/asm/mixin/injection/callback/CallbackInfo;)V won't be passed a CallbackInfo as a result
[21:22:50] [Render thread/DEBUG] (FabricLoader/Mixin) fabric-lifecycle-events-v1.client.mixins.json:MinecraftClientMixin from mod fabric-lifecycle-events-v1->@Inject::onStart(Lorg/spongepowered/asm/mixin/injection/callback/CallbackInfo;)V doesn't use it's CallbackInfo
[21:22:50] [Render thread/DEBUG] (FabricLoader/Mixin) fabric-lifecycle-events-v1.client.mixins.json:MinecraftClientMixin from mod fabric-lifecycle-events-v1->@Inject::onStart(Lorg/spongepowered/asm/mixin/injection/callback/CallbackInfo;)V has 0 override(s) in child classes
[21:22:50] [Render thread/DEBUG] (FabricLoader/Mixin) fabric-lifecycle-events-v1.client.mixins.json:MinecraftClientMixin from mod fabric-lifecycle-events-v1->@Inject::onStart(Lorg/spongepowered/asm/mixin/injection/callback/CallbackInfo;)V won't be passed a CallbackInfo as a result
[21:22:50] [Render thread/DEBUG] (FabricLoader/Mixin) fabric-lifecycle-events-v1.client.mixins.json:MinecraftClientMixin from mod fabric-lifecycle-events-v1->@Inject::afterClientWorldChange(Lnet/minecraft/client/world/ClientWorld;Lorg/spongepowered/asm/mixin/injection/callback/CallbackInfo;)V doesn't use it's CallbackInfo
[21:22:50] [Render thread/DEBUG] (FabricLoader/Mixin) fabric-lifecycle-events-v1.client.mixins.json:MinecraftClientMixin from mod fabric-lifecycle-events-v1->@Inject::afterClientWorldChange(Lnet/minecraft/client/world/ClientWorld;Lorg/spongepowered/asm/mixin/injection/callback/CallbackInfo;)V has 0 override(s) in child classes
[21:22:50] [Render thread/DEBUG] (FabricLoader/Mixin) fabric-lifecycle-events-v1.client.mixins.json:MinecraftClientMixin from mod fabric-lifecycle-events-v1->@Inject::afterClientWorldChange(Lnet/minecraft/client/world/ClientWorld;Lorg/spongepowered/asm/mixin/injection/callback/CallbackInfo;)V won't be passed a CallbackInfo as a result
[21:22:50] [Render thread/DEBUG] (FabricLoader/Mixin) fabric-data-generation-api-v1.client.mixins.json:MinecraftClientMixin from mod fabric-data-generation-api-v1->@Inject::main(Lorg/spongepowered/asm/mixin/injection/callback/CallbackInfo;)V doesn't use it's CallbackInfo
[21:22:50] [Render thread/DEBUG] (FabricLoader/Mixin) fabric-data-generation-api-v1.client.mixins.json:MinecraftClientMixin from mod fabric-data-generation-api-v1->@Inject::main(Lorg/spongepowered/asm/mixin/injection/callback/CallbackInfo;)V has 0 override(s) in child classes
[21:22:50] [Render thread/DEBUG] (FabricLoader/Mixin) fabric-data-generation-api-v1.client.mixins.json:MinecraftClientMixin from mod fabric-data-generation-api-v1->@Inject::main(Lorg/spongepowered/asm/mixin/injection/callback/CallbackInfo;)V won't be passed a CallbackInfo as a result
[21:22:50] [Render thread/DEBUG] (FabricLoader/Mixin) ias.mixins.json:MinecraftMixin from mod ias->@Inject::ias_init_return(Lnet/minecraft/client/RunArgs;Lorg/spongepowered/asm/mixin/injection/callback/CallbackInfo;)V doesn't use it's CallbackInfo
[21:22:50] [Render thread/DEBUG] (FabricLoader/Mixin) ias.mixins.json:MinecraftMixin from mod ias->@Inject::ias_init_return(Lnet/minecraft/client/RunArgs;Lorg/spongepowered/asm/mixin/injection/callback/CallbackInfo;)V has 0 override(s) in child classes
[21:22:50] [Render thread/DEBUG] (FabricLoader/Mixin) ias.mixins.json:MinecraftMixin from mod ias->@Inject::ias_init_return(Lnet/minecraft/client/RunArgs;Lorg/spongepowered/asm/mixin/injection/callback/CallbackInfo;)V won't be passed a CallbackInfo as a result
[21:22:50] [Render thread/DEBUG] (FabricLoader/Mixin) ias.mixins.json:MinecraftMixin from mod ias->@Inject::ias$createTitle$return(Lorg/spongepowered/asm/mixin/injection/callback/CallbackInfoReturnable;)V does use it's CallbackInfoReturnable
[21:22:50] [Render thread/DEBUG] (FabricLoader/Mixin) fabric-registry-sync-v0.client.mixins.json:MinecraftClientMixin from mod fabric-registry-sync-v0->@Inject::disconnectAfter(Lnet/minecraft/client/gui/screen/Screen;ZLorg/spongepowered/asm/mixin/injection/callback/CallbackInfo;)V doesn't use it's CallbackInfo
[21:22:50] [Render thread/DEBUG] (FabricLoader/Mixin) fabric-registry-sync-v0.client.mixins.json:MinecraftClientMixin from mod fabric-registry-sync-v0->@Inject::disconnectAfter(Lnet/minecraft/client/gui/screen/Screen;ZLorg/spongepowered/asm/mixin/injection/callback/CallbackInfo;)V has 0 override(s) in child classes
[21:22:50] [Render thread/DEBUG] (FabricLoader/Mixin) fabric-registry-sync-v0.client.mixins.json:MinecraftClientMixin from mod fabric-registry-sync-v0->@Inject::disconnectAfter(Lnet/minecraft/client/gui/screen/Screen;ZLorg/spongepowered/asm/mixin/injection/callback/CallbackInfo;)V won't be passed a CallbackInfo as a result
[21:22:50] [Render thread/DEBUG] (FabricLoader/Mixin) fabric-registry-sync-v0.client.mixins.json:MinecraftClientMixin from mod fabric-registry-sync-v0->@Inject::afterModInit(Lorg/spongepowered/asm/mixin/injection/callback/CallbackInfo;)V doesn't use it's CallbackInfo
[21:22:50] [Render thread/DEBUG] (FabricLoader/Mixin) fabric-registry-sync-v0.client.mixins.json:MinecraftClientMixin from mod fabric-registry-sync-v0->@Inject::afterModInit(Lorg/spongepowered/asm/mixin/injection/callback/CallbackInfo;)V has 0 override(s) in child classes
[21:22:50] [Render thread/DEBUG] (FabricLoader/Mixin) fabric-registry-sync-v0.client.mixins.json:MinecraftClientMixin from mod fabric-registry-sync-v0->@Inject::afterModInit(Lorg/spongepowered/asm/mixin/injection/callback/CallbackInfo;)V won't be passed a CallbackInfo as a result
[21:22:50] [Render thread/DEBUG] (FabricLoader/Mixin) fabric-events-interaction-v0.client.mixins.json:MinecraftClientMixin from mod fabric-events-interaction-v0->@Inject::fabric_doItemPickWrapper(Lorg/spongepowered/asm/mixin/injection/callback/CallbackInfo;)V does use it's CallbackInfo
[21:22:50] [Render thread/DEBUG] (FabricLoader/Mixin) fabric-events-interaction-v0.client.mixins.json:MinecraftClientMixin from mod fabric-events-interaction-v0->@Inject::cancelItemPick(Lorg/spongepowered/asm/mixin/injection/callback/CallbackInfo;)V does use it's CallbackInfo
[21:22:50] [Render thread/DEBUG] (FabricLoader/Mixin) fabric-events-interaction-v0.client.mixins.json:MinecraftClientMixin from mod fabric-events-interaction-v0->@Inject::injectUseEntityCallback(Lorg/spongepowered/asm/mixin/injection/callback/CallbackInfo;[Lnet/minecraft/util/Hand;IILnet/minecraft/util/Hand;Lnet/minecraft/item/ItemStack;Lnet/minecraft/util/hit/EntityHitResult;Lnet/minecraft/entity/Entity;)V does use it's CallbackInfo
[21:22:50] [Render thread/DEBUG] (FabricLoader/Mixin) fabric-events-interaction-v0.client.mixins.json:MinecraftClientMixin from mod fabric-events-interaction-v0->@Inject::injectHandleInputEventsForPreAttackCallback(Lorg/spongepowered/asm/mixin/injection/callback/CallbackInfo;)V doesn't use it's CallbackInfo
[21:22:50] [Render thread/DEBUG] (FabricLoader/Mixin) fabric-events-interaction-v0.client.mixins.json:MinecraftClientMixin from mod fabric-events-interaction-v0->@Inject::injectHandleInputEventsForPreAttackCallback(Lorg/spongepowered/asm/mixin/injection/callback/CallbackInfo;)V has 0 override(s) in child classes
[21:22:50] [Render thread/DEBUG] (FabricLoader/Mixin) fabric-events-interaction-v0.client.mixins.json:MinecraftClientMixin from mod fabric-events-interaction-v0->@Inject::injectHandleInputEventsForPreAttackCallback(Lorg/spongepowered/asm/mixin/injection/callback/CallbackInfo;)V won't be passed a CallbackInfo as a result
[21:22:50] [Render thread/DEBUG] (FabricLoader/Mixin) fabric-events-interaction-v0.client.mixins.json:MinecraftClientMixin from mod fabric-events-interaction-v0->@Inject::injectDoAttackForCancelling(Lorg/spongepowered/asm/mixin/injection/callback/CallbackInfoReturnable;)V does use it's CallbackInfoReturnable
[21:22:50] [Render thread/DEBUG] (FabricLoader/Mixin) fabric-events-interaction-v0.client.mixins.json:MinecraftClientMixin from mod fabric-events-interaction-v0->@Inject::injectHandleBlockBreakingForCancelling(ZLorg/spongepowered/asm/mixin/injection/callback/CallbackInfo;)V does use it's CallbackInfo
[21:22:50] [Render thread/DEBUG] (FabricLoader/Mixin) fabric-screen-api-v1.mixins.json:MinecraftClientMixin from mod fabric-screen-api-v1->@Inject::checkThreadOnDev(Lnet/minecraft/client/gui/screen/Screen;Lorg/spongepowered/asm/mixin/injection/callback/CallbackInfo;)V doesn't use it's CallbackInfo
[21:22:50] [Render thread/DEBUG] (FabricLoader/Mixin) fabric-screen-api-v1.mixins.json:MinecraftClientMixin from mod fabric-screen-api-v1->@Inject::checkThreadOnDev(Lnet/minecraft/client/gui/screen/Screen;Lorg/spongepowered/asm/mixin/injection/callback/CallbackInfo;)V has 0 override(s) in child classes
[21:22:50] [Render thread/DEBUG] (FabricLoader/Mixin) fabric-screen-api-v1.mixins.json:MinecraftClientMixin from mod fabric-screen-api-v1->@Inject::checkThreadOnDev(Lnet/minecraft/client/gui/screen/Screen;Lorg/spongepowered/asm/mixin/injection/callback/CallbackInfo;)V won't be passed a CallbackInfo as a result
[21:22:50] [Render thread/DEBUG] (FabricLoader/Mixin) fabric-screen-api-v1.mixins.json:MinecraftClientMixin from mod fabric-screen-api-v1->@Inject::onScreenRemove(Lnet/minecraft/client/gui/screen/Screen;Lorg/spongepowered/asm/mixin/injection/callback/CallbackInfo;)V doesn't use it's CallbackInfo
[21:22:50] [Render thread/DEBUG] (FabricLoader/Mixin) fabric-screen-api-v1.mixins.json:MinecraftClientMixin from mod fabric-screen-api-v1->@Inject::onScreenRemove(Lnet/minecraft/client/gui/screen/Screen;Lorg/spongepowered/asm/mixin/injection/callback/CallbackInfo;)V has 0 override(s) in child classes
[21:22:50] [Render thread/DEBUG] (FabricLoader/Mixin) fabric-screen-api-v1.mixins.json:MinecraftClientMixin from mod fabric-screen-api-v1->@Inject::onScreenRemove(Lnet/minecraft/client/gui/screen/Screen;Lorg/spongepowered/asm/mixin/injection/callback/CallbackInfo;)V won't be passed a CallbackInfo as a result
[21:22:50] [Render thread/DEBUG] (FabricLoader/Mixin) fabric-screen-api-v1.mixins.json:MinecraftClientMixin from mod fabric-screen-api-v1->@Inject::onScreenRemoveBecauseStopping(Lorg/spongepowered/asm/mixin/injection/callback/CallbackInfo;)V doesn't use it's CallbackInfo
[21:22:50] [Render thread/DEBUG] (FabricLoader/Mixin) fabric-screen-api-v1.mixins.json:MinecraftClientMixin from mod fabric-screen-api-v1->@Inject::onScreenRemoveBecauseStopping(Lorg/spongepowered/asm/mixin/injection/callback/CallbackInfo;)V has 0 override(s) in child classes
[21:22:50] [Render thread/DEBUG] (FabricLoader/Mixin) fabric-screen-api-v1.mixins.json:MinecraftClientMixin from mod fabric-screen-api-v1->@Inject::onScreenRemoveBecauseStopping(Lorg/spongepowered/asm/mixin/injection/callback/CallbackInfo;)V won't be passed a CallbackInfo as a result
[21:22:50] [Render thread/DEBUG] (FabricLoader/Mixin) fabric-screen-api-v1.mixins.json:MinecraftClientMixin from mod fabric-screen-api-v1->@Inject::beforeScreenTick(Lorg/spongepowered/asm/mixin/injection/callback/CallbackInfo;)V doesn't use it's CallbackInfo
[21:22:50] [Render thread/DEBUG] (FabricLoader/Mixin) fabric-screen-api-v1.mixins.json:MinecraftClientMixin from mod fabric-screen-api-v1->@Inject::beforeScreenTick(Lorg/spongepowered/asm/mixin/injection/callback/CallbackInfo;)V has 0 override(s) in child classes
[21:22:50] [Render thread/DEBUG] (FabricLoader/Mixin) fabric-screen-api-v1.mixins.json:MinecraftClientMixin from mod fabric-screen-api-v1->@Inject::beforeScreenTick(Lorg/spongepowered/asm/mixin/injection/callback/CallbackInfo;)V won't be passed a CallbackInfo as a result
[21:22:50] [Render thread/DEBUG] (FabricLoader/Mixin) fabric-screen-api-v1.mixins.json:MinecraftClientMixin from mod fabric-screen-api-v1->@Inject::afterScreenTick(Lorg/spongepowered/asm/mixin/injection/callback/CallbackInfo;)V doesn't use it's CallbackInfo
[21:22:50] [Render thread/DEBUG] (FabricLoader/Mixin) fabric-screen-api-v1.mixins.json:MinecraftClientMixin from mod fabric-screen-api-v1->@Inject::afterScreenTick(Lorg/spongepowered/asm/mixin/injection/callback/CallbackInfo;)V has 0 override(s) in child classes
[21:22:50] [Render thread/DEBUG] (FabricLoader/Mixin) fabric-screen-api-v1.mixins.json:MinecraftClientMixin from mod fabric-screen-api-v1->@Inject::afterScreenTick(Lorg/spongepowered/asm/mixin/injection/callback/CallbackInfo;)V won't be passed a CallbackInfo as a result
[21:22:50] [Render thread/DEBUG] (FabricLoader/Mixin) fabric-screen-api-v1.mixins.json:MinecraftClientMixin from mod fabric-screen-api-v1->@Inject::beforeLoadingScreenTick(Lorg/spongepowered/asm/mixin/injection/callback/CallbackInfo;)V doesn't use it's CallbackInfo
[21:22:50] [Render thread/DEBUG] (FabricLoader/Mixin) fabric-screen-api-v1.mixins.json:MinecraftClientMixin from mod fabric-screen-api-v1->@Inject::beforeLoadingScreenTick(Lorg/spongepowered/asm/mixin/injection/callback/CallbackInfo;)V has 0 override(s) in child classes
[21:22:50] [Render thread/DEBUG] (FabricLoader/Mixin) fabric-screen-api-v1.mixins.json:MinecraftClientMixin from mod fabric-screen-api-v1->@Inject::beforeLoadingScreenTick(Lorg/spongepowered/asm/mixin/injection/callback/CallbackInfo;)V won't be passed a CallbackInfo as a result
[21:22:50] [Render thread/DEBUG] (FabricLoader/Mixin) fabric-screen-api-v1.mixins.json:MinecraftClientMixin from mod fabric-screen-api-v1->@Inject::afterLoadingScreenTick(Lorg/spongepowered/asm/mixin/injection/callback/CallbackInfo;)V doesn't use it's CallbackInfo
[21:22:50] [Render thread/DEBUG] (FabricLoader/Mixin) fabric-screen-api-v1.mixins.json:MinecraftClientMixin from mod fabric-screen-api-v1->@Inject::afterLoadingScreenTick(Lorg/spongepowered/asm/mixin/injection/callback/CallbackInfo;)V has 0 override(s) in child classes
[21:22:50] [Render thread/DEBUG] (FabricLoader/Mixin) fabric-screen-api-v1.mixins.json:MinecraftClientMixin from mod fabric-screen-api-v1->@Inject::afterLoadingScreenTick(Lorg/spongepowered/asm/mixin/injection/callback/CallbackInfo;)V won't be passed a CallbackInfo as a result
[21:22:50] [Render thread/DEBUG] (FabricLoader/Mixin) Mixing ScreenMixin from stafftools.client.mixins.json into net.minecraft.client.gui.screen.Screen
[21:22:50] [Render thread/DEBUG] (FabricLoader/Mixin) Mixing ScreenAccessor from fabric-screen-api-v1.mixins.json into net.minecraft.client.gui.screen.Screen
[21:22:50] [Render thread/DEBUG] (FabricLoader/Mixin) fabric-screen-api-v1.mixins.json:ScreenAccessor from mod fabric-screen-api-v1: Class version 65 required is higher than the class version supported by the current version of Mixin (JAVA_17 supports class version 61)
[21:22:50] [Render thread/DEBUG] (FabricLoader/Mixin) Mixing ScreenMixin from fabric-screen-api-v1.mixins.json into net.minecraft.client.gui.screen.Screen
[21:22:50] [Render thread/DEBUG] (FabricLoader/Mixin) fabric-screen-api-v1.mixins.json:ScreenMixin from mod fabric-screen-api-v1: Class version 65 required is higher than the class version supported by the current version of Mixin (JAVA_17 supports class version 61)
[21:22:50] [Render thread/DEBUG] (FabricLoader/Mixin) stafftools.client.mixins.json:ScreenMixin from mod stafftools->@Inject::stafftools$onTextClick(Lnet/minecraft/text/Style;Lorg/spongepowered/asm/mixin/injection/callback/CallbackInfoReturnable;)V does use it's CallbackInfoReturnable
[21:22:50] [Render thread/DEBUG] (FabricLoader/Mixin) stafftools.client.mixins.json:ScreenMixin from mod stafftools->@Inject::stafftools$renderOverlay(Lnet/minecraft/client/gui/DrawContext;IIFLorg/spongepowered/asm/mixin/injection/callback/CallbackInfo;)V doesn't use it's CallbackInfo
[21:22:50] [Render thread/DEBUG] (FabricLoader/Mixin) stafftools.client.mixins.json:ScreenMixin from mod stafftools->@Inject::stafftools$renderOverlay(Lnet/minecraft/client/gui/DrawContext;IIFLorg/spongepowered/asm/mixin/injection/callback/CallbackInfo;)V has 0 override(s) in child classes
[21:22:50] [Render thread/DEBUG] (FabricLoader/Mixin) stafftools.client.mixins.json:ScreenMixin from mod stafftools->@Inject::stafftools$renderOverlay(Lnet/minecraft/client/gui/DrawContext;IIFLorg/spongepowered/asm/mixin/injection/callback/CallbackInfo;)V won't be passed a CallbackInfo as a result
[21:22:50] [Render thread/DEBUG] (FabricLoader/Mixin) fabric-screen-api-v1.mixins.json:ScreenMixin from mod fabric-screen-api-v1->@Inject::beforeInitScreen(Lnet/minecraft/client/MinecraftClient;IILorg/spongepowered/asm/mixin/injection/callback/CallbackInfo;)V doesn't use it's CallbackInfo
[21:22:50] [Render thread/DEBUG] (FabricLoader/Mixin) fabric-screen-api-v1.mixins.json:ScreenMixin from mod fabric-screen-api-v1->@Inject::beforeInitScreen(Lnet/minecraft/client/MinecraftClient;IILorg/spongepowered/asm/mixin/injection/callback/CallbackInfo;)V has 0 override(s) in child classes
[21:22:50] [Render thread/DEBUG] (FabricLoader/Mixin) fabric-screen-api-v1.mixins.json:ScreenMixin from mod fabric-screen-api-v1->@Inject::beforeInitScreen(Lnet/minecraft/client/MinecraftClient;IILorg/spongepowered/asm/mixin/injection/callback/CallbackInfo;)V won't be passed a CallbackInfo as a result
[21:22:50] [Render thread/DEBUG] (FabricLoader/Mixin) fabric-screen-api-v1.mixins.json:ScreenMixin from mod fabric-screen-api-v1->@Inject::afterInitScreen(Lnet/minecraft/client/MinecraftClient;IILorg/spongepowered/asm/mixin/injection/callback/CallbackInfo;)V doesn't use it's CallbackInfo
[21:22:50] [Render thread/DEBUG] (FabricLoader/Mixin) fabric-screen-api-v1.mixins.json:ScreenMixin from mod fabric-screen-api-v1->@Inject::afterInitScreen(Lnet/minecraft/client/MinecraftClient;IILorg/spongepowered/asm/mixin/injection/callback/CallbackInfo;)V has 0 override(s) in child classes
[21:22:50] [Render thread/DEBUG] (FabricLoader/Mixin) fabric-screen-api-v1.mixins.json:ScreenMixin from mod fabric-screen-api-v1->@Inject::afterInitScreen(Lnet/minecraft/client/MinecraftClient;IILorg/spongepowered/asm/mixin/injection/callback/CallbackInfo;)V won't be passed a CallbackInfo as a result
[21:22:50] [Render thread/DEBUG] (FabricLoader/Mixin) fabric-screen-api-v1.mixins.json:ScreenMixin from mod fabric-screen-api-v1->@Inject::beforeResizeScreen(Lnet/minecraft/client/MinecraftClient;IILorg/spongepowered/asm/mixin/injection/callback/CallbackInfo;)V doesn't use it's CallbackInfo
[21:22:50] [Render thread/DEBUG] (FabricLoader/Mixin) fabric-screen-api-v1.mixins.json:ScreenMixin from mod fabric-screen-api-v1->@Inject::beforeResizeScreen(Lnet/minecraft/client/MinecraftClient;IILorg/spongepowered/asm/mixin/injection/callback/CallbackInfo;)V has 0 override(s) in child classes
[21:22:50] [Render thread/DEBUG] (FabricLoader/Mixin) fabric-screen-api-v1.mixins.json:ScreenMixin from mod fabric-screen-api-v1->@Inject::beforeResizeScreen(Lnet/minecraft/client/MinecraftClient;IILorg/spongepowered/asm/mixin/injection/callback/CallbackInfo;)V won't be passed a CallbackInfo as a result
[21:22:50] [Render thread/DEBUG] (FabricLoader/Mixin) fabric-screen-api-v1.mixins.json:ScreenMixin from mod fabric-screen-api-v1->@Inject::afterResizeScreen(Lnet/minecraft/client/MinecraftClient;IILorg/spongepowered/asm/mixin/injection/callback/CallbackInfo;)V doesn't use it's CallbackInfo
[21:22:50] [Render thread/DEBUG] (FabricLoader/Mixin) fabric-screen-api-v1.mixins.json:ScreenMixin from mod fabric-screen-api-v1->@Inject::afterResizeScreen(Lnet/minecraft/client/MinecraftClient;IILorg/spongepowered/asm/mixin/injection/callback/CallbackInfo;)V has 0 override(s) in child classes
[21:22:50] [Render thread/DEBUG] (FabricLoader/Mixin) fabric-screen-api-v1.mixins.json:ScreenMixin from mod fabric-screen-api-v1->@Inject::afterResizeScreen(Lnet/minecraft/client/MinecraftClient;IILorg/spongepowered/asm/mixin/injection/callback/CallbackInfo;)V won't be passed a CallbackInfo as a result
[21:22:50] [Render thread/DEBUG] (FabricLoader/Mixin) Mixing ParentElementMixin from stafftools.client.mixins.json into net.minecraft.client.gui.ParentElement
[21:22:50] [Render thread/DEBUG] (FabricLoader/Mixin) stafftools.client.mixins.json:ParentElementMixin from mod stafftools->@Inject::stafftools$onMouseDragged(DDIDDLorg/spongepowered/asm/mixin/injection/callback/CallbackInfoReturnable;)V does use it's CallbackInfoReturnable
[21:22:50] [Render thread/DEBUG] (FabricLoader/Mixin) stafftools.client.mixins.json:ParentElementMixin from mod stafftools->@Inject::stafftools$onMouseReleased(DDILorg/spongepowered/asm/mixin/injection/callback/CallbackInfoReturnable;)V does use it's CallbackInfoReturnable
[21:22:50] [Render thread/DEBUG] (FabricLoader/Mixin) Mixing ChatScreenMixin from stafftools.client.mixins.json into net.minecraft.client.gui.screen.ChatScreen
[21:22:50] [Render thread/DEBUG] (FabricLoader/Mixin) stafftools.client.mixins.json:ChatScreenMixin from mod stafftools->@Inject::stafftools$renderOverlay(Lnet/minecraft/client/gui/DrawContext;IIFLorg/spongepowered/asm/mixin/injection/callback/CallbackInfo;)V doesn't use it's CallbackInfo
[21:22:50] [Render thread/DEBUG] (FabricLoader/Mixin) stafftools.client.mixins.json:ChatScreenMixin from mod stafftools->@Inject::stafftools$renderOverlay(Lnet/minecraft/client/gui/DrawContext;IIFLorg/spongepowered/asm/mixin/injection/callback/CallbackInfo;)V has 0 override(s) in child classes
[21:22:50] [Render thread/DEBUG] (FabricLoader/Mixin) stafftools.client.mixins.json:ChatScreenMixin from mod stafftools->@Inject::stafftools$renderOverlay(Lnet/minecraft/client/gui/DrawContext;IIFLorg/spongepowered/asm/mixin/injection/callback/CallbackInfo;)V won't be passed a CallbackInfo as a result
[21:22:50] [Render thread/DEBUG] (FabricLoader/Mixin) stafftools.client.mixins.json:ChatScreenMixin from mod stafftools->@Inject::stafftools$onMouseClicked(DDILorg/spongepowered/asm/mixin/injection/callback/CallbackInfoReturnable;)V does use it's CallbackInfoReturnable
[21:22:50] [Render thread/DEBUG] (FabricLoader/Mixin) stafftools.client.mixins.json:ChatScreenMixin from mod stafftools->@Inject::stafftools$onMouseScrolled(DDDDLorg/spongepowered/asm/mixin/injection/callback/CallbackInfoReturnable;)V does use it's CallbackInfoReturnable
[21:22:50] [Render thread/DEBUG] (FabricLoader/Mixin) stafftools.client.mixins.json:ChatScreenMixin from mod stafftools->@Inject::stafftools$onKeyPressed(IIILorg/spongepowered/asm/mixin/injection/callback/CallbackInfoReturnable;)V does use it's CallbackInfoReturnable
[21:22:50] [Render thread/DEBUG] (FabricLoader/Mixin) Mixing MixinTitleScreen from mixins.modmenu.json into net.minecraft.client.gui.screen.TitleScreen
[21:22:50] [Render thread/DEBUG] (FabricLoader/Mixin) mixins.modmenu.json:MixinTitleScreen from mod modmenu: Class version 65 required is higher than the class version supported by the current version of Mixin (JAVA_16 supports class version 60)
[21:22:50] [Render thread/DEBUG] (FabricLoader/Mixin) Mixing MixinGameMenu from mixins.modmenu.json into net.minecraft.client.gui.screen.GameMenuScreen
[21:22:50] [Render thread/DEBUG] (FabricLoader/Mixin) mixins.modmenu.json:MixinGameMenu from mod modmenu: Class version 65 required is higher than the class version supported by the current version of Mixin (JAVA_16 supports class version 60)
[21:22:50] [Render thread/DEBUG] (FabricLoader/Mixin) Renaming synthetic method lambda$onInitWidgets$2(Lnet/minecraft/client/gui/widget/ButtonWidget;)V to md164862$modmenu$lambda$onInitWidgets$2$0 in mixins.modmenu.json:MixinGameMenu from mod modmenu
[21:22:50] [Render thread/DEBUG] (FabricLoader/Mixin) Renaming synthetic method lambda$onInitWidgets$1(Lnet/minecraft/client/gui/widget/Widget;)V to md164862$modmenu$lambda$onInitWidgets$1$1 in mixins.modmenu.json:MixinGameMenu from mod modmenu
[21:22:50] [Render thread/DEBUG] (FabricLoader/Mixin) Renaming synthetic method lambda$onInitWidgets$0(Lnet/minecraft/client/gui/widget/Widget;)Z to md164862$modmenu$lambda$onInitWidgets$0$2 in mixins.modmenu.json:MixinGameMenu from mod modmenu
[21:22:50] [Render thread/DEBUG] (FabricLoader/Mixin) mixins.modmenu.json:MixinGameMenu from mod modmenu->@Inject::onInitWidgets(Lorg/spongepowered/asm/mixin/injection/callback/CallbackInfo;Lnet/minecraft/client/gui/widget/GridWidget;)V doesn't use it's CallbackInfo
[21:22:50] [Render thread/DEBUG] (FabricLoader/Mixin) mixins.modmenu.json:MixinGameMenu from mod modmenu->@Inject::onInitWidgets(Lorg/spongepowered/asm/mixin/injection/callback/CallbackInfo;Lnet/minecraft/client/gui/widget/GridWidget;)V has 0 override(s) in child classes
[21:22:50] [Render thread/DEBUG] (FabricLoader/Mixin) mixins.modmenu.json:MixinGameMenu from mod modmenu->@Inject::onInitWidgets(Lorg/spongepowered/asm/mixin/injection/callback/CallbackInfo;Lnet/minecraft/client/gui/widget/GridWidget;)V won't be passed a CallbackInfo as a result
[21:22:50] [Render thread/DEBUG] (FabricLoader/Mixin) Mixing elytra.ClientPlayerEntityMixin from fabric-entity-events-v1.client.mixins.json into net.minecraft.client.network.ClientPlayerEntity
[21:22:50] [Render thread/DEBUG] (FabricLoader/Mixin) fabric-entity-events-v1.client.mixins.json:elytra.ClientPlayerEntityMixin from mod fabric-entity-events-v1: Class version 65 required is higher than the class version supported by the current version of Mixin (JAVA_17 supports class version 61)
[21:22:50] [Render thread/DEBUG] (FabricLoader/Mixin) fabric-entity-events-v1.client.mixins.json:elytra.ClientPlayerEntityMixin from mod fabric-entity-events-v1->@Inject::injectElytraStart(Lorg/spongepowered/asm/mixin/injection/callback/CallbackInfo;)V doesn't use it's CallbackInfo
[21:22:50] [Render thread/DEBUG] (FabricLoader/Mixin) fabric-entity-events-v1.client.mixins.json:elytra.ClientPlayerEntityMixin from mod fabric-entity-events-v1->@Inject::injectElytraStart(Lorg/spongepowered/asm/mixin/injection/callback/CallbackInfo;)V has 0 override(s) in child classes
[21:22:50] [Render thread/DEBUG] (FabricLoader/Mixin) fabric-entity-events-v1.client.mixins.json:elytra.ClientPlayerEntityMixin from mod fabric-entity-events-v1->@Inject::injectElytraStart(Lorg/spongepowered/asm/mixin/injection/callback/CallbackInfo;)V won't be passed a CallbackInfo as a result
[21:22:50] [Render thread/DEBUG] (FabricLoader/Mixin) Mixing HandledScreenMixin from fabric-screen-api-v1.mixins.json into net.minecraft.client.gui.screen.ingame.HandledScreen
[21:22:50] [Render thread/DEBUG] (FabricLoader/Mixin) fabric-screen-api-v1.mixins.json:HandledScreenMixin from mod fabric-screen-api-v1: Class version 65 required is higher than the class version supported by the current version of Mixin (JAVA_17 supports class version 61)
[21:22:50] [Render thread/DEBUG] (FabricLoader/Mixin) fabric-screen-api-v1.mixins.json:HandledScreenMixin from mod fabric-screen-api-v1->@Inject::callSuperMouseReleased(DDILorg/spongepowered/asm/mixin/injection/callback/CallbackInfoReturnable;)V does use it's CallbackInfoReturnable
[21:22:50] [Render thread/DEBUG] (FabricLoader/Mixin) fabric-screen-api-v1.mixins.json:HandledScreenMixin from mod fabric-screen-api-v1->@Inject::callSuperMouseReleased(DDIDDLorg/spongepowered/asm/mixin/injection/callback/CallbackInfoReturnable;)V does use it's CallbackInfoReturnable
[21:22:50] [Render thread/DEBUG] (FabricLoader/Mixin) Mixing ClientWorldMixin from fabric-lifecycle-events-v1.client.mixins.json into net.minecraft.client.world.ClientWorld
[21:22:50] [Render thread/DEBUG] (FabricLoader/Mixin) fabric-lifecycle-events-v1.client.mixins.json:ClientWorldMixin from mod fabric-lifecycle-events-v1: Class version 65 required is higher than the class version supported by the current version of Mixin (JAVA_17 supports class version 61)
[21:22:50] [Render thread/DEBUG] (FabricLoader/Mixin) Mixing ClientWorldMixin from fabric-rendering-v1.mixins.json into net.minecraft.client.world.ClientWorld
[21:22:50] [Render thread/DEBUG] (FabricLoader/Mixin) fabric-rendering-v1.mixins.json:ClientWorldMixin from mod fabric-rendering-v1: Class version 65 required is higher than the class version supported by the current version of Mixin (JAVA_17 supports class version 61)
[21:22:50] [Render thread/DEBUG] (FabricLoader/Mixin) Renaming synthetic method lambda$new$1(Lnet/minecraft/world/biome/ColorResolver;)Lnet/minecraft/client/world/BiomeColorCache; to md164862$fabric-rendering-v1$lambda$new$1$0 in fabric-rendering-v1.mixins.json:ClientWorldMixin from mod fabric-rendering-v1
[21:22:50] [Render thread/DEBUG] (FabricLoader/Mixin) Renaming synthetic method lambda$new$0(Lnet/minecraft/world/biome/ColorResolver;Lnet/minecraft/util/math/BlockPos;)I to md164862$fabric-rendering-v1$lambda$new$0$1 in fabric-rendering-v1.mixins.json:ClientWorldMixin from mod fabric-rendering-v1
[21:22:50] [Render thread/DEBUG] (FabricLoader/Mixin) fabric-lifecycle-events-v1.client.mixins.json:ClientWorldMixin from mod fabric-lifecycle-events-v1->@Inject::tickWorldAfterBlockEntities(Lorg/spongepowered/asm/mixin/injection/callback/CallbackInfo;)V doesn't use it's CallbackInfo
[21:22:50] [Render thread/DEBUG] (FabricLoader/Mixin) fabric-lifecycle-events-v1.client.mixins.json:ClientWorldMixin from mod fabric-lifecycle-events-v1->@Inject::tickWorldAfterBlockEntities(Lorg/spongepowered/asm/mixin/injection/callback/CallbackInfo;)V has 0 override(s) in child classes
[21:22:50] [Render thread/DEBUG] (FabricLoader/Mixin) fabric-lifecycle-events-v1.client.mixins.json:ClientWorldMixin from mod fabric-lifecycle-events-v1->@Inject::tickWorldAfterBlockEntities(Lorg/spongepowered/asm/mixin/injection/callback/CallbackInfo;)V won't be passed a CallbackInfo as a result
[21:22:50] [Render thread/DEBUG] (FabricLoader/Mixin) fabric-lifecycle-events-v1.client.mixins.json:ClientWorldMixin from mod fabric-lifecycle-events-v1->@Inject::startWorldTick(Lorg/spongepowered/asm/mixin/injection/callback/CallbackInfo;)V doesn't use it's CallbackInfo
[21:22:50] [Render thread/DEBUG] (FabricLoader/Mixin) fabric-lifecycle-events-v1.client.mixins.json:ClientWorldMixin from mod fabric-lifecycle-events-v1->@Inject::startWorldTick(Lorg/spongepowered/asm/mixin/injection/callback/CallbackInfo;)V has 0 override(s) in child classes
[21:22:50] [Render thread/DEBUG] (FabricLoader/Mixin) fabric-lifecycle-events-v1.client.mixins.json:ClientWorldMixin from mod fabric-lifecycle-events-v1->@Inject::startWorldTick(Lorg/spongepowered/asm/mixin/injection/callback/CallbackInfo;)V won't be passed a CallbackInfo as a result
[21:22:50] [Render thread/DEBUG] (FabricLoader/Mixin) fabric-rendering-v1.mixins.json:ClientWorldMixin from mod fabric-rendering-v1->@Inject::onResetChunkColor(Lnet/minecraft/util/math/ChunkPos;Lorg/spongepowered/asm/mixin/injection/callback/CallbackInfo;)V doesn't use it's CallbackInfo
[21:22:50] [Render thread/DEBUG] (FabricLoader/Mixin) fabric-rendering-v1.mixins.json:ClientWorldMixin from mod fabric-rendering-v1->@Inject::onResetChunkColor(Lnet/minecraft/util/math/ChunkPos;Lorg/spongepowered/asm/mixin/injection/callback/CallbackInfo;)V has 0 override(s) in child classes
[21:22:50] [Render thread/DEBUG] (FabricLoader/Mixin) fabric-rendering-v1.mixins.json:ClientWorldMixin from mod fabric-rendering-v1->@Inject::onResetChunkColor(Lnet/minecraft/util/math/ChunkPos;Lorg/spongepowered/asm/mixin/injection/callback/CallbackInfo;)V won't be passed a CallbackInfo as a result
[21:22:50] [Render thread/DEBUG] (FabricLoader/Mixin) fabric-rendering-v1.mixins.json:ClientWorldMixin from mod fabric-rendering-v1->@Inject::onReloadColor(Lorg/spongepowered/asm/mixin/injection/callback/CallbackInfo;)V doesn't use it's CallbackInfo
[21:22:50] [Render thread/DEBUG] (FabricLoader/Mixin) fabric-rendering-v1.mixins.json:ClientWorldMixin from mod fabric-rendering-v1->@Inject::onReloadColor(Lorg/spongepowered/asm/mixin/injection/callback/CallbackInfo;)V has 0 override(s) in child classes
[21:22:50] [Render thread/DEBUG] (FabricLoader/Mixin) fabric-rendering-v1.mixins.json:ClientWorldMixin from mod fabric-rendering-v1->@Inject::onReloadColor(Lorg/spongepowered/asm/mixin/injection/callback/CallbackInfo;)V won't be passed a CallbackInfo as a result
[21:22:50] [Render thread/DEBUG] (FabricLoader/Mixin) Mixing SinglePreparationResourceReloaderMixin from fabric-resource-conditions-api-v1.mixins.json into net.minecraft.resource.SinglePreparationResourceReloader
[21:22:50] [Render thread/DEBUG] (FabricLoader/Mixin) fabric-resource-conditions-api-v1.mixins.json:SinglePreparationResourceReloaderMixin from mod fabric-resource-conditions-api-v1: Class version 65 required is higher than the class version supported by the current version of Mixin (JAVA_17 supports class version 61)
[21:22:50] [Render thread/DEBUG] (FabricLoader/Mixin) fabric-resource-conditions-api-v1.mixins.json:SinglePreparationResourceReloaderMixin from mod fabric-resource-conditions-api-v1->@Inject::applyResourceConditions(Lnet/minecraft/resource/ResourceManager;Lnet/minecraft/util/profiler/Profiler;Ljava/lang/Object;Lorg/spongepowered/asm/mixin/injection/callback/CallbackInfo;)V doesn't use it's CallbackInfo
[21:22:50] [Render thread/DEBUG] (FabricLoader/Mixin) fabric-resource-conditions-api-v1.mixins.json:SinglePreparationResourceReloaderMixin from mod fabric-resource-conditions-api-v1->@Inject::applyResourceConditions(Lnet/minecraft/resource/ResourceManager;Lnet/minecraft/util/profiler/Profiler;Ljava/lang/Object;Lorg/spongepowered/asm/mixin/injection/callback/CallbackInfo;)V has 0 override(s) in child classes
[21:22:50] [Render thread/DEBUG] (FabricLoader/Mixin) fabric-resource-conditions-api-v1.mixins.json:SinglePreparationResourceReloaderMixin from mod fabric-resource-conditions-api-v1->@Inject::applyResourceConditions(Lnet/minecraft/resource/ResourceManager;Lnet/minecraft/util/profiler/Profiler;Ljava/lang/Object;Lorg/spongepowered/asm/mixin/injection/callback/CallbackInfo;)V won't be passed a CallbackInfo as a result
[21:22:50] [Render thread/DEBUG] (FabricLoader/Mixin) Mixing VanillaResourcePackProviderMixin from fabric-resource-loader-v0.client.mixins.json into net.minecraft.resource.VanillaResourcePackProvider
[21:22:50] [Render thread/DEBUG] (FabricLoader/Mixin) fabric-resource-loader-v0.client.mixins.json:VanillaResourcePackProviderMixin from mod fabric-resource-loader-v0: Class version 65 required is higher than the class version supported by the current version of Mixin (JAVA_17 supports class version 61)
[21:22:50] [Render thread/DEBUG] (FabricLoader/Mixin) fabric-resource-loader-v0.client.mixins.json:VanillaResourcePackProviderMixin from mod fabric-resource-loader-v0->@Inject::addBuiltinResourcePacks(Ljava/util/function/Consumer;Lorg/spongepowered/asm/mixin/injection/callback/CallbackInfo;)V doesn't use it's CallbackInfo
[21:22:50] [Render thread/DEBUG] (FabricLoader/Mixin) fabric-resource-loader-v0.client.mixins.json:VanillaResourcePackProviderMixin from mod fabric-resource-loader-v0->@Inject::addBuiltinResourcePacks(Ljava/util/function/Consumer;Lorg/spongepowered/asm/mixin/injection/callback/CallbackInfo;)V has 0 override(s) in child classes
[21:22:50] [Render thread/DEBUG] (FabricLoader/Mixin) fabric-resource-loader-v0.client.mixins.json:VanillaResourcePackProviderMixin from mod fabric-resource-loader-v0->@Inject::addBuiltinResourcePacks(Ljava/util/function/Consumer;Lorg/spongepowered/asm/mixin/injection/callback/CallbackInfo;)V won't be passed a CallbackInfo as a result
[21:22:50] [Render thread/DEBUG] (FabricLoader/Mixin) Mixing ResourcePackManagerMixin from fabric-resource-loader-v0.mixins.json into net.minecraft.resource.ResourcePackManager
[21:22:50] [Render thread/DEBUG] (FabricLoader/Mixin) fabric-resource-loader-v0.mixins.json:ResourcePackManagerMixin from mod fabric-resource-loader-v0: Class version 65 required is higher than the class version supported by the current version of Mixin (JAVA_17 supports class version 61)
[21:22:50] [Render thread/DEBUG] (FabricLoader/Mixin) Renaming synthetic method lambda$handleAutoDisable$0(Ljava/util/Set;Lnet/minecraft/resource/ResourcePackProfile;)Z to md164862$fabric-resource-loader-v0$lambda$handleAutoDisable$0$0 in fabric-resource-loader-v0.mixins.json:ResourcePackManagerMixin from mod fabric-resource-loader-v0
[21:22:50] [Render thread/DEBUG] (FabricLoader/Mixin) fabric-resource-loader-v0.mixins.json:ResourcePackManagerMixin from mod fabric-resource-loader-v0->@Inject::construct([Lnet/minecraft/resource/ResourcePackProvider;Lorg/spongepowered/asm/mixin/injection/callback/CallbackInfo;)V doesn't use it's CallbackInfo
[21:22:50] [Render thread/DEBUG] (FabricLoader/Mixin) fabric-resource-loader-v0.mixins.json:ResourcePackManagerMixin from mod fabric-resource-loader-v0->@Inject::construct([Lnet/minecraft/resource/ResourcePackProvider;Lorg/spongepowered/asm/mixin/injection/callback/CallbackInfo;)V has 0 override(s) in child classes
[21:22:50] [Render thread/DEBUG] (FabricLoader/Mixin) fabric-resource-loader-v0.mixins.json:ResourcePackManagerMixin from mod fabric-resource-loader-v0->@Inject::construct([Lnet/minecraft/resource/ResourcePackProvider;Lorg/spongepowered/asm/mixin/injection/callback/CallbackInfo;)V won't be passed a CallbackInfo as a result
[21:22:50] [Render thread/DEBUG] (FabricLoader/Mixin) fabric-resource-loader-v0.mixins.json:ResourcePackManagerMixin from mod fabric-resource-loader-v0->@Inject::handleAutoEnableDisable(Ljava/util/Collection;Lorg/spongepowered/asm/mixin/injection/callback/CallbackInfoReturnable;)V doesn't use it's CallbackInfoReturnable
[21:22:50] [Render thread/DEBUG] (FabricLoader/Mixin) fabric-resource-loader-v0.mixins.json:ResourcePackManagerMixin from mod fabric-resource-loader-v0->@Inject::handleAutoEnableDisable(Ljava/util/Collection;Lorg/spongepowered/asm/mixin/injection/callback/CallbackInfoReturnable;)V has 0 override(s) in child classes
[21:22:50] [Render thread/DEBUG] (FabricLoader/Mixin) fabric-resource-loader-v0.mixins.json:ResourcePackManagerMixin from mod fabric-resource-loader-v0->@Inject::handleAutoEnableDisable(Ljava/util/Collection;Lorg/spongepowered/asm/mixin/injection/callback/CallbackInfoReturnable;)V won't be passed a CallbackInfoReturnable as a result
[21:22:50] [Render thread/DEBUG] (FabricLoader/Mixin) fabric-resource-loader-v0.mixins.json:ResourcePackManagerMixin from mod fabric-resource-loader-v0->@Inject::handleAutoEnable(Ljava/lang/String;Lorg/spongepowered/asm/mixin/injection/callback/CallbackInfoReturnable;)V doesn't use it's CallbackInfoReturnable
[21:22:50] [Render thread/DEBUG] (FabricLoader/Mixin) fabric-resource-loader-v0.mixins.json:ResourcePackManagerMixin from mod fabric-resource-loader-v0->@Inject::handleAutoEnable(Ljava/lang/String;Lorg/spongepowered/asm/mixin/injection/callback/CallbackInfoReturnable;)V has 0 override(s) in child classes
[21:22:50] [Render thread/DEBUG] (FabricLoader/Mixin) fabric-resource-loader-v0.mixins.json:ResourcePackManagerMixin from mod fabric-resource-loader-v0->@Inject::handleAutoEnable(Ljava/lang/String;Lorg/spongepowered/asm/mixin/injection/callback/CallbackInfoReturnable;)V won't be passed a CallbackInfoReturnable as a result
[21:22:50] [Render thread/DEBUG] (FabricLoader/Mixin) fabric-resource-loader-v0.mixins.json:ResourcePackManagerMixin from mod fabric-resource-loader-v0->@Inject::handleAutoDisable(Ljava/lang/String;Lorg/spongepowered/asm/mixin/injection/callback/CallbackInfoReturnable;)V doesn't use it's CallbackInfoReturnable
[21:22:50] [Render thread/DEBUG] (FabricLoader/Mixin) fabric-resource-loader-v0.mixins.json:ResourcePackManagerMixin from mod fabric-resource-loader-v0->@Inject::handleAutoDisable(Ljava/lang/String;Lorg/spongepowered/asm/mixin/injection/callback/CallbackInfoReturnable;)V has 0 override(s) in child classes
[21:22:50] [Render thread/DEBUG] (FabricLoader/Mixin) fabric-resource-loader-v0.mixins.json:ResourcePackManagerMixin from mod fabric-resource-loader-v0->@Inject::handleAutoDisable(Ljava/lang/String;Lorg/spongepowered/asm/mixin/injection/callback/CallbackInfoReturnable;)V won't be passed a CallbackInfoReturnable as a result
[21:22:50] [Render thread/INFO] (com.mojang.authlib.yggdrasil.YggdrasilAuthenticationService) Environment: Environment[sessionHost=https://sessionserver.mojang.com, servicesHost=https://api.minecraftservices.com, name=PROD]
[21:22:50] [Yggdrasil Key Fetcher/DEBUG] (com.mojang.authlib.minecraft.client.MinecraftClient) Connecting to https://api.minecraftservices.com/publickeys
[21:22:50] [Download-1/DEBUG] (com.mojang.authlib.minecraft.client.MinecraftClient) Connecting to https://sessionserver.mojang.com/session/minecraft/profile/365faa2a981e3ca7bdac725f58fc8c84?unsigned=false
[21:22:50] [Render thread/INFO] (net.minecraft.client.MinecraftClient) Setting user: Player746
[21:22:50] [Render thread/DEBUG] (FabricLoader/Mixin) Mixing KeyBindingAccessor from fabric-key-binding-api-v1.mixins.json into net.minecraft.client.option.KeyBinding
[21:22:50] [Render thread/DEBUG] (FabricLoader/Mixin) fabric-key-binding-api-v1.mixins.json:KeyBindingAccessor from mod fabric-key-binding-api-v1: Class version 65 required is higher than the class version supported by the current version of Mixin (JAVA_17 supports class version 61)
[21:22:50] [Render thread/DEBUG] (FabricLoader/Mixin) Renaming @Accessor method fabric_getCategoryMap()Ljava/util/Map; to fabric_getCategoryMap$fabric-key-binding-api-v1_$md$164862$0 in fabric-key-binding-api-v1.mixins.json:KeyBindingAccessor from mod fabric-key-binding-api-v1
[21:22:50] [Render thread/DEBUG] (FabricLoader/Mixin) Mixing KeyBindingAccessor from fabric-events-interaction-v0.client.mixins.json into net.minecraft.client.option.KeyBinding
[21:22:50] [Render thread/DEBUG] (FabricLoader/Mixin) fabric-events-interaction-v0.client.mixins.json:KeyBindingAccessor from mod fabric-events-interaction-v0: Class version 65 required is higher than the class version supported by the current version of Mixin (JAVA_17 supports class version 61)
[21:22:50] [Render thread/DEBUG] (FabricLoader/Entrypoint) Iterating over entrypoint 'main'
[21:22:50] [Render thread/DEBUG] (FabricLoader/Mixin) Mixing MinecraftServerMixin from fabric-lifecycle-events-v1.mixins.json into net.minecraft.server.MinecraftServer
[21:22:50] [Render thread/DEBUG] (FabricLoader/Mixin) fabric-lifecycle-events-v1.mixins.json:MinecraftServerMixin from mod fabric-lifecycle-events-v1: Class version 65 required is higher than the class version supported by the current version of Mixin (JAVA_17 supports class version 61)
[21:22:50] [Render thread/DEBUG] (FabricLoader/Mixin) Renaming synthetic method lambda$endResourceReload$0(Ljava/lang/Void;Ljava/lang/Throwable;)Ljava/lang/Void; to md164862$fabric-lifecycle-events-v1$lambda$endResourceReload$0$0 in fabric-lifecycle-events-v1.mixins.json:MinecraftServerMixin from mod fabric-lifecycle-events-v1
[21:22:50] [Render thread/DEBUG] (FabricLoader/Mixin) Mixing MinecraftServerMixin from fabric-gametest-api-v1.mixins.json into net.minecraft.server.MinecraftServer
[21:22:50] [Render thread/DEBUG] (FabricLoader/Mixin) fabric-gametest-api-v1.mixins.json:MinecraftServerMixin from mod fabric-gametest-api-v1: Class version 65 required is higher than the class version supported by the current version of Mixin (JAVA_17 supports class version 61)
[21:22:50] [Render thread/DEBUG] (FabricLoader/Mixin) Mixing MinecraftServerMixin from fabric-message-api-v1.mixins.json into net.minecraft.server.MinecraftServer
[21:22:50] [Render thread/DEBUG] (FabricLoader/Mixin) fabric-message-api-v1.mixins.json:MinecraftServerMixin from mod fabric-message-api-v1: Class version 65 required is higher than the class version supported by the current version of Mixin (JAVA_17 supports class version 61)
[21:22:50] [Render thread/DEBUG] (FabricLoader/Mixin) Renaming synthetic method lambda$onGetChatDecorator$0(Lnet/minecraft/server/network/ServerPlayerEntity;Lnet/minecraft/text/Text;)Lnet/minecraft/text/Text; to md164862$fabric-message-api-v1$lambda$onGetChatDecorator$0$1 in fabric-message-api-v1.mixins.json:MinecraftServerMixin from mod fabric-message-api-v1
[21:22:50] [Render thread/DEBUG] (FabricLoader/Mixin) Mixing modification.MinecraftServerMixin from fabric-biome-api-v1.mixins.json into net.minecraft.server.MinecraftServer
[21:22:50] [Render thread/DEBUG] (FabricLoader/Mixin) fabric-biome-api-v1.mixins.json:modification.MinecraftServerMixin from mod fabric-biome-api-v1: Class version 65 required is higher than the class version supported by the current version of Mixin (JAVA_17 supports class version 61)
[21:22:50] [Render thread/DEBUG] (FabricLoader/Mixin) Mixing MinecraftServerMixin from fabric-resource-loader-v0.mixins.json into net.minecraft.server.MinecraftServer
[21:22:50] [Render thread/DEBUG] (FabricLoader/Mixin) fabric-resource-loader-v0.mixins.json:MinecraftServerMixin from mod fabric-resource-loader-v0: Class version 65 required is higher than the class version supported by the current version of Mixin (JAVA_17 supports class version 61)
[21:22:50] [Render thread/DEBUG] (FabricLoader/Mixin) Renaming synthetic method lambda$init$0(Lnet/minecraft/resource/ResourcePack;)Ljava/util/stream/Stream; to md164862$fabric-resource-loader-v0$lambda$init$0$2 in fabric-resource-loader-v0.mixins.json:MinecraftServerMixin from mod fabric-resource-loader-v0
[21:22:50] [Render thread/DEBUG] (FabricLoader/Mixin) fabric-lifecycle-events-v1.mixins.json:MinecraftServerMixin from mod fabric-lifecycle-events-v1->@Inject::beforeSetupServer(Lorg/spongepowered/asm/mixin/injection/callback/CallbackInfo;)V doesn't use it's CallbackInfo
[21:22:50] [Render thread/DEBUG] (FabricLoader/Mixin) fabric-lifecycle-events-v1.mixins.json:MinecraftServerMixin from mod fabric-lifecycle-events-v1->@Inject::beforeSetupServer(Lorg/spongepowered/asm/mixin/injection/callback/CallbackInfo;)V has 0 override(s) in child classes
[21:22:50] [Render thread/DEBUG] (FabricLoader/Mixin) fabric-lifecycle-events-v1.mixins.json:MinecraftServerMixin from mod fabric-lifecycle-events-v1->@Inject::beforeSetupServer(Lorg/spongepowered/asm/mixin/injection/callback/CallbackInfo;)V won't be passed a CallbackInfo as a result
[21:22:50] [Render thread/DEBUG] (FabricLoader/Mixin) fabric-lifecycle-events-v1.mixins.json:MinecraftServerMixin from mod fabric-lifecycle-events-v1->@Inject::afterSetupServer(Lorg/spongepowered/asm/mixin/injection/callback/CallbackInfo;)V doesn't use it's CallbackInfo
[21:22:50] [Render thread/DEBUG] (FabricLoader/Mixin) fabric-lifecycle-events-v1.mixins.json:MinecraftServerMixin from mod fabric-lifecycle-events-v1->@Inject::afterSetupServer(Lorg/spongepowered/asm/mixin/injection/callback/CallbackInfo;)V has 0 override(s) in child classes
[21:22:50] [Render thread/DEBUG] (FabricLoader/Mixin) fabric-lifecycle-events-v1.mixins.json:MinecraftServerMixin from mod fabric-lifecycle-events-v1->@Inject::afterSetupServer(Lorg/spongepowered/asm/mixin/injection/callback/CallbackInfo;)V won't be passed a CallbackInfo as a result
[21:22:50] [Render thread/DEBUG] (FabricLoader/Mixin) fabric-lifecycle-events-v1.mixins.json:MinecraftServerMixin from mod fabric-lifecycle-events-v1->@Inject::beforeShutdownServer(Lorg/spongepowered/asm/mixin/injection/callback/CallbackInfo;)V doesn't use it's CallbackInfo
[21:22:50] [Render thread/DEBUG] (FabricLoader/Mixin) fabric-lifecycle-events-v1.mixins.json:MinecraftServerMixin from mod fabric-lifecycle-events-v1->@Inject::beforeShutdownServer(Lorg/spongepowered/asm/mixin/injection/callback/CallbackInfo;)V has 0 override(s) in child classes
[21:22:50] [Render thread/DEBUG] (FabricLoader/Mixin) fabric-lifecycle-events-v1.mixins.json:MinecraftServerMixin from mod fabric-lifecycle-events-v1->@Inject::beforeShutdownServer(Lorg/spongepowered/asm/mixin/injection/callback/CallbackInfo;)V won't be passed a CallbackInfo as a result
[21:22:50] [Render thread/DEBUG] (FabricLoader/Mixin) fabric-lifecycle-events-v1.mixins.json:MinecraftServerMixin from mod fabric-lifecycle-events-v1->@Inject::afterShutdownServer(Lorg/spongepowered/asm/mixin/injection/callback/CallbackInfo;)V doesn't use it's CallbackInfo
[21:22:50] [Render thread/DEBUG] (FabricLoader/Mixin) fabric-lifecycle-events-v1.mixins.json:MinecraftServerMixin from mod fabric-lifecycle-events-v1->@Inject::afterShutdownServer(Lorg/spongepowered/asm/mixin/injection/callback/CallbackInfo;)V has 0 override(s) in child classes
[21:22:50] [Render thread/DEBUG] (FabricLoader/Mixin) fabric-lifecycle-events-v1.mixins.json:MinecraftServerMixin from mod fabric-lifecycle-events-v1->@Inject::afterShutdownServer(Lorg/spongepowered/asm/mixin/injection/callback/CallbackInfo;)V won't be passed a CallbackInfo as a result
[21:22:50] [Render thread/DEBUG] (FabricLoader/Mixin) fabric-lifecycle-events-v1.mixins.json:MinecraftServerMixin from mod fabric-lifecycle-events-v1->@Inject::onStartTick(Ljava/util/function/BooleanSupplier;Lorg/spongepowered/asm/mixin/injection/callback/CallbackInfo;)V doesn't use it's CallbackInfo
[21:22:50] [Render thread/DEBUG] (FabricLoader/Mixin) fabric-lifecycle-events-v1.mixins.json:MinecraftServerMixin from mod fabric-lifecycle-events-v1->@Inject::onStartTick(Ljava/util/function/BooleanSupplier;Lorg/spongepowered/asm/mixin/injection/callback/CallbackInfo;)V has 0 override(s) in child classes
[21:22:50] [Render thread/DEBUG] (FabricLoader/Mixin) fabric-lifecycle-events-v1.mixins.json:MinecraftServerMixin from mod fabric-lifecycle-events-v1->@Inject::onStartTick(Ljava/util/function/BooleanSupplier;Lorg/spongepowered/asm/mixin/injection/callback/CallbackInfo;)V won't be passed a CallbackInfo as a result
[21:22:50] [Render thread/DEBUG] (FabricLoader/Mixin) fabric-lifecycle-events-v1.mixins.json:MinecraftServerMixin from mod fabric-lifecycle-events-v1->@Inject::onEndTick(Ljava/util/function/BooleanSupplier;Lorg/spongepowered/asm/mixin/injection/callback/CallbackInfo;)V doesn't use it's CallbackInfo
[21:22:50] [Render thread/DEBUG] (FabricLoader/Mixin) fabric-lifecycle-events-v1.mixins.json:MinecraftServerMixin from mod fabric-lifecycle-events-v1->@Inject::onEndTick(Ljava/util/function/BooleanSupplier;Lorg/spongepowered/asm/mixin/injection/callback/CallbackInfo;)V has 0 override(s) in child classes
[21:22:50] [Render thread/DEBUG] (FabricLoader/Mixin) fabric-lifecycle-events-v1.mixins.json:MinecraftServerMixin from mod fabric-lifecycle-events-v1->@Inject::onEndTick(Ljava/util/function/BooleanSupplier;Lorg/spongepowered/asm/mixin/injection/callback/CallbackInfo;)V won't be passed a CallbackInfo as a result
[21:22:50] [Render thread/DEBUG] (FabricLoader/Mixin) fabric-lifecycle-events-v1.mixins.json:MinecraftServerMixin from mod fabric-lifecycle-events-v1->@Inject::onUnloadWorldAtShutdown(Lorg/spongepowered/asm/mixin/injection/callback/CallbackInfo;Ljava/util/Iterator;Lnet/minecraft/server/world/ServerWorld;)V doesn't use it's CallbackInfo
[21:22:50] [Render thread/DEBUG] (FabricLoader/Mixin) fabric-lifecycle-events-v1.mixins.json:MinecraftServerMixin from mod fabric-lifecycle-events-v1->@Inject::onUnloadWorldAtShutdown(Lorg/spongepowered/asm/mixin/injection/callback/CallbackInfo;Ljava/util/Iterator;Lnet/minecraft/server/world/ServerWorld;)V has 0 override(s) in child classes
[21:22:50] [Render thread/DEBUG] (FabricLoader/Mixin) fabric-lifecycle-events-v1.mixins.json:MinecraftServerMixin from mod fabric-lifecycle-events-v1->@Inject::onUnloadWorldAtShutdown(Lorg/spongepowered/asm/mixin/injection/callback/CallbackInfo;Ljava/util/Iterator;Lnet/minecraft/server/world/ServerWorld;)V won't be passed a CallbackInfo as a result
[21:22:50] [Render thread/DEBUG] (FabricLoader/Mixin) fabric-lifecycle-events-v1.mixins.json:MinecraftServerMixin from mod fabric-lifecycle-events-v1->@Inject::startResourceReload(Ljava/util/Collection;Lorg/spongepowered/asm/mixin/injection/callback/CallbackInfoReturnable;)V doesn't use it's CallbackInfoReturnable
[21:22:50] [Render thread/DEBUG] (FabricLoader/Mixin) fabric-lifecycle-events-v1.mixins.json:MinecraftServerMixin from mod fabric-lifecycle-events-v1->@Inject::startResourceReload(Ljava/util/Collection;Lorg/spongepowered/asm/mixin/injection/callback/CallbackInfoReturnable;)V has 0 override(s) in child classes
[21:22:50] [Render thread/DEBUG] (FabricLoader/Mixin) fabric-lifecycle-events-v1.mixins.json:MinecraftServerMixin from mod fabric-lifecycle-events-v1->@Inject::startResourceReload(Ljava/util/Collection;Lorg/spongepowered/asm/mixin/injection/callback/CallbackInfoReturnable;)V won't be passed a CallbackInfoReturnable as a result
[21:22:50] [Render thread/DEBUG] (FabricLoader/Mixin) fabric-lifecycle-events-v1.mixins.json:MinecraftServerMixin from mod fabric-lifecycle-events-v1->@Inject::endResourceReload(Ljava/util/Collection;Lorg/spongepowered/asm/mixin/injection/callback/CallbackInfoReturnable;)V does use it's CallbackInfoReturnable
[21:22:50] [Render thread/DEBUG] (FabricLoader/Mixin) fabric-lifecycle-events-v1.mixins.json:MinecraftServerMixin from mod fabric-lifecycle-events-v1->@Inject::startSave(ZZZLorg/spongepowered/asm/mixin/injection/callback/CallbackInfoReturnable;)V doesn't use it's CallbackInfoReturnable
[21:22:50] [Render thread/DEBUG] (FabricLoader/Mixin) fabric-lifecycle-events-v1.mixins.json:MinecraftServerMixin from mod fabric-lifecycle-events-v1->@Inject::startSave(ZZZLorg/spongepowered/asm/mixin/injection/callback/CallbackInfoReturnable;)V has 0 override(s) in child classes
[21:22:50] [Render thread/DEBUG] (FabricLoader/Mixin) fabric-lifecycle-events-v1.mixins.json:MinecraftServerMixin from mod fabric-lifecycle-events-v1->@Inject::startSave(ZZZLorg/spongepowered/asm/mixin/injection/callback/CallbackInfoReturnable;)V won't be passed a CallbackInfoReturnable as a result
[21:22:50] [Render thread/DEBUG] (FabricLoader/Mixin) fabric-lifecycle-events-v1.mixins.json:MinecraftServerMixin from mod fabric-lifecycle-events-v1->@Inject::endSave(ZZZLorg/spongepowered/asm/mixin/injection/callback/CallbackInfoReturnable;)V doesn't use it's CallbackInfoReturnable
[21:22:50] [Render thread/DEBUG] (FabricLoader/Mixin) fabric-lifecycle-events-v1.mixins.json:MinecraftServerMixin from mod fabric-lifecycle-events-v1->@Inject::endSave(ZZZLorg/spongepowered/asm/mixin/injection/callback/CallbackInfoReturnable;)V has 0 override(s) in child classes
[21:22:50] [Render thread/DEBUG] (FabricLoader/Mixin) fabric-lifecycle-events-v1.mixins.json:MinecraftServerMixin from mod fabric-lifecycle-events-v1->@Inject::endSave(ZZZLorg/spongepowered/asm/mixin/injection/callback/CallbackInfoReturnable;)V won't be passed a CallbackInfoReturnable as a result
[21:22:50] [Render thread/DEBUG] (FabricLoader/Mixin) fabric-gametest-api-v1.mixins.json:MinecraftServerMixin from mod fabric-gametest-api-v1->@Inject::tickWorlds(Ljava/util/function/BooleanSupplier;Lorg/spongepowered/asm/mixin/injection/callback/CallbackInfo;)V doesn't use it's CallbackInfo
[21:22:50] [Render thread/DEBUG] (FabricLoader/Mixin) fabric-gametest-api-v1.mixins.json:MinecraftServerMixin from mod fabric-gametest-api-v1->@Inject::tickWorlds(Ljava/util/function/BooleanSupplier;Lorg/spongepowered/asm/mixin/injection/callback/CallbackInfo;)V has 0 override(s) in child classes
[21:22:50] [Render thread/DEBUG] (FabricLoader/Mixin) fabric-gametest-api-v1.mixins.json:MinecraftServerMixin from mod fabric-gametest-api-v1->@Inject::tickWorlds(Ljava/util/function/BooleanSupplier;Lorg/spongepowered/asm/mixin/injection/callback/CallbackInfo;)V won't be passed a CallbackInfo as a result
[21:22:50] [Render thread/DEBUG] (FabricLoader/Mixin) fabric-message-api-v1.mixins.json:MinecraftServerMixin from mod fabric-message-api-v1->@Inject::onGetChatDecorator(Lorg/spongepowered/asm/mixin/injection/callback/CallbackInfoReturnable;)V does use it's CallbackInfoReturnable
[21:22:50] [Render thread/DEBUG] (FabricLoader/Mixin) fabric-biome-api-v1.mixins.json:modification.MinecraftServerMixin from mod fabric-biome-api-v1->@Inject::finalizeWorldGen(Lorg/spongepowered/asm/mixin/injection/callback/CallbackInfo;)V doesn't use it's CallbackInfo
[21:22:50] [Render thread/DEBUG] (FabricLoader/Mixin) fabric-biome-api-v1.mixins.json:modification.MinecraftServerMixin from mod fabric-biome-api-v1->@Inject::finalizeWorldGen(Lorg/spongepowered/asm/mixin/injection/callback/CallbackInfo;)V has 0 override(s) in child classes
[21:22:50] [Render thread/DEBUG] (FabricLoader/Mixin) fabric-biome-api-v1.mixins.json:modification.MinecraftServerMixin from mod fabric-biome-api-v1->@Inject::finalizeWorldGen(Lorg/spongepowered/asm/mixin/injection/callback/CallbackInfo;)V won't be passed a CallbackInfo as a result
[21:22:50] [Render thread/DEBUG] (FabricLoader/Mixin) fabric-resource-loader-v0.mixins.json:MinecraftServerMixin from mod fabric-resource-loader-v0->@Inject::init(Ljava/lang/Thread;Lnet/minecraft/world/level/storage/LevelStorage$Session;Lnet/minecraft/resource/ResourcePackManager;Lnet/minecraft/server/SaveLoader;Ljava/net/Proxy;Lcom/mojang/datafixers/DataFixer;Lnet/minecraft/util/ApiServices;Lnet/minecraft/server/WorldGenerationProgressListenerFactory;Lorg/spongepowered/asm/mixin/injection/callback/CallbackInfo;)V doesn't use it's CallbackInfo
[21:22:50] [Render thread/DEBUG] (FabricLoader/Mixin) fabric-resource-loader-v0.mixins.json:MinecraftServerMixin from mod fabric-resource-loader-v0->@Inject::init(Ljava/lang/Thread;Lnet/minecraft/world/level/storage/LevelStorage$Session;Lnet/minecraft/resource/ResourcePackManager;Lnet/minecraft/server/SaveLoader;Ljava/net/Proxy;Lcom/mojang/datafixers/DataFixer;Lnet/minecraft/util/ApiServices;Lnet/minecraft/server/WorldGenerationProgressListenerFactory;Lorg/spongepowered/asm/mixin/injection/callback/CallbackInfo;)V has 0 override(s) in child classes
[21:22:50] [Render thread/DEBUG] (FabricLoader/Mixin) fabric-resource-loader-v0.mixins.json:MinecraftServerMixin from mod fabric-resource-loader-v0->@Inject::init(Ljava/lang/Thread;Lnet/minecraft/world/level/storage/LevelStorage$Session;Lnet/minecraft/resource/ResourcePackManager;Lnet/minecraft/server/SaveLoader;Ljava/net/Proxy;Lcom/mojang/datafixers/DataFixer;Lnet/minecraft/util/ApiServices;Lnet/minecraft/server/WorldGenerationProgressListenerFactory;Lorg/spongepowered/asm/mixin/injection/callback/CallbackInfo;)V won't be passed a CallbackInfo as a result
[21:22:50] [Render thread/DEBUG] (FabricLoader/Mixin) Mixing ServerConfigurationNetworkHandlerMixin from fabric-networking-api-v1.mixins.json into net.minecraft.server.network.ServerConfigurationNetworkHandler
[21:22:50] [Render thread/DEBUG] (FabricLoader/Mixin) fabric-networking-api-v1.mixins.json:ServerConfigurationNetworkHandlerMixin from mod fabric-networking-api-v1: Class version 65 required is higher than the class version supported by the current version of Mixin (JAVA_17 supports class version 61)
[21:22:50] [Render thread/DEBUG] (FabricLoader/Mixin) Mixing ServerConfigurationNetworkHandlerMixin from fabric-resource-loader-v0.mixins.json into net.minecraft.server.network.ServerConfigurationNetworkHandler
[21:22:50] [Render thread/DEBUG] (FabricLoader/Mixin) fabric-resource-loader-v0.mixins.json:ServerConfigurationNetworkHandlerMixin from mod fabric-resource-loader-v0: Class version 65 required is higher than the class version supported by the current version of Mixin (JAVA_17 supports class version 61)
[21:22:50] [Render thread/DEBUG] (FabricLoader/Mixin) fabric-networking-api-v1.mixins.json:ServerConfigurationNetworkHandlerMixin from mod fabric-networking-api-v1->@Inject::initAddon(Lorg/spongepowered/asm/mixin/injection/callback/CallbackInfo;)V doesn't use it's CallbackInfo
[21:22:50] [Render thread/DEBUG] (FabricLoader/Mixin) fabric-networking-api-v1.mixins.json:ServerConfigurationNetworkHandlerMixin from mod fabric-networking-api-v1->@Inject::initAddon(Lorg/spongepowered/asm/mixin/injection/callback/CallbackInfo;)V has 0 override(s) in child classes
[21:22:50] [Render thread/DEBUG] (FabricLoader/Mixin) fabric-networking-api-v1.mixins.json:ServerConfigurationNetworkHandlerMixin from mod fabric-networking-api-v1->@Inject::initAddon(Lorg/spongepowered/asm/mixin/injection/callback/CallbackInfo;)V won't be passed a CallbackInfo as a result
[21:22:50] [Render thread/DEBUG] (FabricLoader/Mixin) fabric-networking-api-v1.mixins.json:ServerConfigurationNetworkHandlerMixin from mod fabric-networking-api-v1->@Inject::onClientReady(Lorg/spongepowered/asm/mixin/injection/callback/CallbackInfo;)V does use it's CallbackInfo
[21:22:50] [Render thread/DEBUG] (FabricLoader/Mixin) Mixing ServerCommonNetworkHandlerMixin from fabric-networking-api-v1.mixins.json into net.minecraft.server.network.ServerCommonNetworkHandler
[21:22:50] [Render thread/DEBUG] (FabricLoader/Mixin) fabric-networking-api-v1.mixins.json:ServerCommonNetworkHandlerMixin from mod fabric-networking-api-v1: Class version 65 required is higher than the class version supported by the current version of Mixin (JAVA_17 supports class version 61)
[21:22:50] [Render thread/DEBUG] (FabricLoader/Mixin) Mixing accessor.ServerCommonNetworkHandlerAccessor from fabric-networking-api-v1.mixins.json into net.minecraft.server.network.ServerCommonNetworkHandler
[21:22:50] [Render thread/DEBUG] (FabricLoader/Mixin) fabric-networking-api-v1.mixins.json:accessor.ServerCommonNetworkHandlerAccessor from mod fabric-networking-api-v1: Class version 65 required is higher than the class version supported by the current version of Mixin (JAVA_17 supports class version 61)
[21:22:50] [Render thread/DEBUG] (FabricLoader/Mixin) fabric-networking-api-v1.mixins.json:ServerCommonNetworkHandlerMixin from mod fabric-networking-api-v1->@Inject::handleCustomPayloadReceivedAsync(Lnet/minecraft/network/packet/c2s/common/CustomPayloadC2SPacket;Lorg/spongepowered/asm/mixin/injection/callback/CallbackInfo;)V does use it's CallbackInfo
[21:22:50] [Render thread/DEBUG] (FabricLoader/Mixin) fabric-networking-api-v1.mixins.json:ServerCommonNetworkHandlerMixin from mod fabric-networking-api-v1->@Inject::onPlayPong(Lnet/minecraft/network/packet/c2s/common/CommonPongC2SPacket;Lorg/spongepowered/asm/mixin/injection/callback/CallbackInfo;)V doesn't use it's CallbackInfo
[21:22:50] [Render thread/DEBUG] (FabricLoader/Mixin) fabric-networking-api-v1.mixins.json:ServerCommonNetworkHandlerMixin from mod fabric-networking-api-v1->@Inject::onPlayPong(Lnet/minecraft/network/packet/c2s/common/CommonPongC2SPacket;Lorg/spongepowered/asm/mixin/injection/callback/CallbackInfo;)V has 0 override(s) in child classes
[21:22:50] [Render thread/DEBUG] (FabricLoader/Mixin) fabric-networking-api-v1.mixins.json:ServerCommonNetworkHandlerMixin from mod fabric-networking-api-v1->@Inject::onPlayPong(Lnet/minecraft/network/packet/c2s/common/CommonPongC2SPacket;Lorg/spongepowered/asm/mixin/injection/callback/CallbackInfo;)V won't be passed a CallbackInfo as a result
[21:22:50] [Render thread/DEBUG] (FabricLoader/Mixin) Mixing CustomPayloadS2CPacketAccessor from fabric-data-attachment-api-v1.mixins.json into net.minecraft.network.packet.c2s.common.CustomPayloadC2SPacket
[21:22:50] [Render thread/DEBUG] (FabricLoader/Mixin) fabric-data-attachment-api-v1.mixins.json:CustomPayloadS2CPacketAccessor from mod fabric-data-attachment-api-v1: Class version 65 required is higher than the class version supported by the current version of Mixin (JAVA_17 supports class version 61)
[21:22:50] [Render thread/DEBUG] (FabricLoader/Mixin) Mixing CustomPayloadC2SPacketMixin from fabric-networking-api-v1.mixins.json into net.minecraft.network.packet.c2s.common.CustomPayloadC2SPacket
[21:22:50] [Render thread/DEBUG] (FabricLoader/Mixin) fabric-networking-api-v1.mixins.json:CustomPayloadC2SPacketMixin from mod fabric-networking-api-v1: Class version 65 required is higher than the class version supported by the current version of Mixin (JAVA_17 supports class version 61)
[21:22:50] [Render thread/DEBUG] (FabricLoader/Mixin) Renaming synthetic method lambda$wrapCodec$0(Lnet/minecraft/network/PacketByteBuf;Lnet/minecraft/util/Identifier;)Lnet/minecraft/network/packet/CustomPayload$Type; to md164862$fabric-networking-api-v1$lambda$wrapCodec$0$0 in fabric-networking-api-v1.mixins.json:CustomPayloadC2SPacketMixin from mod fabric-networking-api-v1
[21:22:50] [Render thread/DEBUG] (FabricLoader/Mixin) Mixing CustomPayloadPacketCodecMixin from fabric-networking-api-v1.mixins.json into net.minecraft.network.packet.CustomPayload$1
[21:22:50] [Render thread/DEBUG] (FabricLoader/Mixin) fabric-networking-api-v1.mixins.json:CustomPayloadPacketCodecMixin from mod fabric-networking-api-v1: Class version 65 required is higher than the class version supported by the current version of Mixin (JAVA_17 supports class version 61)
[21:22:50] [Render thread/DEBUG] (FabricLoader/Mixin) Mixing ServerPlayNetworkHandlerMixin from fabric-networking-api-v1.mixins.json into net.minecraft.server.network.ServerPlayNetworkHandler
[21:22:50] [Render thread/DEBUG] (FabricLoader/Mixin) fabric-networking-api-v1.mixins.json:ServerPlayNetworkHandlerMixin from mod fabric-networking-api-v1: Class version 65 required is higher than the class version supported by the current version of Mixin (JAVA_17 supports class version 61)
[21:22:50] [Render thread/DEBUG] (FabricLoader/Mixin) fabric-networking-api-v1.mixins.json:ServerPlayNetworkHandlerMixin from mod fabric-networking-api-v1->@Inject::initAddon(Lorg/spongepowered/asm/mixin/injection/callback/CallbackInfo;)V doesn't use it's CallbackInfo
[21:22:50] [Render thread/DEBUG] (FabricLoader/Mixin) fabric-networking-api-v1.mixins.json:ServerPlayNetworkHandlerMixin from mod fabric-networking-api-v1->@Inject::initAddon(Lorg/spongepowered/asm/mixin/injection/callback/CallbackInfo;)V has 0 override(s) in child classes
[21:22:50] [Render thread/DEBUG] (FabricLoader/Mixin) fabric-networking-api-v1.mixins.json:ServerPlayNetworkHandlerMixin from mod fabric-networking-api-v1->@Inject::initAddon(Lorg/spongepowered/asm/mixin/injection/callback/CallbackInfo;)V won't be passed a CallbackInfo as a result
[21:22:50] [Render thread/DEBUG] (FabricLoader/Mixin) fabric-networking-api-v1.mixins.json:ServerPlayNetworkHandlerMixin from mod fabric-networking-api-v1->@Inject::handleCustomPayloadReceivedAsync(Lnet/minecraft/network/packet/c2s/common/CustomPayloadC2SPacket;Lorg/spongepowered/asm/mixin/injection/callback/CallbackInfo;)V does use it's CallbackInfo
[21:22:50] [Render thread/DEBUG] (FabricLoader/Mixin) Mixing LootTableBuilderMixin from fabric-loot-api-v2.mixins.json into net.minecraft.loot.LootTable$Builder
[21:22:50] [Render thread/DEBUG] (FabricLoader/Mixin) fabric-loot-api-v2.mixins.json:LootTableBuilderMixin from mod fabric-loot-api-v2: Class version 65 required is higher than the class version supported by the current version of Mixin (JAVA_17 supports class version 61)
[21:22:50] [Render thread/DEBUG] (FabricLoader/Mixin) Mixing LootTableBuilderMixin from fabric-loot-api-v3.mixins.json into net.minecraft.loot.LootTable$Builder
[21:22:50] [Render thread/DEBUG] (FabricLoader/Mixin) fabric-loot-api-v3.mixins.json:LootTableBuilderMixin from mod fabric-loot-api-v3: Class version 65 required is higher than the class version supported by the current version of Mixin (JAVA_17 supports class version 61)
[21:22:50] [Render thread/DEBUG] (FabricLoader/Entrypoint) Iterating over entrypoint 'client'
[21:22:50] [Render thread/DEBUG] (FabricLoader/Mixin) Mixing TooltipTypeMixin from fabric-item-api-v1.mixins.json into net.minecraft.item.tooltip.TooltipType
[21:22:50] [Render thread/DEBUG] (FabricLoader/Mixin) fabric-item-api-v1.mixins.json:TooltipTypeMixin from mod fabric-item-api-v1: Class version 65 required is higher than the class version supported by the current version of Mixin (JAVA_17 supports class version 61)
[21:22:50] [Render thread/DEBUG] (FabricLoader/Mixin) Mixing SoundInstanceMixin from fabric-sound-api-v1.mixins.json into net.minecraft.client.sound.SoundInstance
[21:22:50] [Render thread/DEBUG] (FabricLoader/Mixin) fabric-sound-api-v1.mixins.json:SoundInstanceMixin from mod fabric-sound-api-v1: Class version 65 required is higher than the class version supported by the current version of Mixin (JAVA_17 supports class version 61)
[21:22:51] [Render thread/INFO] (Mod Menu/Update Checker) Checking mod updates...
[21:22:51] [Worker-Main-1/DEBUG] (Mod Menu/Update Checker) Hash for fabric-renderer-api-v1 is d973c40ad22ed393dd3b9798acc009ddc41ad787f333bad974cf6a89b1325ed593bfc998aa3bb663b9ec09c25bd33a07263ad1dca9ae830dbee61eb67f7a65ce
[21:22:51] [Worker-Main-1/DEBUG] (Mod Menu/Update Checker) Hash for fabric-keybindings-v0 is bb4847d8273ec100f8de83a5d62720eaf7a3418fc339a37c6434fc785f28714d852ec3bfc7e23bbc304f5519294c38d45a1c16387b9195d19118e9fd2f284dd2
[21:22:51] [Render thread/INFO] (net.fabricmc.fabric.impl.client.indigo.Indigo) [Indigo] Registering Indigo renderer!
[21:22:51] [Render thread/DEBUG] (FabricLoader/Mixin) Mixing shader.GameRendererMixin from fabric-rendering-v1.mixins.json into net.minecraft.client.render.GameRenderer
[21:22:51] [Render thread/DEBUG] (FabricLoader/Mixin) fabric-rendering-v1.mixins.json:shader.GameRendererMixin from mod fabric-rendering-v1: Class version 65 required is higher than the class version supported by the current version of Mixin (JAVA_17 supports class version 61)
[21:22:51] [Worker-Main-1/DEBUG] (Mod Menu/Update Checker) Hash for placeholder-api is fc13d3a5c048dbaab86318edaf8b6c6b46ef9f1d367e8f063d19f5a9b0da66c5ae419d92c8c4608edc89a01eb44d91ffcf017fea73f39b222cbd85e82f70a233
[21:22:51] [Render thread/DEBUG] (FabricLoader/Mixin) Renaming synthetic method lambda$registerShaders$0(Lnet/minecraft/resource/ResourceFactory;Ljava/util/List;Lnet/minecraft/util/Identifier;Lnet/minecraft/client/render/VertexFormat;Ljava/util/function/Consumer;)V to md164862$fabric-rendering-v1$lambda$registerShaders$0$0 in fabric-rendering-v1.mixins.json:shader.GameRendererMixin from mod fabric-rendering-v1
[21:22:51] [Render thread/DEBUG] (FabricLoader/Mixin) Mixing GameRendererMixin from fabric-screen-api-v1.mixins.json into net.minecraft.client.render.GameRenderer
[21:22:51] [Render thread/DEBUG] (FabricLoader/Mixin) fabric-screen-api-v1.mixins.json:GameRendererMixin from mod fabric-screen-api-v1: Class version 65 required is higher than the class version supported by the current version of Mixin (JAVA_17 supports class version 61)
[21:22:51] [Render thread/DEBUG] (FabricLoader/Mixin) fabric-rendering-v1.mixins.json:shader.GameRendererMixin from mod fabric-rendering-v1->@Inject::registerShaders(Lnet/minecraft/resource/ResourceFactory;Lorg/spongepowered/asm/mixin/injection/callback/CallbackInfo;)V doesn't use it's CallbackInfo
[21:22:51] [Render thread/DEBUG] (FabricLoader/Mixin) fabric-rendering-v1.mixins.json:shader.GameRendererMixin from mod fabric-rendering-v1->@Inject::registerShaders(Lnet/minecraft/resource/ResourceFactory;Lorg/spongepowered/asm/mixin/injection/callback/CallbackInfo;)V has 0 override(s) in child classes
[21:22:51] [Render thread/DEBUG] (FabricLoader/Mixin) fabric-rendering-v1.mixins.json:shader.GameRendererMixin from mod fabric-rendering-v1->@Inject::registerShaders(Lnet/minecraft/resource/ResourceFactory;Lorg/spongepowered/asm/mixin/injection/callback/CallbackInfo;)V won't be passed a CallbackInfo as a result
[21:22:51] [Render thread/DEBUG] (FabricLoader/Mixin) Mixing shader.ShaderProgramMixin from fabric-rendering-v1.mixins.json into net.minecraft.client.gl.ShaderProgram
[21:22:51] [Render thread/DEBUG] (FabricLoader/Mixin) fabric-rendering-v1.mixins.json:shader.ShaderProgramMixin from mod fabric-rendering-v1: Class version 65 required is higher than the class version supported by the current version of Mixin (JAVA_17 supports class version 61)
[21:22:51] [Worker-Main-1/DEBUG] (Mod Menu/Update Checker) Hash for fabric-transfer-api-v1 is 60d42a3ff4c3de01556ec3d2608a5d66a6775947bfaa647d0891121195bfdb35468d3b32d8d915fe6d9544bf539abeba1ee802b37487c1f631bd5f688ffbecce
[21:22:51] [Worker-Main-1/DEBUG] (Mod Menu/Update Checker) Hash for fabric-object-builder-api-v1 is c172609ba5057fb317239199c0947cfe52b797371b9be18baf2150eb9333d47221070f3d4a947f7852ccf43c2715c62619693d418bda054bd143df52bd4f995b
[21:22:51] [Worker-Main-1/DEBUG] (Mod Menu/Update Checker) Hash for fabric-dimensions-v1 is 460297f2a699deb289b6cbb35f81be412a8abde08fb44e41731ee638cab34f72ba1b637a9907a3b4874cc6e9a799138084a6591e26799c85993f1a835dbf80d4
[21:22:51] [Worker-Main-1/DEBUG] (Mod Menu/Update Checker) Hash for fabric-game-rule-api-v1 is 41f835bf962ad06da00435fb3fcb863c1ae4b1a3e25e415ff093b0f8b0724572960afbfeec60146d12446ad2d266e49e387a2143a516739de517ec4eb053a84b
[21:22:51] [Worker-Main-1/DEBUG] (Mod Menu/Update Checker) Hash for fabric-api-base is f9b9a874398ace0dc5781d8b9b44a3ee4be8ec88ff7cf4683e1323700f6e7f0167895125c28014e4cc264e5bcb0fdfa3550abfcaeafe2dc28a368741c53e9364
[21:22:51] [Worker-Main-1/DEBUG] (Mod Menu/Update Checker) Hash for fabric-resource-conditions-api-v1 is 21cdd8f964a8be274d97bbd271717c2a7468d68277ca78ef27edec70d999cd2075884afec97db4b6d8f33459937e8c50fa78679e59854a9d2422f48605bff419
[21:22:51] [Worker-Main-1/DEBUG] (Mod Menu/Update Checker) Hash for fabric-sound-api-v1 is d0cf0d3014bb9a16a25f283b2b4f4b881207c1bec7ce88a92683e0bbf449f4ebc0a05ef5d05dafcb9fb87e54310b910bce63c4c14ede1b3618595b371d776948
[21:22:51] [Worker-Main-1/DEBUG] (Mod Menu/Update Checker) Hash for fabric-rendering-data-attachment-v1 is 1328179679e82ea1030355a31e64579041cb74c63bc1bf30ce143dd902f727601175cf22701726a0f10e4066885d6032183839065cc6b3fc529bc3d4a72fd609
[21:22:51] [Worker-Main-1/DEBUG] (Mod Menu/Update Checker) Hash for fabric-model-loading-api-v1 is bf57c9958e735b6c923f152a569797857f6722abe21f435833f5c711329550a2ea971f1ddf711279a80a163e3e04329c3881093f3d3a59f1a711696384f495ad
[21:22:51] [Worker-Main-1/DEBUG] (Mod Menu/Update Checker) Hash for mixinextras is 31b929374c2526ebb532185cd54b752c0a5ca7f56a48c99ed6a73f598a4155c9db88ab4c8ea5904fa2e2f78310424393238b2db6cd435c0f3ad87d1391ea3320
[21:22:51] [Worker-Main-1/DEBUG] (Mod Menu/Update Checker) Hash for fabric-data-attachment-api-v1 is bbb677be76809122f8fbad97de0abdd3fd184e16698c396af5f06cd9b8febfc6172609a031369d18425b3ab812284cf57f4e54dbeb96228057b0a1a924a25fbd
[21:22:51] [Worker-Main-1/DEBUG] (Mod Menu/Update Checker) Hash for fabric-rendering-fluids-v1 is 41351482773a0e78b1b9c13c5e53e10c91ea7ce10e9c7879a52958e3d4dfbc2170bc89bba8f7de660b188e70952a95b734ded9f1cbd0d19689854549a1be1b05
[21:22:51] [Worker-Main-1/DEBUG] (Mod Menu/Update Checker) Hash for fabric-blockrenderlayer-v1 is 6dcf3b604f81f5f038ef71154beb6c7272cf4ef6a83f6a09136cd69e0267bfc51b4c79754cb5612fd5e6b0e2fbe91d1df224e32a32beb9f5c09fa7a69edb0e63
[21:22:51] [Worker-Main-1/DEBUG] (Mod Menu/Update Checker) Hash for fabric-lifecycle-events-v1 is b50ea61c87d4180be8ec113c4c60d5329a5b435ec39118571ff90d88c901cf028e142db870fb70dc40a11d8c956ab15f79e6addba116cbcb6e97da5a4c1b82c0
[21:22:51] [Worker-Main-1/DEBUG] (Mod Menu/Update Checker) Hash for fabric-renderer-registries-v1 is aa69efde9e7412336dff4deb2b74e11c56e7ca2551ad14ec7be7775f6ac224c3043d9699e1531dab1bb84dace151dc42bda1e2aea4d3c5c0b39f921594ed5a0c
[21:22:51] [Worker-Main-1/DEBUG] (Mod Menu/Update Checker) Hash for fabric-particles-v1 is 6a6a87a7b0d404d1c7c74df5ca14c658bf9c7fbf13ff110d72f137b5e99eca8ebc278f7638fbc9b589785824fba2dd0d6ec85e35e5ce4e37ba90f0259dc003c4
[21:22:51] [Worker-Main-1/DEBUG] (Mod Menu/Update Checker) Hash for fabric-data-generation-api-v1 is a129ccab495bb10a1d810eee528bfbdb9c08a3a549d542858b5d74bc4fc30aed64e0721056b577a7b9a013b1c8070aa93981e660c87bcfd5204e869715d513ba
[21:22:51] [Worker-Main-1/DEBUG] (Mod Menu/Update Checker) Hash for fabric-api-lookup-api-v1 is e97ddf3b4516849ae1fe57a26d8148fc8d7047881141d3bc80eaa8fe73bf0fb490b10ca7d78b593493014c3d7f4162764bd88b05aece5f1418e852803163c25d
[21:22:51] [Worker-Main-1/DEBUG] (Mod Menu/Update Checker) Hash for fabric-screen-handler-api-v1 is 3c0541ac5c276e01aab4f5a0c39356f74a71eac217d8c2e24b0249214bf518770a05ef75d42fa7212e9234ecb18152fc465cb606fd872ac544817c239d443571
[21:22:51] [Render thread/DEBUG] (FabricLoader/Mixin) Mixing client.SpriteAtlasTextureMixin from fabric-renderer-api-v1.mixins.json into net.minecraft.client.texture.SpriteAtlasTexture
[21:22:51] [Worker-Main-1/DEBUG] (Mod Menu/Update Checker) Hash for modmenu is 45ea8f7e0749bc0eb98900f94486e323f153b199617fa43977b46472e4196ee5a6739f41a1e7f68e270f84a367df5f7f53c2a1f46145ad7d349ede4297895396
[21:22:51] [Worker-Main-1/DEBUG] (Mod Menu/Update Checker) Hash for fabric-command-api-v2 is 846d60c1529e7aef0491ad26144ac10fbfef3aa4ef834f7ae6fdf902f7ae0f1735237539111e96313975dffd6fd40acc5ae78a5661ce1dbd40555ec5c723bb4c
[21:22:51] [Worker-Main-1/DEBUG] (Mod Menu/Update Checker) Hash for fabric-block-api-v1 is 752904707b0886b205751b6d92192088639528b31f3a96c6c5c44eb1b044e91b933f68a7ab72deb7a4aadbeee25af284a11c7482314a0444d11ff69f87a06065
[21:22:51] [Worker-Main-1/DEBUG] (Mod Menu/Update Checker) Hash for fabric-command-api-v1 is 853586da9836f7fb2c7618d8dff9d2b689a998ab64c8afc0089edce9ea51697463567bd711b8bbe4f4f87bc2b4860bc21fa905558a38809ad8c65461289e3e51
[21:22:51] [Worker-Main-1/DEBUG] (Mod Menu/Update Checker) Hash for fabric-tag-api-v1 is 82be20562c5c81d6aafa27cb1529305957572fd46053da276363706b181209c14ee41750a39f557ed54e1f9dcbaaf9347f96da2bb30642c91f183417e1e0095e
[21:22:51] [Render thread/DEBUG] (FabricLoader/Mixin) fabric-renderer-api-v1.mixins.json:client.SpriteAtlasTextureMixin from mod fabric-renderer-api-v1->@Inject::uploadHook(Lnet/minecraft/client/texture/SpriteLoader$StitchResult;Lorg/spongepowered/asm/mixin/injection/callback/CallbackInfo;)V doesn't use it's CallbackInfo
[21:22:51] [Render thread/DEBUG] (FabricLoader/Mixin) fabric-renderer-api-v1.mixins.json:client.SpriteAtlasTextureMixin from mod fabric-renderer-api-v1->@Inject::uploadHook(Lnet/minecraft/client/texture/SpriteLoader$StitchResult;Lorg/spongepowered/asm/mixin/injection/callback/CallbackInfo;)V has 0 override(s) in child classes
[21:22:51] [Render thread/DEBUG] (FabricLoader/Mixin) fabric-renderer-api-v1.mixins.json:client.SpriteAtlasTextureMixin from mod fabric-renderer-api-v1->@Inject::uploadHook(Lnet/minecraft/client/texture/SpriteLoader$StitchResult;Lorg/spongepowered/asm/mixin/injection/callback/CallbackInfo;)V won't be passed a CallbackInfo as a result
[21:22:51] [Worker-Main-1/DEBUG] (Mod Menu/Update Checker) Hash for fabric-screen-api-v1 is a65925fdf51f59f6809ff516cfcfd897ff8dd5be9b9996d45015dbced8939b4295ccecac8c04dabad2b6a049c2f15a512e333acd84e9699052d2c910e354e183
[21:22:51] [Worker-Main-1/DEBUG] (Mod Menu/Update Checker) Hash for fabric-renderer-indigo is 1f6e038287bd550fa3cf5aa6c7ca4127d16c30b3ebd2c8395233abf41f64c453c2088ce10e3830f70ee697af8ba4bdb005de22c699adfd1f89994a51944c87d8
[21:22:51] [Worker-Main-1/DEBUG] (Mod Menu/Update Checker) Hash for fabric-api is 4c7735faf8f0bba503b7e722611b1f95b7c160e85e85c6c75d312f27b9495d123854bcc407f7e211a6fd4f65268359a2f433ab41923f258dd36059dd3fc4abae
[21:22:51] [Worker-Main-1/DEBUG] (Mod Menu/Update Checker) Hash for fabric-convention-tags-v2 is 5bef3b221ff422e7f3b0b7e2f495d3bbf6b79e11f12d97d04179c5d6af124286ee55066ff745a82578cdc94a8114c658826b2956b9dcce54adb86a39bd2abd83
[21:22:51] [Worker-Main-1/DEBUG] (Mod Menu/Update Checker) Hash for fabric-crash-report-info-v1 is 0d4d6b86c2bb9f9b479874c00057f559ceea069f7a1eb86024a01e8ec4d234f8baabfdb0a5f3243fc16844f705211c007016c24bab14723192a17145ce7f639b
[21:22:51] [Worker-Main-1/DEBUG] (Mod Menu/Update Checker) Hash for fabric-item-api-v1 is 154e19b1a4e30e5337a6108e6c8aca528ff0b94b218c158d57f705f5c6216f6411ef9c3d1daf83d58a40003b6ee2ecf2190fb71392ddad6488290634c3f3b377
[21:22:51] [Worker-Main-1/DEBUG] (Mod Menu/Update Checker) Hash for fabric-events-interaction-v0 is a6f498b02d9b85887272d37824e6e9ba6cfcc0361cfaa721044e338241936ec2ded29d7c800e5ff7983f1dbbaae189f962bae6df6621c5d5d3f9f14f0bfa303c
[21:22:51] [Worker-Main-1/DEBUG] (Mod Menu/Update Checker) Hash for fabric-item-group-api-v1 is 8af75bd3e10687ec895a9d37824ec394c798a2c3e8fe197608f4d57a681fa0e9f4018c83b154525daf7e9c66634794389891a32b4d5d4f1660ddc23dc855194f
[21:22:51] [Worker-Main-1/DEBUG] (Mod Menu/Update Checker) Hash for fabric-convention-tags-v1 is c76b02eff150df0ece8eb94ce952f8debd9e984f6ce505cc818eb74cdc58e02b6ae9bb85f39243d42d6a647307a9f86ba904e1148d63aa9d9a1e0185036d9d83
[21:22:51] [Worker-Main-1/DEBUG] (Mod Menu/Update Checker) Hash for fabric-recipe-api-v1 is ea39fbd725d88455068c6a4d5c9e61f2c8d39e29796efd21390c3167502a85ae7748848edd1908a975ae7c326f671bbb4f44ea6c47520b87c4f8473ce0e0b5d0
[21:22:51] [Worker-Main-1/DEBUG] (Mod Menu/Update Checker) Hash for fabric-entity-events-v1 is d3560d32eac9bda2467755eec743efeb8db679bb103d225006fb89630c230e157a3f66649cea4d2ebb5b294d1e319795ce9f6b6ad4461f819c5139e56f379907
[21:22:51] [Worker-Main-1/DEBUG] (Mod Menu/Update Checker) Hash for ias is ffa4134d0aa4b11439f94a78a7fe3e6f6077bfefff4d9a9365eb793913dc76b0c13d99162a84fc384a969495fafcf710098e606d692f41b87202c19b9a452943
[21:22:51] [Worker-Main-1/DEBUG] (Mod Menu/Update Checker) Hash for fabric-rendering-v0 is ef0f67f45f131ecdbb64ab066551eba45a0d788b1577fa65e0e52c13a2c6094efa671b9020d3eb25beddea23b382c4b35503a56b3204460dd2021f8e099bcb6c
[21:22:51] [Worker-Main-1/DEBUG] (Mod Menu/Update Checker) Hash for fabric-key-binding-api-v1 is ba981be1fec6c726d807a1baf799d84101626f246ab8987c52eba2666e6a415da966a7512083619823b57ad432c5d6996751f82c8915a940a0e83ba2f4d11619
[21:22:51] [Worker-Main-1/DEBUG] (Mod Menu/Update Checker) Hash for fabric-rendering-v1 is 319683204afb53090ac118f49892208a8665197e6b5e3ee102caa2cf97d9a2b59975a8c2e74b422685da5d6156190a82d91f2614878885900e5b88ea4c4e2e16
[21:22:51] [Worker-Main-1/DEBUG] (Mod Menu/Update Checker) Hash for fabric-resource-loader-v0 is 761fd7cc4d20698c4aab0de7c27134a1c1e8424e7e5b093f251d975876474b8028001b2afd75da059d70993de94b92e0cc8e55757e4e5d3aceabd0533287da95
[21:22:51] [Worker-Main-1/DEBUG] (Mod Menu/Update Checker) Hash for fabric-content-registries-v0 is 9d6ea65ab2ecdb46568c68f851f638ed5ee757a165836f030d1d2a81f442b017a504ed9beedfeb5b26bcbe1c3be8ade19e7a0803088b514e0db413cb27cec84e
[21:22:51] [Worker-Main-1/DEBUG] (Mod Menu/Update Checker) Hash for fabric-block-view-api-v2 is 23c59f4dee9ca99e9bdd5fc063c770f1f5965880521819eb50147c480de3544884fb557894a8dd7992c237fa98265bc50fda354626fcea6980dac65d338abc09
[21:22:51] [Worker-Main-1/DEBUG] (Mod Menu/Update Checker) Hash for fabric-gametest-api-v1 is 4138ceccdd908ae32c72103b096e1a7e9b3828f36aa47487791e725f36480ba95ca048d5d93bacc2e1f6c1062e90ffd638d2a20d03ff7840f7fbf22dad369f47
[21:22:51] [Worker-Main-1/DEBUG] (Mod Menu/Update Checker) Hash for fabric-client-tags-api-v1 is 5c696a78cbc7f8b7d7e80fec0a9def82cc3ee71743c9f395d38a183714523605d699d4caf7a6d4a33464e95722e539cf9feef20762f0a83cf566c4a4faf944c6
[21:22:51] [Worker-Main-1/DEBUG] (Mod Menu/Update Checker) Hash for fabric-biome-api-v1 is 008df05aca976b9f2957dc2b78e52b2c13b2246abaadab6e81d82680c7c6d3a4348f68be46158f2a55504948158f185750b23caeadf712ef5e33424620c5705c
[21:22:51] [Worker-Main-1/DEBUG] (Mod Menu/Update Checker) Hash for fabric-loot-api-v3 is a970db32d3988ba89be87bd7494627aa3beaaa238d8f6a9aa5d98e33b5f69f9e47e73aa3932e718ccf51130648c0fa22171988da960f5f694569276d20a01ac5
[21:22:51] [Worker-Main-1/DEBUG] (Mod Menu/Update Checker) Hash for fabric-loot-api-v2 is fc7a11babff5e283bcae1a6e7d790a56999e33c55f7668bfa9d40083ea8e6338551d20e748a1a860838f27dce9f1a1870fc4559d2e0b9f81921059eeeeca5a5a
[21:22:51] [Worker-Main-1/DEBUG] (Mod Menu/Update Checker) Hash for fabric-message-api-v1 is 91f02fc62f9e3ac9a19acd0d3d93c19b8669895c5b22b4ee85173e4f3b69b2d3ad8a7e1d67bfb8728ed960286150c98ebd7228bb10efdfb9dc55fd9cd45bd826
[21:22:51] [Worker-Main-1/DEBUG] (Mod Menu/Update Checker) Hash for fabric-commands-v0 is 0b5a1ce3afd0b391e0abc24c344b4c03baa6782a28ae5c154fe39092c9f928525c979c8d9df47f45a58c7061e9be6f49102d1125d59355456ee3b91ab1265f3b
[21:22:51] [Worker-Main-1/DEBUG] (Mod Menu/Update Checker) Hash for fabric-registry-sync-v0 is f82e2c91237aa93e3111c43f3b4e65632f9dcdc947f8439c4e9ec38fb3a634e74a39bd77a0056953f7217a8375a2ea3819e2fb3ce3ea43ccdbe640bd14d7303e
[21:22:51] [Worker-Main-1/DEBUG] (Mod Menu/Update Checker) Hash for fabric-transitive-access-wideners-v1 is adae06c7d446795010d7184a43ad7083225f1b72f99cb625f0cd044f8fce354cbc72bda4c60316a4a7741643f8fc951fe0bc9790fbdbd8037818f4849d84e051
[21:22:51] [Worker-Main-1/DEBUG] (Mod Menu/Update Checker) Hash for fabric-networking-api-v1 is 36d95ebf8bfb5d8397804e1978fcc9900db3979a6631086a68cfdd98de3259948af602e4b08f0f9bc78e65fed611044fd85acfe34c3a03fbc3b8e2f4bad67008
[21:22:51] [ModMenu/Update Checker/2/DEBUG] (Mod Menu/Update Checker) Body: {
  "hashes": [
    "f9b9a874398ace0dc5781d8b9b44a3ee4be8ec88ff7cf4683e1323700f6e7f0167895125c28014e4cc264e5bcb0fdfa3550abfcaeafe2dc28a368741c53e9364",
    "bf57c9958e735b6c923f152a569797857f6722abe21f435833f5c711329550a2ea971f1ddf711279a80a163e3e04329c3881093f3d3a59f1a711696384f495ad",
    "3c0541ac5c276e01aab4f5a0c39356f74a71eac217d8c2e24b0249214bf518770a05ef75d42fa7212e9234ecb18152fc465cb606fd872ac544817c239d443571",
    "752904707b0886b205751b6d92192088639528b31f3a96c6c5c44eb1b044e91b933f68a7ab72deb7a4aadbeee25af284a11c7482314a0444d11ff69f87a06065",
    "a65925fdf51f59f6809ff516cfcfd897ff8dd5be9b9996d45015dbced8939b4295ccecac8c04dabad2b6a049c2f15a512e333acd84e9699052d2c910e354e183",
    "4c7735faf8f0bba503b7e722611b1f95b7c160e85e85c6c75d312f27b9495d123854bcc407f7e211a6fd4f65268359a2f433ab41923f258dd36059dd3fc4abae",
    "21cdd8f964a8be274d97bbd271717c2a7468d68277ca78ef27edec70d999cd2075884afec97db4b6d8f33459937e8c50fa78679e59854a9d2422f48605bff419",
    "bb4847d8273ec100f8de83a5d62720eaf7a3418fc339a37c6434fc785f28714d852ec3bfc7e23bbc304f5519294c38d45a1c16387b9195d19118e9fd2f284dd2",
    "154e19b1a4e30e5337a6108e6c8aca528ff0b94b218c158d57f705f5c6216f6411ef9c3d1daf83d58a40003b6ee2ecf2190fb71392ddad6488290634c3f3b377",
    "41351482773a0e78b1b9c13c5e53e10c91ea7ce10e9c7879a52958e3d4dfbc2170bc89bba8f7de660b188e70952a95b734ded9f1cbd0d19689854549a1be1b05",
    "6dcf3b604f81f5f038ef71154beb6c7272cf4ef6a83f6a09136cd69e0267bfc51b4c79754cb5612fd5e6b0e2fbe91d1df224e32a32beb9f5c09fa7a69edb0e63",
    "1f6e038287bd550fa3cf5aa6c7ca4127d16c30b3ebd2c8395233abf41f64c453c2088ce10e3830f70ee697af8ba4bdb005de22c699adfd1f89994a51944c87d8",
    "aa69efde9e7412336dff4deb2b74e11c56e7ca2551ad14ec7be7775f6ac224c3043d9699e1531dab1bb84dace151dc42bda1e2aea4d3c5c0b39f921594ed5a0c",
    "a970db32d3988ba89be87bd7494627aa3beaaa238d8f6a9aa5d98e33b5f69f9e47e73aa3932e718ccf51130648c0fa22171988da960f5f694569276d20a01ac5",
    "4138ceccdd908ae32c72103b096e1a7e9b3828f36aa47487791e725f36480ba95ca048d5d93bacc2e1f6c1062e90ffd638d2a20d03ff7840f7fbf22dad369f47",
    "23c59f4dee9ca99e9bdd5fc063c770f1f5965880521819eb50147c480de3544884fb557894a8dd7992c237fa98265bc50fda354626fcea6980dac65d338abc09",
    "31b929374c2526ebb532185cd54b752c0a5ca7f56a48c99ed6a73f598a4155c9db88ab4c8ea5904fa2e2f78310424393238b2db6cd435c0f3ad87d1391ea3320",
    "8af75bd3e10687ec895a9d37824ec394c798a2c3e8fe197608f4d57a681fa0e9f4018c83b154525daf7e9c66634794389891a32b4d5d4f1660ddc23dc855194f",
    "5c696a78cbc7f8b7d7e80fec0a9def82cc3ee71743c9f395d38a183714523605d699d4caf7a6d4a33464e95722e539cf9feef20762f0a83cf566c4a4faf944c6",
    "bbb677be76809122f8fbad97de0abdd3fd184e16698c396af5f06cd9b8febfc6172609a031369d18425b3ab812284cf57f4e54dbeb96228057b0a1a924a25fbd",
    "761fd7cc4d20698c4aab0de7c27134a1c1e8424e7e5b093f251d975876474b8028001b2afd75da059d70993de94b92e0cc8e55757e4e5d3aceabd0533287da95",
    "f82e2c91237aa93e3111c43f3b4e65632f9dcdc947f8439c4e9ec38fb3a634e74a39bd77a0056953f7217a8375a2ea3819e2fb3ce3ea43ccdbe640bd14d7303e",
    "fc7a11babff5e283bcae1a6e7d790a56999e33c55f7668bfa9d40083ea8e6338551d20e748a1a860838f27dce9f1a1870fc4559d2e0b9f81921059eeeeca5a5a",
    "d3560d32eac9bda2467755eec743efeb8db679bb103d225006fb89630c230e157a3f66649cea4d2ebb5b294d1e319795ce9f6b6ad4461f819c5139e56f379907",
    "adae06c7d446795010d7184a43ad7083225f1b72f99cb625f0cd044f8fce354cbc72bda4c60316a4a7741643f8fc951fe0bc9790fbdbd8037818f4849d84e051",
    "d0cf0d3014bb9a16a25f283b2b4f4b881207c1bec7ce88a92683e0bbf449f4ebc0a05ef5d05dafcb9fb87e54310b910bce63c4c14ede1b3618595b371d776948",
    "319683204afb53090ac118f49892208a8665197e6b5e3ee102caa2cf97d9a2b59975a8c2e74b422685da5d6156190a82d91f2614878885900e5b88ea4c4e2e16",
    "a6f498b02d9b85887272d37824e6e9ba6cfcc0361cfaa721044e338241936ec2ded29d7c800e5ff7983f1dbbaae189f962bae6df6621c5d5d3f9f14f0bfa303c",
    "853586da9836f7fb2c7618d8dff9d2b689a998ab64c8afc0089edce9ea51697463567bd711b8bbe4f4f87bc2b4860bc21fa905558a38809ad8c65461289e3e51",
    "460297f2a699deb289b6cbb35f81be412a8abde08fb44e41731ee638cab34f72ba1b637a9907a3b4874cc6e9a799138084a6591e26799c85993f1a835dbf80d4",
    "0b5a1ce3afd0b391e0abc24c344b4c03baa6782a28ae5c154fe39092c9f928525c979c8d9df47f45a58c7061e9be6f49102d1125d59355456ee3b91ab1265f3b",
    "1328179679e82ea1030355a31e64579041cb74c63bc1bf30ce143dd902f727601175cf22701726a0f10e4066885d6032183839065cc6b3fc529bc3d4a72fd609",
    "82be20562c5c81d6aafa27cb1529305957572fd46053da276363706b181209c14ee41750a39f557ed54e1f9dcbaaf9347f96da2bb30642c91f183417e1e0095e",
    "45ea8f7e0749bc0eb98900f94486e323f153b199617fa43977b46472e4196ee5a6739f41a1e7f68e270f84a367df5f7f53c2a1f46145ad7d349ede4297895396",
    "846d60c1529e7aef0491ad26144ac10fbfef3aa4ef834f7ae6fdf902f7ae0f1735237539111e96313975dffd6fd40acc5ae78a5661ce1dbd40555ec5c723bb4c",
    "ba981be1fec6c726d807a1baf799d84101626f246ab8987c52eba2666e6a415da966a7512083619823b57ad432c5d6996751f82c8915a940a0e83ba2f4d11619",
    "a129ccab495bb10a1d810eee528bfbdb9c08a3a549d542858b5d74bc4fc30aed64e0721056b577a7b9a013b1c8070aa93981e660c87bcfd5204e869715d513ba",
    "6a6a87a7b0d404d1c7c74df5ca14c658bf9c7fbf13ff110d72f137b5e99eca8ebc278f7638fbc9b589785824fba2dd0d6ec85e35e5ce4e37ba90f0259dc003c4",
    "9d6ea65ab2ecdb46568c68f851f638ed5ee757a165836f030d1d2a81f442b017a504ed9beedfeb5b26bcbe1c3be8ade19e7a0803088b514e0db413cb27cec84e",
    "ef0f67f45f131ecdbb64ab066551eba45a0d788b1577fa65e0e52c13a2c6094efa671b9020d3eb25beddea23b382c4b35503a56b3204460dd2021f8e099bcb6c",
    "d973c40ad22ed393dd3b9798acc009ddc41ad787f333bad974cf6a89b1325ed593bfc998aa3bb663b9ec09c25bd33a07263ad1dca9ae830dbee61eb67f7a65ce",
    "fc13d3a5c048dbaab86318edaf8b6c6b46ef9f1d367e8f063d19f5a9b0da66c5ae419d92c8c4608edc89a01eb44d91ffcf017fea73f39b222cbd85e82f70a233",
    "e97ddf3b4516849ae1fe57a26d8148fc8d7047881141d3bc80eaa8fe73bf0fb490b10ca7d78b593493014c3d7f4162764bd88b05aece5f1418e852803163c25d",
    "b50ea61c87d4180be8ec113c4c60d5329a5b435ec39118571ff90d88c901cf028e142db870fb70dc40a11d8c956ab15f79e6addba116cbcb6e97da5a4c1b82c0",
    "91f02fc62f9e3ac9a19acd0d3d93c19b8669895c5b22b4ee85173e4f3b69b2d3ad8a7e1d67bfb8728ed960286150c98ebd7228bb10efdfb9dc55fd9cd45bd826",
    "c172609ba5057fb317239199c0947cfe52b797371b9be18baf2150eb9333d47221070f3d4a947f7852ccf43c2715c62619693d418bda054bd143df52bd4f995b",
    "c76b02eff150df0ece8eb94ce952f8debd9e984f6ce505cc818eb74cdc58e02b6ae9bb85f39243d42d6a647307a9f86ba904e1148d63aa9d9a1e0185036d9d83",
    "ffa4134d0aa4b11439f94a78a7fe3e6f6077bfefff4d9a9365eb793913dc76b0c13d99162a84fc384a969495fafcf710098e606d692f41b87202c19b9a452943",
    "60d42a3ff4c3de01556ec3d2608a5d66a6775947bfaa647d0891121195bfdb35468d3b32d8d915fe6d9544bf539abeba1ee802b37487c1f631bd5f688ffbecce",
    "41f835bf962ad06da00435fb3fcb863c1ae4b1a3e25e415ff093b0f8b0724572960afbfeec60146d12446ad2d266e49e387a2143a516739de517ec4eb053a84b",
    "008df05aca976b9f2957dc2b78e52b2c13b2246abaadab6e81d82680c7c6d3a4348f68be46158f2a55504948158f185750b23caeadf712ef5e33424620c5705c",
    "36d95ebf8bfb5d8397804e1978fcc9900db3979a6631086a68cfdd98de3259948af602e4b08f0f9bc78e65fed611044fd85acfe34c3a03fbc3b8e2f4bad67008",
    "5bef3b221ff422e7f3b0b7e2f495d3bbf6b79e11f12d97d04179c5d6af124286ee55066ff745a82578cdc94a8114c658826b2956b9dcce54adb86a39bd2abd83",
    "0d4d6b86c2bb9f9b479874c00057f559ceea069f7a1eb86024a01e8ec4d234f8baabfdb0a5f3243fc16844f705211c007016c24bab14723192a17145ce7f639b",
    "ea39fbd725d88455068c6a4d5c9e61f2c8d39e29796efd21390c3167502a85ae7748848edd1908a975ae7c326f671bbb4f44ea6c47520b87c4f8473ce0e0b5d0"
  ],
  "algorithm": "sha512",
  "loaders": [
    "fabric"
  ],
  "game_versions": [
    "1.21.1"
  ],
  "version_types": [
    "release"
  ]
}
[21:22:51] [Render thread/DEBUG] (FabricLoader/Mixin) Mixing ItemRendererAccessor from fabric-renderer-indigo.mixins.json into net.minecraft.client.render.item.ItemRenderer
[21:22:51] [Render thread/DEBUG] (FabricLoader/Mixin) Renaming @Invoker method fabric_callUsesDynamicDisplay(Lnet/minecraft/item/ItemStack;)Z to fabric_callUsesDynamicDisplay$fabric-renderer-indigo_$md$164862$0 in fabric-renderer-indigo.mixins.json:ItemRendererAccessor from mod fabric-renderer-indigo
[21:22:51] [Render thread/DEBUG] (FabricLoader/Mixin) Mixing ItemRendererMixin from fabric-renderer-indigo.mixins.json into net.minecraft.client.render.item.ItemRenderer
[21:22:51] [Render thread/DEBUG] (FabricLoader/Mixin) Renaming synthetic method lambda$new$0()Lnet/fabricmc/fabric/impl/client/indigo/renderer/render/ItemRenderContext; to md164862$fabric-renderer-indigo$lambda$new$0$1 in fabric-renderer-indigo.mixins.json:ItemRendererMixin from mod fabric-renderer-indigo
[21:22:51] [Render thread/DEBUG] (FabricLoader/Mixin) Mixing KeyedResourceReloadListenerClientMixin from fabric-resource-loader-v0.client.mixins.json into net.minecraft.client.render.item.ItemRenderer
[21:22:51] [Render thread/DEBUG] (FabricLoader/Mixin) fabric-resource-loader-v0.client.mixins.json:KeyedResourceReloadListenerClientMixin from mod fabric-resource-loader-v0: Class version 65 required is higher than the class version supported by the current version of Mixin (JAVA_17 supports class version 61)
[21:22:51] [Render thread/DEBUG] (FabricLoader/Mixin) fabric-renderer-indigo.mixins.json:ItemRendererMixin from mod fabric-renderer-indigo->@Inject::hook_renderItem(Lnet/minecraft/item/ItemStack;Lnet/minecraft/client/render/model/json/ModelTransformationMode;ZLnet/minecraft/client/util/math/MatrixStack;Lnet/minecraft/client/render/VertexConsumerProvider;IILnet/minecraft/client/render/model/BakedModel;Lorg/spongepowered/asm/mixin/injection/callback/CallbackInfo;)V does use it's CallbackInfo
[21:22:51] [Render thread/DEBUG] (FabricLoader/Mixin) Mixing WorldRendererMixin from fabric-rendering-v1.mixins.json into net.minecraft.client.render.WorldRenderer
[21:22:51] [Render thread/DEBUG] (FabricLoader/Mixin) fabric-rendering-v1.mixins.json:WorldRendererMixin from mod fabric-rendering-v1: Class version 65 required is higher than the class version supported by the current version of Mixin (JAVA_17 supports class version 61)
[21:22:51] [Render thread/DEBUG] (FabricLoader/Mixin) Mixing KeyedResourceReloadListenerClientMixin from fabric-resource-loader-v0.client.mixins.json into net.minecraft.client.render.WorldRenderer
[21:22:51] [Render thread/DEBUG] (FabricLoader/Mixin) fabric-resource-loader-v0.client.mixins.json:KeyedResourceReloadListenerClientMixin from mod fabric-resource-loader-v0: Class version 65 required is higher than the class version supported by the current version of Mixin (JAVA_17 supports class version 61)
[21:22:51] [Render thread/DEBUG] (FabricLoader/Mixin) fabric-rendering-v1.mixins.json:WorldRendererMixin from mod fabric-rendering-v1->@Inject::beforeRender(Lnet/minecraft/client/render/RenderTickCounter;ZLnet/minecraft/client/render/Camera;Lnet/minecraft/client/render/GameRenderer;Lnet/minecraft/client/render/LightmapTextureManager;Lorg/joml/Matrix4f;Lorg/joml/Matrix4f;Lorg/spongepowered/asm/mixin/injection/callback/CallbackInfo;)V doesn't use it's CallbackInfo
[21:22:51] [Render thread/DEBUG] (FabricLoader/Mixin) fabric-rendering-v1.mixins.json:WorldRendererMixin from mod fabric-rendering-v1->@Inject::beforeRender(Lnet/minecraft/client/render/RenderTickCounter;ZLnet/minecraft/client/render/Camera;Lnet/minecraft/client/render/GameRenderer;Lnet/minecraft/client/render/LightmapTextureManager;Lorg/joml/Matrix4f;Lorg/joml/Matrix4f;Lorg/spongepowered/asm/mixin/injection/callback/CallbackInfo;)V has 0 override(s) in child classes
[21:22:51] [Render thread/DEBUG] (FabricLoader/Mixin) fabric-rendering-v1.mixins.json:WorldRendererMixin from mod fabric-rendering-v1->@Inject::beforeRender(Lnet/minecraft/client/render/RenderTickCounter;ZLnet/minecraft/client/render/Camera;Lnet/minecraft/client/render/GameRenderer;Lnet/minecraft/client/render/LightmapTextureManager;Lorg/joml/Matrix4f;Lorg/joml/Matrix4f;Lorg/spongepowered/asm/mixin/injection/callback/CallbackInfo;)V won't be passed a CallbackInfo as a result
[21:22:51] [Render thread/DEBUG] (FabricLoader/Mixin) fabric-rendering-v1.mixins.json:WorldRendererMixin from mod fabric-rendering-v1->@Inject::afterTerrainSetup(Lnet/minecraft/client/render/Camera;Lnet/minecraft/client/render/Frustum;ZZLorg/spongepowered/asm/mixin/injection/callback/CallbackInfo;)V doesn't use it's CallbackInfo
[21:22:51] [Render thread/DEBUG] (FabricLoader/Mixin) fabric-rendering-v1.mixins.json:WorldRendererMixin from mod fabric-rendering-v1->@Inject::afterTerrainSetup(Lnet/minecraft/client/render/Camera;Lnet/minecraft/client/render/Frustum;ZZLorg/spongepowered/asm/mixin/injection/callback/CallbackInfo;)V has 0 override(s) in child classes
[21:22:51] [Render thread/DEBUG] (FabricLoader/Mixin) fabric-rendering-v1.mixins.json:WorldRendererMixin from mod fabric-rendering-v1->@Inject::afterTerrainSetup(Lnet/minecraft/client/render/Camera;Lnet/minecraft/client/render/Frustum;ZZLorg/spongepowered/asm/mixin/injection/callback/CallbackInfo;)V won't be passed a CallbackInfo as a result
[21:22:51] [Render thread/DEBUG] (FabricLoader/Mixin) fabric-rendering-v1.mixins.json:WorldRendererMixin from mod fabric-rendering-v1->@Inject::afterTerrainSolid(Lorg/spongepowered/asm/mixin/injection/callback/CallbackInfo;)V doesn't use it's CallbackInfo
[21:22:51] [Render thread/DEBUG] (FabricLoader/Mixin) fabric-rendering-v1.mixins.json:WorldRendererMixin from mod fabric-rendering-v1->@Inject::afterTerrainSolid(Lorg/spongepowered/asm/mixin/injection/callback/CallbackInfo;)V has 0 override(s) in child classes
[21:22:51] [Render thread/DEBUG] (FabricLoader/Mixin) fabric-rendering-v1.mixins.json:WorldRendererMixin from mod fabric-rendering-v1->@Inject::afterTerrainSolid(Lorg/spongepowered/asm/mixin/injection/callback/CallbackInfo;)V won't be passed a CallbackInfo as a result
[21:22:51] [Render thread/DEBUG] (FabricLoader/Mixin) fabric-rendering-v1.mixins.json:WorldRendererMixin from mod fabric-rendering-v1->@Inject::afterEntities(Lorg/spongepowered/asm/mixin/injection/callback/CallbackInfo;)V doesn't use it's CallbackInfo
[21:22:51] [Render thread/DEBUG] (FabricLoader/Mixin) fabric-rendering-v1.mixins.json:WorldRendererMixin from mod fabric-rendering-v1->@Inject::afterEntities(Lorg/spongepowered/asm/mixin/injection/callback/CallbackInfo;)V has 0 override(s) in child classes
[21:22:51] [Render thread/DEBUG] (FabricLoader/Mixin) fabric-rendering-v1.mixins.json:WorldRendererMixin from mod fabric-rendering-v1->@Inject::afterEntities(Lorg/spongepowered/asm/mixin/injection/callback/CallbackInfo;)V won't be passed a CallbackInfo as a result
[21:22:51] [Render thread/DEBUG] (FabricLoader/Mixin) fabric-rendering-v1.mixins.json:WorldRendererMixin from mod fabric-rendering-v1->@Inject::beforeRenderOutline(Lorg/spongepowered/asm/mixin/injection/callback/CallbackInfo;)V doesn't use it's CallbackInfo
[21:22:51] [Render thread/DEBUG] (FabricLoader/Mixin) fabric-rendering-v1.mixins.json:WorldRendererMixin from mod fabric-rendering-v1->@Inject::beforeRenderOutline(Lorg/spongepowered/asm/mixin/injection/callback/CallbackInfo;)V has 0 override(s) in child classes
[21:22:51] [Render thread/DEBUG] (FabricLoader/Mixin) fabric-rendering-v1.mixins.json:WorldRendererMixin from mod fabric-rendering-v1->@Inject::beforeRenderOutline(Lorg/spongepowered/asm/mixin/injection/callback/CallbackInfo;)V won't be passed a CallbackInfo as a result
[21:22:51] [Render thread/DEBUG] (FabricLoader/Mixin) fabric-rendering-v1.mixins.json:WorldRendererMixin from mod fabric-rendering-v1->@Inject::onDrawBlockOutline(Lnet/minecraft/client/util/math/MatrixStack;Lnet/minecraft/client/render/VertexConsumer;Lnet/minecraft/entity/Entity;DDDLnet/minecraft/util/math/BlockPos;Lnet/minecraft/block/BlockState;Lorg/spongepowered/asm/mixin/injection/callback/CallbackInfo;)V does use it's CallbackInfo
[21:22:51] [Render thread/DEBUG] (FabricLoader/Mixin) fabric-rendering-v1.mixins.json:WorldRendererMixin from mod fabric-rendering-v1->@Inject::beforeDebugRender(Lorg/spongepowered/asm/mixin/injection/callback/CallbackInfo;)V doesn't use it's CallbackInfo
[21:22:51] [Render thread/DEBUG] (FabricLoader/Mixin) fabric-rendering-v1.mixins.json:WorldRendererMixin from mod fabric-rendering-v1->@Inject::beforeDebugRender(Lorg/spongepowered/asm/mixin/injection/callback/CallbackInfo;)V has 0 override(s) in child classes
[21:22:51] [Render thread/DEBUG] (FabricLoader/Mixin) fabric-rendering-v1.mixins.json:WorldRendererMixin from mod fabric-rendering-v1->@Inject::beforeDebugRender(Lorg/spongepowered/asm/mixin/injection/callback/CallbackInfo;)V won't be passed a CallbackInfo as a result
[21:22:51] [Render thread/DEBUG] (FabricLoader/Mixin) fabric-rendering-v1.mixins.json:WorldRendererMixin from mod fabric-rendering-v1->@Inject::beforeClouds(Lorg/spongepowered/asm/mixin/injection/callback/CallbackInfo;)V doesn't use it's CallbackInfo
[21:22:51] [Render thread/DEBUG] (FabricLoader/Mixin) fabric-rendering-v1.mixins.json:WorldRendererMixin from mod fabric-rendering-v1->@Inject::beforeClouds(Lorg/spongepowered/asm/mixin/injection/callback/CallbackInfo;)V has 0 override(s) in child classes
[21:22:51] [Render thread/DEBUG] (FabricLoader/Mixin) fabric-rendering-v1.mixins.json:WorldRendererMixin from mod fabric-rendering-v1->@Inject::beforeClouds(Lorg/spongepowered/asm/mixin/injection/callback/CallbackInfo;)V won't be passed a CallbackInfo as a result
[21:22:51] [Render thread/DEBUG] (FabricLoader/Mixin) fabric-rendering-v1.mixins.json:WorldRendererMixin from mod fabric-rendering-v1->@Inject::onChunkDebugRender(Lorg/spongepowered/asm/mixin/injection/callback/CallbackInfo;)V doesn't use it's CallbackInfo
[21:22:51] [Render thread/DEBUG] (FabricLoader/Mixin) fabric-rendering-v1.mixins.json:WorldRendererMixin from mod fabric-rendering-v1->@Inject::onChunkDebugRender(Lorg/spongepowered/asm/mixin/injection/callback/CallbackInfo;)V has 0 override(s) in child classes
[21:22:51] [Render thread/DEBUG] (FabricLoader/Mixin) fabric-rendering-v1.mixins.json:WorldRendererMixin from mod fabric-rendering-v1->@Inject::onChunkDebugRender(Lorg/spongepowered/asm/mixin/injection/callback/CallbackInfo;)V won't be passed a CallbackInfo as a result
[21:22:51] [Render thread/DEBUG] (FabricLoader/Mixin) fabric-rendering-v1.mixins.json:WorldRendererMixin from mod fabric-rendering-v1->@Inject::afterRender(Lorg/spongepowered/asm/mixin/injection/callback/CallbackInfo;)V doesn't use it's CallbackInfo
[21:22:51] [Render thread/DEBUG] (FabricLoader/Mixin) fabric-rendering-v1.mixins.json:WorldRendererMixin from mod fabric-rendering-v1->@Inject::afterRender(Lorg/spongepowered/asm/mixin/injection/callback/CallbackInfo;)V has 0 override(s) in child classes
[21:22:51] [Render thread/DEBUG] (FabricLoader/Mixin) fabric-rendering-v1.mixins.json:WorldRendererMixin from mod fabric-rendering-v1->@Inject::afterRender(Lorg/spongepowered/asm/mixin/injection/callback/CallbackInfo;)V won't be passed a CallbackInfo as a result
[21:22:51] [Render thread/DEBUG] (FabricLoader/Mixin) fabric-rendering-v1.mixins.json:WorldRendererMixin from mod fabric-rendering-v1->@Inject::onReload(Lorg/spongepowered/asm/mixin/injection/callback/CallbackInfo;)V doesn't use it's CallbackInfo
[21:22:51] [Render thread/DEBUG] (FabricLoader/Mixin) fabric-rendering-v1.mixins.json:WorldRendererMixin from mod fabric-rendering-v1->@Inject::onReload(Lorg/spongepowered/asm/mixin/injection/callback/CallbackInfo;)V has 0 override(s) in child classes
[21:22:51] [Render thread/DEBUG] (FabricLoader/Mixin) fabric-rendering-v1.mixins.json:WorldRendererMixin from mod fabric-rendering-v1->@Inject::onReload(Lorg/spongepowered/asm/mixin/injection/callback/CallbackInfo;)V won't be passed a CallbackInfo as a result
[21:22:51] [Render thread/DEBUG] (FabricLoader/Mixin) fabric-rendering-v1.mixins.json:WorldRendererMixin from mod fabric-rendering-v1->@Inject::renderWeather(Lnet/minecraft/client/render/LightmapTextureManager;FDDDLorg/spongepowered/asm/mixin/injection/callback/CallbackInfo;)V does use it's CallbackInfo
[21:22:51] [Render thread/DEBUG] (FabricLoader/Mixin) fabric-rendering-v1.mixins.json:WorldRendererMixin from mod fabric-rendering-v1->@Inject::renderCloud(Lnet/minecraft/client/util/math/MatrixStack;Lorg/joml/Matrix4f;Lorg/joml/Matrix4f;FDDDLorg/spongepowered/asm/mixin/injection/callback/CallbackInfo;)V does use it's CallbackInfo
[21:22:51] [Render thread/DEBUG] (FabricLoader/Mixin) fabric-rendering-v1.mixins.json:WorldRendererMixin from mod fabric-rendering-v1->@Inject::renderSky(Lorg/joml/Matrix4f;Lorg/joml/Matrix4f;FLnet/minecraft/client/render/Camera;ZLjava/lang/Runnable;Lorg/spongepowered/asm/mixin/injection/callback/CallbackInfo;)V does use it's CallbackInfo
[21:22:51] [Render thread/INFO] (IAS/IASMinecraft) IAS: Booting up... (version: 9.0.7+1.21.1-fabric, loader: Fabric, loader version: 0.19.3, game version: 1.21.1)
[21:22:51] [Render thread/INFO] (IAS) IAS: Initializing IAS...
[21:22:51] [Render thread/DEBUG] (IAS) IAS: Current user agent: IAS/null (https://github.com/The-Fireplace-Minecraft-Mods/In-Game-Account-Switcher; pig@vidtu.ru)
[21:22:51] [Render thread/DEBUG] (IAS/IASStorage) IAS: Writing disclaimers into F:\IdeaProjects\StaffTools\run...
[21:22:51] [Render thread/DEBUG] (IAS/IASStorage) IAS: Disclaimers ([READ_ME_IMPORTANT.txt, ПРОЧТИ_МЕНЯ_ВАЖНО.txt]) written to F:\IdeaProjects\StaffTools\run\_IAS_ACCOUNTS_DO_NOT_SEND_TO_ANYONE.
[21:22:51] [Render thread/DEBUG] (IAS/IASConfig) IAS: Loading config for F:\IdeaProjects\StaffTools\run\config...
[21:22:51] [Render thread/DEBUG] (IAS/IASConfig) IAS: Config loaded.
[21:22:51] [Render thread/DEBUG] (IAS/IASStorage) IAS: Loading storage for F:\IdeaProjects\StaffTools\run...
[21:22:51] [Render thread/DEBUG] (IAS/IASStorage) IAS: Loaded 1 (currently: 1) accounts from F:\IdeaProjects\StaffTools\run\_IAS_ACCOUNTS_DO_NOT_SEND_TO_ANYONE\.hidden\accounts_v1.do_not_send_to_anyone.
[21:22:51] [Render thread/INFO] (IAS) IAS: IAS has been loaded.
[21:22:51] [Render thread/DEBUG] (FabricLoader/Mixin) Mixing ClientPlayNetworkHandlerMixin from fabric-message-api-v1.client.mixins.json into net.minecraft.client.network.ClientPlayNetworkHandler
[21:22:51] [Render thread/DEBUG] (FabricLoader/Mixin) fabric-message-api-v1.client.mixins.json:ClientPlayNetworkHandlerMixin from mod fabric-message-api-v1: Class version 65 required is higher than the class version supported by the current version of Mixin (JAVA_17 supports class version 61)
[21:22:51] [Render thread/DEBUG] (FabricLoader/Mixin) Mixing ClientPlayNetworkHandlerMixin from fabric-networking-api-v1.client.mixins.json into net.minecraft.client.network.ClientPlayNetworkHandler
[21:22:51] [Render thread/DEBUG] (FabricLoader/Mixin) fabric-networking-api-v1.client.mixins.json:ClientPlayNetworkHandlerMixin from mod fabric-networking-api-v1: Class version 65 required is higher than the class version supported by the current version of Mixin (JAVA_17 supports class version 61)
[21:22:51] [Render thread/DEBUG] (FabricLoader/Mixin) Mixing ClientPlayNetworkHandlerMixin from fabric-lifecycle-events-v1.client.mixins.json into net.minecraft.client.network.ClientPlayNetworkHandler
[21:22:51] [Render thread/DEBUG] (FabricLoader/Mixin) fabric-lifecycle-events-v1.client.mixins.json:ClientPlayNetworkHandlerMixin from mod fabric-lifecycle-events-v1: Class version 65 required is higher than the class version supported by the current version of Mixin (JAVA_17 supports class version 61)
[21:22:51] [Render thread/DEBUG] (FabricLoader/Mixin) Mixing ClientPlayNetworkHandlerMixin from fabric-data-attachment-api-v1.client.mixins.json into net.minecraft.client.network.ClientPlayNetworkHandler
[21:22:51] [Render thread/DEBUG] (FabricLoader/Mixin) fabric-data-attachment-api-v1.client.mixins.json:ClientPlayNetworkHandlerMixin from mod fabric-data-attachment-api-v1: Class version 65 required is higher than the class version supported by the current version of Mixin (JAVA_17 supports class version 61)
[21:22:51] [Render thread/DEBUG] (FabricLoader/Mixin) Mixing ClientPlayNetworkHandlerMixin from stafftools.client.mixins.json into net.minecraft.client.network.ClientPlayNetworkHandler
[21:22:51] [Render thread/DEBUG] (FabricLoader/Mixin) Mixing ClientPlayNetworkHandlerMixin from fabric-command-api-v2.client.mixins.json into net.minecraft.client.network.ClientPlayNetworkHandler
[21:22:51] [Render thread/DEBUG] (FabricLoader/Mixin) fabric-command-api-v2.client.mixins.json:ClientPlayNetworkHandlerMixin from mod fabric-command-api-v2: Class version 65 required is higher than the class version supported by the current version of Mixin (JAVA_17 supports class version 61)
[21:22:51] [Render thread/DEBUG] (FabricLoader/Mixin) fabric-message-api-v1.client.mixins.json:ClientPlayNetworkHandlerMixin from mod fabric-message-api-v1->@Inject::fabric_allowSendChatMessage(Ljava/lang/String;Lorg/spongepowered/asm/mixin/injection/callback/CallbackInfo;)V does use it's CallbackInfo
[21:22:51] [Render thread/DEBUG] (FabricLoader/Mixin) fabric-message-api-v1.client.mixins.json:ClientPlayNetworkHandlerMixin from mod fabric-message-api-v1->@Inject::fabric_allowSendCommandMessage(Ljava/lang/String;Lorg/spongepowered/asm/mixin/injection/callback/CallbackInfo;)V does use it's CallbackInfo
[21:22:51] [Render thread/DEBUG] (FabricLoader/Mixin) fabric-networking-api-v1.client.mixins.json:ClientPlayNetworkHandlerMixin from mod fabric-networking-api-v1->@Inject::initAddon(Lorg/spongepowered/asm/mixin/injection/callback/CallbackInfo;)V doesn't use it's CallbackInfo
[21:22:51] [Render thread/DEBUG] (FabricLoader/Mixin) fabric-networking-api-v1.client.mixins.json:ClientPlayNetworkHandlerMixin from mod fabric-networking-api-v1->@Inject::initAddon(Lorg/spongepowered/asm/mixin/injection/callback/CallbackInfo;)V has 0 override(s) in child classes
[21:22:51] [Render thread/DEBUG] (FabricLoader/Mixin) fabric-networking-api-v1.client.mixins.json:ClientPlayNetworkHandlerMixin from mod fabric-networking-api-v1->@Inject::initAddon(Lorg/spongepowered/asm/mixin/injection/callback/CallbackInfo;)V won't be passed a CallbackInfo as a result
[21:22:51] [Render thread/DEBUG] (FabricLoader/Mixin) fabric-networking-api-v1.client.mixins.json:ClientPlayNetworkHandlerMixin from mod fabric-networking-api-v1->@Inject::handleServerPlayReady(Lnet/minecraft/network/packet/s2c/play/GameJoinS2CPacket;Lorg/spongepowered/asm/mixin/injection/callback/CallbackInfo;)V doesn't use it's CallbackInfo
[21:22:51] [Render thread/DEBUG] (FabricLoader/Mixin) fabric-networking-api-v1.client.mixins.json:ClientPlayNetworkHandlerMixin from mod fabric-networking-api-v1->@Inject::handleServerPlayReady(Lnet/minecraft/network/packet/s2c/play/GameJoinS2CPacket;Lorg/spongepowered/asm/mixin/injection/callback/CallbackInfo;)V has 0 override(s) in child classes
[21:22:51] [Render thread/DEBUG] (FabricLoader/Mixin) fabric-networking-api-v1.client.mixins.json:ClientPlayNetworkHandlerMixin from mod fabric-networking-api-v1->@Inject::handleServerPlayReady(Lnet/minecraft/network/packet/s2c/play/GameJoinS2CPacket;Lorg/spongepowered/asm/mixin/injection/callback/CallbackInfo;)V won't be passed a CallbackInfo as a result
[21:22:51] [Render thread/DEBUG] (FabricLoader/Mixin) fabric-lifecycle-events-v1.client.mixins.json:ClientPlayNetworkHandlerMixin from mod fabric-lifecycle-events-v1->@Inject::onPlayerRespawn(Lnet/minecraft/network/packet/s2c/play/PlayerRespawnS2CPacket;Lorg/spongepowered/asm/mixin/injection/callback/CallbackInfo;)V doesn't use it's CallbackInfo
[21:22:51] [Render thread/DEBUG] (FabricLoader/Mixin) fabric-lifecycle-events-v1.client.mixins.json:ClientPlayNetworkHandlerMixin from mod fabric-lifecycle-events-v1->@Inject::onPlayerRespawn(Lnet/minecraft/network/packet/s2c/play/PlayerRespawnS2CPacket;Lorg/spongepowered/asm/mixin/injection/callback/CallbackInfo;)V has 0 override(s) in child classes
[21:22:51] [Render thread/DEBUG] (FabricLoader/Mixin) fabric-lifecycle-events-v1.client.mixins.json:ClientPlayNetworkHandlerMixin from mod fabric-lifecycle-events-v1->@Inject::onPlayerRespawn(Lnet/minecraft/network/packet/s2c/play/PlayerRespawnS2CPacket;Lorg/spongepowered/asm/mixin/injection/callback/CallbackInfo;)V won't be passed a CallbackInfo as a result
[21:22:51] [Render thread/DEBUG] (FabricLoader/Mixin) fabric-lifecycle-events-v1.client.mixins.json:ClientPlayNetworkHandlerMixin from mod fabric-lifecycle-events-v1->@Inject::onGameJoin(Lnet/minecraft/network/packet/s2c/play/GameJoinS2CPacket;Lorg/spongepowered/asm/mixin/injection/callback/CallbackInfo;)V doesn't use it's CallbackInfo
[21:22:51] [Render thread/DEBUG] (FabricLoader/Mixin) fabric-lifecycle-events-v1.client.mixins.json:ClientPlayNetworkHandlerMixin from mod fabric-lifecycle-events-v1->@Inject::onGameJoin(Lnet/minecraft/network/packet/s2c/play/GameJoinS2CPacket;Lorg/spongepowered/asm/mixin/injection/callback/CallbackInfo;)V has 0 override(s) in child classes
[21:22:51] [Render thread/DEBUG] (FabricLoader/Mixin) fabric-lifecycle-events-v1.client.mixins.json:ClientPlayNetworkHandlerMixin from mod fabric-lifecycle-events-v1->@Inject::onGameJoin(Lnet/minecraft/network/packet/s2c/play/GameJoinS2CPacket;Lorg/spongepowered/asm/mixin/injection/callback/CallbackInfo;)V won't be passed a CallbackInfo as a result
[21:22:51] [Render thread/DEBUG] (FabricLoader/Mixin) fabric-lifecycle-events-v1.client.mixins.json:ClientPlayNetworkHandlerMixin from mod fabric-lifecycle-events-v1->@Inject::onClearWorld(Lorg/spongepowered/asm/mixin/injection/callback/CallbackInfo;)V doesn't use it's CallbackInfo
[21:22:51] [Render thread/DEBUG] (FabricLoader/Mixin) fabric-lifecycle-events-v1.client.mixins.json:ClientPlayNetworkHandlerMixin from mod fabric-lifecycle-events-v1->@Inject::onClearWorld(Lorg/spongepowered/asm/mixin/injection/callback/CallbackInfo;)V has 0 override(s) in child classes
[21:22:51] [Render thread/DEBUG] (FabricLoader/Mixin) fabric-lifecycle-events-v1.client.mixins.json:ClientPlayNetworkHandlerMixin from mod fabric-lifecycle-events-v1->@Inject::onClearWorld(Lorg/spongepowered/asm/mixin/injection/callback/CallbackInfo;)V won't be passed a CallbackInfo as a result
[21:22:51] [Render thread/DEBUG] (FabricLoader/Mixin) stafftools.client.mixins.json:ClientPlayNetworkHandlerMixin from mod stafftools->@Inject::stafftools$onCommandSent(Ljava/lang/String;Lorg/spongepowered/asm/mixin/injection/callback/CallbackInfo;)V doesn't use it's CallbackInfo
[21:22:51] [Render thread/DEBUG] (FabricLoader/Mixin) stafftools.client.mixins.json:ClientPlayNetworkHandlerMixin from mod stafftools->@Inject::stafftools$onCommandSent(Ljava/lang/String;Lorg/spongepowered/asm/mixin/injection/callback/CallbackInfo;)V has 0 override(s) in child classes
[21:22:51] [Render thread/DEBUG] (FabricLoader/Mixin) stafftools.client.mixins.json:ClientPlayNetworkHandlerMixin from mod stafftools->@Inject::stafftools$onCommandSent(Ljava/lang/String;Lorg/spongepowered/asm/mixin/injection/callback/CallbackInfo;)V won't be passed a CallbackInfo as a result
[21:22:51] [Render thread/DEBUG] (FabricLoader/Mixin) fabric-command-api-v2.client.mixins.json:ClientPlayNetworkHandlerMixin from mod fabric-command-api-v2->@Inject::onGameJoin(Lnet/minecraft/network/packet/s2c/play/GameJoinS2CPacket;Lorg/spongepowered/asm/mixin/injection/callback/CallbackInfo;)V doesn't use it's CallbackInfo
[21:22:51] [Render thread/DEBUG] (FabricLoader/Mixin) fabric-command-api-v2.client.mixins.json:ClientPlayNetworkHandlerMixin from mod fabric-command-api-v2->@Inject::onGameJoin(Lnet/minecraft/network/packet/s2c/play/GameJoinS2CPacket;Lorg/spongepowered/asm/mixin/injection/callback/CallbackInfo;)V has 0 override(s) in child classes
[21:22:51] [Render thread/DEBUG] (FabricLoader/Mixin) fabric-command-api-v2.client.mixins.json:ClientPlayNetworkHandlerMixin from mod fabric-command-api-v2->@Inject::onGameJoin(Lnet/minecraft/network/packet/s2c/play/GameJoinS2CPacket;Lorg/spongepowered/asm/mixin/injection/callback/CallbackInfo;)V won't be passed a CallbackInfo as a result
[21:22:51] [Render thread/DEBUG] (FabricLoader/Mixin) fabric-command-api-v2.client.mixins.json:ClientPlayNetworkHandlerMixin from mod fabric-command-api-v2->@Inject::onOnCommandTree(Lnet/minecraft/network/packet/s2c/play/CommandTreeS2CPacket;Lorg/spongepowered/asm/mixin/injection/callback/CallbackInfo;)V doesn't use it's CallbackInfo
[21:22:51] [Render thread/DEBUG] (FabricLoader/Mixin) fabric-command-api-v2.client.mixins.json:ClientPlayNetworkHandlerMixin from mod fabric-command-api-v2->@Inject::onOnCommandTree(Lnet/minecraft/network/packet/s2c/play/CommandTreeS2CPacket;Lorg/spongepowered/asm/mixin/injection/callback/CallbackInfo;)V has 0 override(s) in child classes
[21:22:51] [Render thread/DEBUG] (FabricLoader/Mixin) fabric-command-api-v2.client.mixins.json:ClientPlayNetworkHandlerMixin from mod fabric-command-api-v2->@Inject::onOnCommandTree(Lnet/minecraft/network/packet/s2c/play/CommandTreeS2CPacket;Lorg/spongepowered/asm/mixin/injection/callback/CallbackInfo;)V won't be passed a CallbackInfo as a result
[21:22:51] [Render thread/DEBUG] (FabricLoader/Mixin) fabric-command-api-v2.client.mixins.json:ClientPlayNetworkHandlerMixin from mod fabric-command-api-v2->@Inject::onSendCommand(Ljava/lang/String;Lorg/spongepowered/asm/mixin/injection/callback/CallbackInfoReturnable;)V does use it's CallbackInfoReturnable
[21:22:51] [Render thread/DEBUG] (FabricLoader/Mixin) fabric-command-api-v2.client.mixins.json:ClientPlayNetworkHandlerMixin from mod fabric-command-api-v2->@Inject::onSendCommand(Ljava/lang/String;Lorg/spongepowered/asm/mixin/injection/callback/CallbackInfo;)V does use it's CallbackInfo
[21:22:51] [Render thread/DEBUG] (FabricLoader/Mixin) Mixing accessor.ClientCommonNetworkHandlerAccessor from fabric-networking-api-v1.client.mixins.json into net.minecraft.client.network.ClientCommonNetworkHandler
[21:22:51] [Render thread/DEBUG] (FabricLoader/Mixin) fabric-networking-api-v1.client.mixins.json:accessor.ClientCommonNetworkHandlerAccessor from mod fabric-networking-api-v1: Class version 65 required is higher than the class version supported by the current version of Mixin (JAVA_17 supports class version 61)
[21:22:51] [Render thread/DEBUG] (FabricLoader/Mixin) Mixing ClientCommonNetworkHandlerMixin from fabric-networking-api-v1.client.mixins.json into net.minecraft.client.network.ClientCommonNetworkHandler
[21:22:51] [Render thread/DEBUG] (FabricLoader/Mixin) fabric-networking-api-v1.client.mixins.json:ClientCommonNetworkHandlerMixin from mod fabric-networking-api-v1: Class version 65 required is higher than the class version supported by the current version of Mixin (JAVA_17 supports class version 61)
[21:22:51] [Render thread/DEBUG] (FabricLoader/Mixin) fabric-networking-api-v1.client.mixins.json:ClientCommonNetworkHandlerMixin from mod fabric-networking-api-v1->@Inject::onCustomPayload(Lnet/minecraft/network/packet/s2c/common/CustomPayloadS2CPacket;Lorg/spongepowered/asm/mixin/injection/callback/CallbackInfo;)V does use it's CallbackInfo
[21:22:51] [Render thread/DEBUG] (FabricLoader/Mixin) Mixing ClientConfigurationNetworkHandlerMixin from fabric-networking-api-v1.client.mixins.json into net.minecraft.client.network.ClientConfigurationNetworkHandler
[21:22:51] [Render thread/DEBUG] (FabricLoader/Mixin) fabric-networking-api-v1.client.mixins.json:ClientConfigurationNetworkHandlerMixin from mod fabric-networking-api-v1: Class version 65 required is higher than the class version supported by the current version of Mixin (JAVA_17 supports class version 61)
[21:22:51] [Render thread/DEBUG] (FabricLoader/Mixin) Mixing accessor.ClientConfigurationNetworkHandlerAccessor from fabric-networking-api-v1.client.mixins.json into net.minecraft.client.network.ClientConfigurationNetworkHandler
[21:22:51] [Render thread/DEBUG] (FabricLoader/Mixin) fabric-networking-api-v1.client.mixins.json:accessor.ClientConfigurationNetworkHandlerAccessor from mod fabric-networking-api-v1: Class version 65 required is higher than the class version supported by the current version of Mixin (JAVA_17 supports class version 61)
[21:22:51] [Render thread/DEBUG] (FabricLoader/Mixin) fabric-networking-api-v1.client.mixins.json:ClientConfigurationNetworkHandlerMixin from mod fabric-networking-api-v1->@Inject::initAddon(Lorg/spongepowered/asm/mixin/injection/callback/CallbackInfo;)V doesn't use it's CallbackInfo
[21:22:51] [Render thread/DEBUG] (FabricLoader/Mixin) fabric-networking-api-v1.client.mixins.json:ClientConfigurationNetworkHandlerMixin from mod fabric-networking-api-v1->@Inject::initAddon(Lorg/spongepowered/asm/mixin/injection/callback/CallbackInfo;)V has 0 override(s) in child classes
[21:22:51] [Render thread/DEBUG] (FabricLoader/Mixin) fabric-networking-api-v1.client.mixins.json:ClientConfigurationNetworkHandlerMixin from mod fabric-networking-api-v1->@Inject::initAddon(Lorg/spongepowered/asm/mixin/injection/callback/CallbackInfo;)V won't be passed a CallbackInfo as a result
[21:22:51] [Render thread/DEBUG] (FabricLoader/Mixin) fabric-networking-api-v1.client.mixins.json:ClientConfigurationNetworkHandlerMixin from mod fabric-networking-api-v1->@Inject::handleComplete(Lnet/minecraft/network/packet/s2c/config/ReadyS2CPacket;Lorg/spongepowered/asm/mixin/injection/callback/CallbackInfo;)V doesn't use it's CallbackInfo
[21:22:51] [Render thread/DEBUG] (FabricLoader/Mixin) fabric-networking-api-v1.client.mixins.json:ClientConfigurationNetworkHandlerMixin from mod fabric-networking-api-v1->@Inject::handleComplete(Lnet/minecraft/network/packet/s2c/config/ReadyS2CPacket;Lorg/spongepowered/asm/mixin/injection/callback/CallbackInfo;)V has 0 override(s) in child classes
[21:22:51] [Render thread/DEBUG] (FabricLoader/Mixin) fabric-networking-api-v1.client.mixins.json:ClientConfigurationNetworkHandlerMixin from mod fabric-networking-api-v1->@Inject::handleComplete(Lnet/minecraft/network/packet/s2c/config/ReadyS2CPacket;Lorg/spongepowered/asm/mixin/injection/callback/CallbackInfo;)V won't be passed a CallbackInfo as a result
[21:22:51] [Render thread/DEBUG] (FabricLoader/Mixin) Mixing accessor.ClientLoginNetworkHandlerAccessor from fabric-networking-api-v1.client.mixins.json into net.minecraft.client.network.ClientLoginNetworkHandler
[21:22:51] [Render thread/DEBUG] (FabricLoader/Mixin) fabric-networking-api-v1.client.mixins.json:accessor.ClientLoginNetworkHandlerAccessor from mod fabric-networking-api-v1: Class version 65 required is higher than the class version supported by the current version of Mixin (JAVA_17 supports class version 61)
[21:22:51] [Render thread/DEBUG] (FabricLoader/Mixin) Mixing ClientLoginNetworkHandlerMixin from fabric-networking-api-v1.client.mixins.json into net.minecraft.client.network.ClientLoginNetworkHandler
[21:22:51] [Render thread/DEBUG] (FabricLoader/Mixin) fabric-networking-api-v1.client.mixins.json:ClientLoginNetworkHandlerMixin from mod fabric-networking-api-v1: Class version 65 required is higher than the class version supported by the current version of Mixin (JAVA_17 supports class version 61)
[21:22:51] [Render thread/DEBUG] (FabricLoader/Mixin) fabric-networking-api-v1.client.mixins.json:ClientLoginNetworkHandlerMixin from mod fabric-networking-api-v1->@Inject::initAddon(Lorg/spongepowered/asm/mixin/injection/callback/CallbackInfo;)V doesn't use it's CallbackInfo
[21:22:51] [Render thread/DEBUG] (FabricLoader/Mixin) fabric-networking-api-v1.client.mixins.json:ClientLoginNetworkHandlerMixin from mod fabric-networking-api-v1->@Inject::initAddon(Lorg/spongepowered/asm/mixin/injection/callback/CallbackInfo;)V has 0 override(s) in child classes
[21:22:51] [Render thread/DEBUG] (FabricLoader/Mixin) fabric-networking-api-v1.client.mixins.json:ClientLoginNetworkHandlerMixin from mod fabric-networking-api-v1->@Inject::initAddon(Lorg/spongepowered/asm/mixin/injection/callback/CallbackInfo;)V won't be passed a CallbackInfo as a result
[21:22:51] [Render thread/DEBUG] (FabricLoader/Mixin) fabric-networking-api-v1.client.mixins.json:ClientLoginNetworkHandlerMixin from mod fabric-networking-api-v1->@Inject::handleQueryRequest(Lnet/minecraft/network/packet/s2c/login/LoginQueryRequestS2CPacket;Lorg/spongepowered/asm/mixin/injection/callback/CallbackInfo;)V does use it's CallbackInfo
[21:22:51] [Render thread/DEBUG] (FabricLoader/Mixin) Mixing ClientConnectionMixin from fabric-data-attachment-api-v1.mixins.json into net.minecraft.network.ClientConnection
[21:22:51] [Render thread/DEBUG] (FabricLoader/Mixin) fabric-data-attachment-api-v1.mixins.json:ClientConnectionMixin from mod fabric-data-attachment-api-v1: Class version 65 required is higher than the class version supported by the current version of Mixin (JAVA_17 supports class version 61)
[21:22:51] [Render thread/DEBUG] (FabricLoader/Mixin) Mixing ingredient.ClientConnectionMixin from fabric-recipe-api-v1.mixins.json into net.minecraft.network.ClientConnection
[21:22:51] [Render thread/DEBUG] (FabricLoader/Mixin) fabric-recipe-api-v1.mixins.json:ingredient.ClientConnectionMixin from mod fabric-recipe-api-v1: Class version 65 required is higher than the class version supported by the current version of Mixin (JAVA_17 supports class version 61)
[21:22:51] [Render thread/DEBUG] (FabricLoader/Mixin) Mixing ClientConnectionMixin from fabric-networking-api-v1.mixins.json into net.minecraft.network.ClientConnection
[21:22:51] [Render thread/DEBUG] (FabricLoader/Mixin) fabric-networking-api-v1.mixins.json:ClientConnectionMixin from mod fabric-networking-api-v1: Class version 65 required is higher than the class version supported by the current version of Mixin (JAVA_17 supports class version 61)
[21:22:51] [Render thread/DEBUG] (FabricLoader/Mixin) Renaming synthetic method lambda$fabric_getPendingChannelsNames$0(Lnet/minecraft/network/NetworkPhase;)Ljava/util/Collection; to md164862$fabric-networking-api-v1$lambda$fabric_getPendingChannelsNames$0$0 in fabric-networking-api-v1.mixins.json:ClientConnectionMixin from mod fabric-networking-api-v1
[21:22:51] [Render thread/DEBUG] (FabricLoader/Mixin) fabric-networking-api-v1.mixins.json:ClientConnectionMixin from mod fabric-networking-api-v1->@Inject::initAddedFields(Lnet/minecraft/network/NetworkSide;Lorg/spongepowered/asm/mixin/injection/callback/CallbackInfo;)V doesn't use it's CallbackInfo
[21:22:51] [Render thread/DEBUG] (FabricLoader/Mixin) fabric-networking-api-v1.mixins.json:ClientConnectionMixin from mod fabric-networking-api-v1->@Inject::initAddedFields(Lnet/minecraft/network/NetworkSide;Lorg/spongepowered/asm/mixin/injection/callback/CallbackInfo;)V has 0 override(s) in child classes
[21:22:51] [Render thread/DEBUG] (FabricLoader/Mixin) fabric-networking-api-v1.mixins.json:ClientConnectionMixin from mod fabric-networking-api-v1->@Inject::initAddedFields(Lnet/minecraft/network/NetworkSide;Lorg/spongepowered/asm/mixin/injection/callback/CallbackInfo;)V won't be passed a CallbackInfo as a result
[21:22:51] [Render thread/DEBUG] (FabricLoader/Mixin) fabric-networking-api-v1.mixins.json:ClientConnectionMixin from mod fabric-networking-api-v1->@Inject::checkPacket(Lnet/minecraft/network/packet/Packet;Lnet/minecraft/network/PacketCallbacks;ZLorg/spongepowered/asm/mixin/injection/callback/CallbackInfo;)V doesn't use it's CallbackInfo
[21:22:51] [Render thread/DEBUG] (FabricLoader/Mixin) fabric-networking-api-v1.mixins.json:ClientConnectionMixin from mod fabric-networking-api-v1->@Inject::checkPacket(Lnet/minecraft/network/packet/Packet;Lnet/minecraft/network/PacketCallbacks;ZLorg/spongepowered/asm/mixin/injection/callback/CallbackInfo;)V has 0 override(s) in child classes
[21:22:51] [Render thread/DEBUG] (FabricLoader/Mixin) fabric-networking-api-v1.mixins.json:ClientConnectionMixin from mod fabric-networking-api-v1->@Inject::checkPacket(Lnet/minecraft/network/packet/Packet;Lnet/minecraft/network/PacketCallbacks;ZLorg/spongepowered/asm/mixin/injection/callback/CallbackInfo;)V won't be passed a CallbackInfo as a result
[21:22:51] [Render thread/DEBUG] (FabricLoader/Mixin) fabric-networking-api-v1.mixins.json:ClientConnectionMixin from mod fabric-networking-api-v1->@Inject::checkPacket(Lnet/minecraft/network/packet/Packet;Lnet/minecraft/network/PacketCallbacks;ZLorg/spongepowered/asm/mixin/injection/callback/CallbackInfo;)V doesn't use it's CallbackInfo
[21:22:51] [Render thread/DEBUG] (FabricLoader/Mixin) fabric-networking-api-v1.mixins.json:ClientConnectionMixin from mod fabric-networking-api-v1->@Inject::checkPacket(Lnet/minecraft/network/packet/Packet;Lnet/minecraft/network/PacketCallbacks;ZLorg/spongepowered/asm/mixin/injection/callback/CallbackInfo;)V has 0 override(s) in child classes
[21:22:51] [Render thread/DEBUG] (FabricLoader/Mixin) fabric-networking-api-v1.mixins.json:ClientConnectionMixin from mod fabric-networking-api-v1->@Inject::checkPacket(Lnet/minecraft/network/packet/Packet;Lnet/minecraft/network/PacketCallbacks;ZLorg/spongepowered/asm/mixin/injection/callback/CallbackInfo;)V won't be passed a CallbackInfo as a result
[21:22:51] [Render thread/DEBUG] (FabricLoader/Mixin) fabric-networking-api-v1.mixins.json:ClientConnectionMixin from mod fabric-networking-api-v1->@Inject::unwatchAddon(Lnet/minecraft/network/NetworkState;Lnet/minecraft/network/listener/PacketListener;Lorg/spongepowered/asm/mixin/injection/callback/CallbackInfo;)V doesn't use it's CallbackInfo
[21:22:51] [Render thread/DEBUG] (FabricLoader/Mixin) fabric-networking-api-v1.mixins.json:ClientConnectionMixin from mod fabric-networking-api-v1->@Inject::unwatchAddon(Lnet/minecraft/network/NetworkState;Lnet/minecraft/network/listener/PacketListener;Lorg/spongepowered/asm/mixin/injection/callback/CallbackInfo;)V has 0 override(s) in child classes
[21:22:51] [Render thread/DEBUG] (FabricLoader/Mixin) fabric-networking-api-v1.mixins.json:ClientConnectionMixin from mod fabric-networking-api-v1->@Inject::unwatchAddon(Lnet/minecraft/network/NetworkState;Lnet/minecraft/network/listener/PacketListener;Lorg/spongepowered/asm/mixin/injection/callback/CallbackInfo;)V won't be passed a CallbackInfo as a result
[21:22:51] [Render thread/DEBUG] (FabricLoader/Mixin) fabric-networking-api-v1.mixins.json:ClientConnectionMixin from mod fabric-networking-api-v1->@Inject::disconnectAddon(Lio/netty/channel/ChannelHandlerContext;Lorg/spongepowered/asm/mixin/injection/callback/CallbackInfo;)V doesn't use it's CallbackInfo
[21:22:51] [Render thread/DEBUG] (FabricLoader/Mixin) fabric-networking-api-v1.mixins.json:ClientConnectionMixin from mod fabric-networking-api-v1->@Inject::disconnectAddon(Lio/netty/channel/ChannelHandlerContext;Lorg/spongepowered/asm/mixin/injection/callback/CallbackInfo;)V has 0 override(s) in child classes
[21:22:51] [Render thread/DEBUG] (FabricLoader/Mixin) fabric-networking-api-v1.mixins.json:ClientConnectionMixin from mod fabric-networking-api-v1->@Inject::disconnectAddon(Lio/netty/channel/ChannelHandlerContext;Lorg/spongepowered/asm/mixin/injection/callback/CallbackInfo;)V won't be passed a CallbackInfo as a result
[21:22:51] [Render thread/DEBUG] (FabricLoader/Mixin) fabric-networking-api-v1.mixins.json:ClientConnectionMixin from mod fabric-networking-api-v1->@Inject::disconnectAddon(Lorg/spongepowered/asm/mixin/injection/callback/CallbackInfo;)V doesn't use it's CallbackInfo
[21:22:51] [Render thread/DEBUG] (FabricLoader/Mixin) fabric-networking-api-v1.mixins.json:ClientConnectionMixin from mod fabric-networking-api-v1->@Inject::disconnectAddon(Lorg/spongepowered/asm/mixin/injection/callback/CallbackInfo;)V has 0 override(s) in child classes
[21:22:51] [Render thread/DEBUG] (FabricLoader/Mixin) fabric-networking-api-v1.mixins.json:ClientConnectionMixin from mod fabric-networking-api-v1->@Inject::disconnectAddon(Lorg/spongepowered/asm/mixin/injection/callback/CallbackInfo;)V won't be passed a CallbackInfo as a result
[21:22:51] [Render thread/DEBUG] (FabricLoader/Mixin) Mixing GameOptionsMixin from fabric-key-binding-api-v1.mixins.json into net.minecraft.client.option.GameOptions
[21:22:51] [Render thread/DEBUG] (FabricLoader/Mixin) fabric-key-binding-api-v1.mixins.json:GameOptionsMixin from mod fabric-key-binding-api-v1: Class version 65 required is higher than the class version supported by the current version of Mixin (JAVA_17 supports class version 61)
[21:22:51] [Render thread/DEBUG] (FabricLoader/Mixin) Mixing GameOptionsMixin from fabric-resource-loader-v0.client.mixins.json into net.minecraft.client.option.GameOptions
[21:22:51] [Render thread/DEBUG] (FabricLoader/Mixin) fabric-resource-loader-v0.client.mixins.json:GameOptionsMixin from mod fabric-resource-loader-v0: Class version 65 required is higher than the class version supported by the current version of Mixin (JAVA_17 supports class version 61)
[21:22:51] [Render thread/DEBUG] (FabricLoader/Mixin) fabric-key-binding-api-v1.mixins.json:GameOptionsMixin from mod fabric-key-binding-api-v1->@Inject::loadHook(Lorg/spongepowered/asm/mixin/injection/callback/CallbackInfo;)V doesn't use it's CallbackInfo
[21:22:51] [Render thread/DEBUG] (FabricLoader/Mixin) fabric-key-binding-api-v1.mixins.json:GameOptionsMixin from mod fabric-key-binding-api-v1->@Inject::loadHook(Lorg/spongepowered/asm/mixin/injection/callback/CallbackInfo;)V has 0 override(s) in child classes
[21:22:51] [Render thread/DEBUG] (FabricLoader/Mixin) fabric-key-binding-api-v1.mixins.json:GameOptionsMixin from mod fabric-key-binding-api-v1->@Inject::loadHook(Lorg/spongepowered/asm/mixin/injection/callback/CallbackInfo;)V won't be passed a CallbackInfo as a result
[21:22:51] [Render thread/DEBUG] (FabricLoader/Mixin) fabric-resource-loader-v0.client.mixins.json:GameOptionsMixin from mod fabric-resource-loader-v0->@Inject::onLoad(Lorg/spongepowered/asm/mixin/injection/callback/CallbackInfo;)V doesn't use it's CallbackInfo
[21:22:51] [Render thread/DEBUG] (FabricLoader/Mixin) fabric-resource-loader-v0.client.mixins.json:GameOptionsMixin from mod fabric-resource-loader-v0->@Inject::onLoad(Lorg/spongepowered/asm/mixin/injection/callback/CallbackInfo;)V has 0 override(s) in child classes
[21:22:51] [Render thread/DEBUG] (FabricLoader/Mixin) fabric-resource-loader-v0.client.mixins.json:GameOptionsMixin from mod fabric-resource-loader-v0->@Inject::onLoad(Lorg/spongepowered/asm/mixin/injection/callback/CallbackInfo;)V won't be passed a CallbackInfo as a result
[21:22:51] [Render thread/DEBUG] (FabricLoader/Mixin) fabric-resource-loader-v0.client.mixins.json:GameOptionsMixin from mod fabric-resource-loader-v0->@Inject::onLoad(Lorg/spongepowered/asm/mixin/injection/callback/CallbackInfo;)V doesn't use it's CallbackInfo
[21:22:51] [Render thread/DEBUG] (FabricLoader/Mixin) fabric-resource-loader-v0.client.mixins.json:GameOptionsMixin from mod fabric-resource-loader-v0->@Inject::onLoad(Lorg/spongepowered/asm/mixin/injection/callback/CallbackInfo;)V has 0 override(s) in child classes
[21:22:51] [Render thread/DEBUG] (FabricLoader/Mixin) fabric-resource-loader-v0.client.mixins.json:GameOptionsMixin from mod fabric-resource-loader-v0->@Inject::onLoad(Lorg/spongepowered/asm/mixin/injection/callback/CallbackInfo;)V won't be passed a CallbackInfo as a result
[21:22:51] [Render thread/DEBUG] (FabricLoader/Mixin) Mixing ChatHudMixin from stafftools.client.mixins.json into net.minecraft.client.gui.hud.ChatHud
[21:22:51] [Render thread/DEBUG] (FabricLoader/Mixin) stafftools.client.mixins.json:ChatHudMixin from mod stafftools->@Inject::stafftools$captureMessage(Lnet/minecraft/text/Text;Lnet/minecraft/network/message/MessageSignatureData;Lnet/minecraft/client/gui/hud/MessageIndicator;Lorg/spongepowered/asm/mixin/injection/callback/CallbackInfo;)V doesn't use it's CallbackInfo
[21:22:51] [Render thread/DEBUG] (FabricLoader/Mixin) stafftools.client.mixins.json:ChatHudMixin from mod stafftools->@Inject::stafftools$captureMessage(Lnet/minecraft/text/Text;Lnet/minecraft/network/message/MessageSignatureData;Lnet/minecraft/client/gui/hud/MessageIndicator;Lorg/spongepowered/asm/mixin/injection/callback/CallbackInfo;)V has 0 override(s) in child classes
[21:22:51] [Render thread/DEBUG] (FabricLoader/Mixin) stafftools.client.mixins.json:ChatHudMixin from mod stafftools->@Inject::stafftools$captureMessage(Lnet/minecraft/text/Text;Lnet/minecraft/network/message/MessageSignatureData;Lnet/minecraft/client/gui/hud/MessageIndicator;Lorg/spongepowered/asm/mixin/injection/callback/CallbackInfo;)V won't be passed a CallbackInfo as a result
[21:22:51] [Render thread/DEBUG] (FabricLoader/Mixin) Mixing ResourcePackProfileMixin from fabric-resource-conditions-api-v1.mixins.json into net.minecraft.resource.ResourcePackProfile
[21:22:51] [Render thread/DEBUG] (FabricLoader/Mixin) fabric-resource-conditions-api-v1.mixins.json:ResourcePackProfileMixin from mod fabric-resource-conditions-api-v1: Class version 65 required is higher than the class version supported by the current version of Mixin (JAVA_17 supports class version 61)
[21:22:51] [Render thread/DEBUG] (FabricLoader/Mixin) Mixing ResourcePackProfileMixin from fabric-resource-loader-v0.mixins.json into net.minecraft.resource.ResourcePackProfile
[21:22:51] [Render thread/DEBUG] (FabricLoader/Mixin) fabric-resource-loader-v0.mixins.json:ResourcePackProfileMixin from mod fabric-resource-loader-v0: Class version 65 required is higher than the class version supported by the current version of Mixin (JAVA_17 supports class version 61)
[21:22:51] [Render thread/DEBUG] (FabricLoader/Mixin) Renaming synthetic method lambda$static$0(Ljava/util/Set;)Z to md164862$fabric-resource-loader-v0$lambda$static$0$0 in fabric-resource-loader-v0.mixins.json:ResourcePackProfileMixin from mod fabric-resource-loader-v0
[21:22:51] [Render thread/DEBUG] (FabricLoader/Mixin) fabric-resource-loader-v0.mixins.json:ResourcePackProfileMixin from mod fabric-resource-loader-v0->@Inject::onCreateResourcePack(Lorg/spongepowered/asm/mixin/injection/callback/CallbackInfoReturnable;)V does use it's CallbackInfoReturnable
[21:22:51] [Render thread/INFO] (net.minecraft.client.MinecraftClient) Backend library: LWJGL version 3.3.3-snapshot
[21:22:51] [Download-1/DEBUG] (com.mojang.authlib.yggdrasil.YggdrasilMinecraftSessionService) Couldn't fetch profile properties for 365faa2a-981e-3ca7-bdac-725f58fc8c84 as the profile does not exist
[21:22:51] [Render thread/DEBUG] (FabricLoader/Mixin) Mixing MouseMixin from fabric-screen-api-v1.mixins.json into net.minecraft.client.Mouse
[21:22:51] [Render thread/DEBUG] (FabricLoader/Mixin) fabric-screen-api-v1.mixins.json:MouseMixin from mod fabric-screen-api-v1: Class version 65 required is higher than the class version supported by the current version of Mixin (JAVA_17 supports class version 61)
[21:22:52] [IAS/DEBUG] (IAS) IAS: Completed remote disabling check. Not disabled.
[21:22:52] [Render thread/DEBUG] (FabricLoader/Mixin) fabric-screen-api-v1.mixins.json:MouseMixin from mod fabric-screen-api-v1->@Inject::beforeMouseClickedEvent([ZLnet/minecraft/client/gui/screen/Screen;DDILorg/spongepowered/asm/mixin/injection/callback/CallbackInfo;)V does use it's CallbackInfo
[21:22:52] [Render thread/DEBUG] (FabricLoader/Mixin) fabric-screen-api-v1.mixins.json:MouseMixin from mod fabric-screen-api-v1->@Inject::afterMouseClickedEvent([ZLnet/minecraft/client/gui/screen/Screen;DDILorg/spongepowered/asm/mixin/injection/callback/CallbackInfo;)V doesn't use it's CallbackInfo
[21:22:52] [Render thread/DEBUG] (FabricLoader/Mixin) fabric-screen-api-v1.mixins.json:MouseMixin from mod fabric-screen-api-v1->@Inject::beforeMouseReleasedEvent([ZLnet/minecraft/client/gui/screen/Screen;DDILorg/spongepowered/asm/mixin/injection/callback/CallbackInfo;)V does use it's CallbackInfo
[21:22:52] [Render thread/DEBUG] (FabricLoader/Mixin) fabric-screen-api-v1.mixins.json:MouseMixin from mod fabric-screen-api-v1->@Inject::afterMouseReleasedEvent([ZLnet/minecraft/client/gui/screen/Screen;DDILorg/spongepowered/asm/mixin/injection/callback/CallbackInfo;)V doesn't use it's CallbackInfo
[21:22:52] [Render thread/DEBUG] (FabricLoader/Mixin) fabric-screen-api-v1.mixins.json:MouseMixin from mod fabric-screen-api-v1->@Inject::beforeMouseScrollEvent(JDDLorg/spongepowered/asm/mixin/injection/callback/CallbackInfo;ZDDDDD)V does use it's CallbackInfo
[21:22:52] [Render thread/DEBUG] (FabricLoader/Mixin) fabric-screen-api-v1.mixins.json:MouseMixin from mod fabric-screen-api-v1->@Inject::afterMouseScrollEvent(JDDLorg/spongepowered/asm/mixin/injection/callback/CallbackInfo;ZDDDDD)V doesn't use it's CallbackInfo
[21:22:52] [Render thread/DEBUG] (FabricLoader/Mixin) fabric-screen-api-v1.mixins.json:MouseMixin from mod fabric-screen-api-v1->@Inject::afterMouseScrollEvent(JDDLorg/spongepowered/asm/mixin/injection/callback/CallbackInfo;ZDDDDD)V has 0 override(s) in child classes
[21:22:52] [Render thread/DEBUG] (FabricLoader/Mixin) fabric-screen-api-v1.mixins.json:MouseMixin from mod fabric-screen-api-v1->@Inject::afterMouseScrollEvent(JDDLorg/spongepowered/asm/mixin/injection/callback/CallbackInfo;ZDDDDD)V won't be passed a CallbackInfo as a result
[21:22:52] [Render thread/DEBUG] (FabricLoader/Mixin) Mixing KeyboardMixin from fabric-screen-api-v1.mixins.json into net.minecraft.client.Keyboard
[21:22:52] [Render thread/DEBUG] (FabricLoader/Mixin) fabric-screen-api-v1.mixins.json:KeyboardMixin from mod fabric-screen-api-v1: Class version 65 required is higher than the class version supported by the current version of Mixin (JAVA_17 supports class version 61)
[21:22:52] [Render thread/DEBUG] (FabricLoader/Mixin) fabric-screen-api-v1.mixins.json:KeyboardMixin from mod fabric-screen-api-v1->@Inject::beforeKeyPressedEvent(ILnet/minecraft/client/gui/screen/Screen;[ZIIILorg/spongepowered/asm/mixin/injection/callback/CallbackInfo;)V does use it's CallbackInfo
[21:22:52] [Render thread/DEBUG] (FabricLoader/Mixin) fabric-screen-api-v1.mixins.json:KeyboardMixin from mod fabric-screen-api-v1->@Inject::afterKeyPressedEvent(ILnet/minecraft/client/gui/screen/Screen;[ZIIILorg/spongepowered/asm/mixin/injection/callback/CallbackInfo;)V doesn't use it's CallbackInfo
[21:22:52] [Render thread/DEBUG] (FabricLoader/Mixin) fabric-screen-api-v1.mixins.json:KeyboardMixin from mod fabric-screen-api-v1->@Inject::beforeKeyReleasedEvent(ILnet/minecraft/client/gui/screen/Screen;[ZIIILorg/spongepowered/asm/mixin/injection/callback/CallbackInfo;)V does use it's CallbackInfo
[21:22:52] [Render thread/DEBUG] (FabricLoader/Mixin) fabric-screen-api-v1.mixins.json:KeyboardMixin from mod fabric-screen-api-v1->@Inject::afterKeyReleasedEvent(ILnet/minecraft/client/gui/screen/Screen;[ZIIILorg/spongepowered/asm/mixin/injection/callback/CallbackInfo;)V doesn't use it's CallbackInfo
[21:22:52] [Render thread/DEBUG] (FabricLoader/Mixin) Mixing LifecycledResourceManagerImplMixin from fabric-resource-loader-v0.mixins.json into net.minecraft.resource.LifecycledResourceManagerImpl
[21:22:52] [Render thread/DEBUG] (FabricLoader/Mixin) fabric-resource-loader-v0.mixins.json:LifecycledResourceManagerImplMixin from mod fabric-resource-loader-v0: Class version 65 required is higher than the class version supported by the current version of Mixin (JAVA_17 supports class version 61)
[21:22:52] [Render thread/DEBUG] (FabricLoader/Mixin) fabric-resource-loader-v0.mixins.json:LifecycledResourceManagerImplMixin from mod fabric-resource-loader-v0->@Inject::init(Lnet/minecraft/resource/ResourceType;Ljava/util/List;Lorg/spongepowered/asm/mixin/injection/callback/CallbackInfo;)V doesn't use it's CallbackInfo
[21:22:52] [Render thread/DEBUG] (FabricLoader/Mixin) fabric-resource-loader-v0.mixins.json:LifecycledResourceManagerImplMixin from mod fabric-resource-loader-v0->@Inject::init(Lnet/minecraft/resource/ResourceType;Ljava/util/List;Lorg/spongepowered/asm/mixin/injection/callback/CallbackInfo;)V has 0 override(s) in child classes
[21:22:52] [Render thread/DEBUG] (FabricLoader/Mixin) fabric-resource-loader-v0.mixins.json:LifecycledResourceManagerImplMixin from mod fabric-resource-loader-v0->@Inject::init(Lnet/minecraft/resource/ResourceType;Ljava/util/List;Lorg/spongepowered/asm/mixin/injection/callback/CallbackInfo;)V won't be passed a CallbackInfo as a result
[21:22:52] [Render thread/DEBUG] (net.fabricmc.fabric.impl.resource.loader.ModResourcePackUtil) [Fabric] Starting internal pack sorting with: [vanilla, fabric, fabric-api, fabric-api-base, fabric-api-lookup-api-v1, fabric-biome-api-v1, fabric-block-api-v1, fabric-block-view-api-v2, fabric-blockrenderlayer-v1, fabric-client-tags-api-v1, fabric-command-api-v1, fabric-command-api-v2, fabric-commands-v0, fabric-content-registries-v0, fabric-convention-tags-v1, fabric-convention-tags-v2, fabric-crash-report-info-v1, fabric-data-attachment-api-v1, fabric-data-generation-api-v1, fabric-dimensions-v1, fabric-entity-events-v1, fabric-events-interaction-v0, fabric-game-rule-api-v1, fabric-gametest-api-v1, fabric-item-api-v1, fabric-item-group-api-v1, fabric-item-group-api-v1_programmer_art, fabric-key-binding-api-v1, fabric-keybindings-v0, fabric-lifecycle-events-v1, fabric-loot-api-v2, fabric-loot-api-v3, fabric-message-api-v1, fabric-model-loading-api-v1, fabric-networking-api-v1, fabric-object-builder-api-v1, fabric-particles-v1, fabric-recipe-api-v1, fabric-registry-sync-v0, fabric-renderer-api-v1, fabric-renderer-indigo, fabric-renderer-registries-v1, fabric-rendering-data-attachment-v1, fabric-rendering-fluids-v1, fabric-rendering-v0, fabric-rendering-v1, fabric-resource-conditions-api-v1, fabric-resource-loader-v0, fabric-screen-api-v1, fabric-screen-handler-api-v1, fabric-sound-api-v1, fabric-tag-api-v1, fabric-transfer-api-v1, fabric-transitive-access-wideners-v1, fabricloader, ias, modmenu, modmenu_high_contrast, modmenu_programmer_art, placeholder-api]
[21:22:52] [Render thread/DEBUG] (net.fabricmc.fabric.impl.resource.loader.ModResourcePackUtil) [Fabric] Removed all internal packs, result: [vanilla, fabric]
[21:22:52] [Render thread/DEBUG] (net.fabricmc.fabric.impl.resource.loader.ModResourcePackUtil) [Fabric] cur @ fabric, auto-enabled fabric-api, currently enabled: [vanilla, fabric, fabric-api]
[21:22:52] [Render thread/DEBUG] (net.fabricmc.fabric.impl.resource.loader.ModResourcePackUtil) [Fabric] cur @ fabric, auto-enabled fabric-api-base, currently enabled: [vanilla, fabric, fabric-api, fabric-api-base]
[21:22:52] [Render thread/DEBUG] (net.fabricmc.fabric.impl.resource.loader.ModResourcePackUtil) [Fabric] cur @ fabric, auto-enabled fabric-api-lookup-api-v1, currently enabled: [vanilla, fabric, fabric-api, fabric-api-base, fabric-api-lookup-api-v1]
[21:22:52] [Render thread/DEBUG] (net.fabricmc.fabric.impl.resource.loader.ModResourcePackUtil) [Fabric] cur @ fabric, auto-enabled fabric-biome-api-v1, currently enabled: [vanilla, fabric, fabric-api, fabric-api-base, fabric-api-lookup-api-v1, fabric-biome-api-v1]
[21:22:52] [Render thread/DEBUG] (net.fabricmc.fabric.impl.resource.loader.ModResourcePackUtil) [Fabric] cur @ fabric, auto-enabled fabric-block-api-v1, currently enabled: [vanilla, fabric, fabric-api, fabric-api-base, fabric-api-lookup-api-v1, fabric-biome-api-v1, fabric-block-api-v1]
[21:22:52] [Render thread/DEBUG] (net.fabricmc.fabric.impl.resource.loader.ModResourcePackUtil) [Fabric] cur @ fabric, auto-enabled fabric-block-view-api-v2, currently enabled: [vanilla, fabric, fabric-api, fabric-api-base, fabric-api-lookup-api-v1, fabric-biome-api-v1, fabric-block-api-v1, fabric-block-view-api-v2]
[21:22:52] [Render thread/DEBUG] (net.fabricmc.fabric.impl.resource.loader.ModResourcePackUtil) [Fabric] cur @ fabric, auto-enabled fabric-blockrenderlayer-v1, currently enabled: [vanilla, fabric, fabric-api, fabric-api-base, fabric-api-lookup-api-v1, fabric-biome-api-v1, fabric-block-api-v1, fabric-block-view-api-v2, fabric-blockrenderlayer-v1]
[21:22:52] [Render thread/DEBUG] (net.fabricmc.fabric.impl.resource.loader.ModResourcePackUtil) [Fabric] cur @ fabric, auto-enabled fabric-client-tags-api-v1, currently enabled: [vanilla, fabric, fabric-api, fabric-api-base, fabric-api-lookup-api-v1, fabric-biome-api-v1, fabric-block-api-v1, fabric-block-view-api-v2, fabric-blockrenderlayer-v1, fabric-client-tags-api-v1]
[21:22:52] [Render thread/DEBUG] (net.fabricmc.fabric.impl.resource.loader.ModResourcePackUtil) [Fabric] cur @ fabric, auto-enabled fabric-command-api-v1, currently enabled: [vanilla, fabric, fabric-api, fabric-api-base, fabric-api-lookup-api-v1, fabric-biome-api-v1, fabric-block-api-v1, fabric-block-view-api-v2, fabric-blockrenderlayer-v1, fabric-client-tags-api-v1, fabric-command-api-v1]
[21:22:52] [Render thread/DEBUG] (net.fabricmc.fabric.impl.resource.loader.ModResourcePackUtil) [Fabric] cur @ fabric, auto-enabled fabric-command-api-v2, currently enabled: [vanilla, fabric, fabric-api, fabric-api-base, fabric-api-lookup-api-v1, fabric-biome-api-v1, fabric-block-api-v1, fabric-block-view-api-v2, fabric-blockrenderlayer-v1, fabric-client-tags-api-v1, fabric-command-api-v1, fabric-command-api-v2]
[21:22:52] [Render thread/DEBUG] (net.fabricmc.fabric.impl.resource.loader.ModResourcePackUtil) [Fabric] cur @ fabric, auto-enabled fabric-commands-v0, currently enabled: [vanilla, fabric, fabric-api, fabric-api-base, fabric-api-lookup-api-v1, fabric-biome-api-v1, fabric-block-api-v1, fabric-block-view-api-v2, fabric-blockrenderlayer-v1, fabric-client-tags-api-v1, fabric-command-api-v1, fabric-command-api-v2, fabric-commands-v0]
[21:22:52] [Render thread/DEBUG] (net.fabricmc.fabric.impl.resource.loader.ModResourcePackUtil) [Fabric] cur @ fabric, auto-enabled fabric-content-registries-v0, currently enabled: [vanilla, fabric, fabric-api, fabric-api-base, fabric-api-lookup-api-v1, fabric-biome-api-v1, fabric-block-api-v1, fabric-block-view-api-v2, fabric-blockrenderlayer-v1, fabric-client-tags-api-v1, fabric-command-api-v1, fabric-command-api-v2, fabric-commands-v0, fabric-content-registries-v0]
[21:22:52] [Render thread/DEBUG] (net.fabricmc.fabric.impl.resource.loader.ModResourcePackUtil) [Fabric] cur @ fabric, auto-enabled fabric-convention-tags-v1, currently enabled: [vanilla, fabric, fabric-api, fabric-api-base, fabric-api-lookup-api-v1, fabric-biome-api-v1, fabric-block-api-v1, fabric-block-view-api-v2, fabric-blockrenderlayer-v1, fabric-client-tags-api-v1, fabric-command-api-v1, fabric-command-api-v2, fabric-commands-v0, fabric-content-registries-v0, fabric-convention-tags-v1]
[21:22:52] [Render thread/DEBUG] (net.fabricmc.fabric.impl.resource.loader.ModResourcePackUtil) [Fabric] cur @ fabric, auto-enabled fabric-convention-tags-v2, currently enabled: [vanilla, fabric, fabric-api, fabric-api-base, fabric-api-lookup-api-v1, fabric-biome-api-v1, fabric-block-api-v1, fabric-block-view-api-v2, fabric-blockrenderlayer-v1, fabric-client-tags-api-v1, fabric-command-api-v1, fabric-command-api-v2, fabric-commands-v0, fabric-content-registries-v0, fabric-convention-tags-v1, fabric-convention-tags-v2]
[21:22:52] [Render thread/DEBUG] (net.fabricmc.fabric.impl.resource.loader.ModResourcePackUtil) [Fabric] cur @ fabric, auto-enabled fabric-crash-report-info-v1, currently enabled: [vanilla, fabric, fabric-api, fabric-api-base, fabric-api-lookup-api-v1, fabric-biome-api-v1, fabric-block-api-v1, fabric-block-view-api-v2, fabric-blockrenderlayer-v1, fabric-client-tags-api-v1, fabric-command-api-v1, fabric-command-api-v2, fabric-commands-v0, fabric-content-registries-v0, fabric-convention-tags-v1, fabric-convention-tags-v2, fabric-crash-report-info-v1]
[21:22:52] [Render thread/DEBUG] (net.fabricmc.fabric.impl.resource.loader.ModResourcePackUtil) [Fabric] cur @ fabric, auto-enabled fabric-data-attachment-api-v1, currently enabled: [vanilla, fabric, fabric-api, fabric-api-base, fabric-api-lookup-api-v1, fabric-biome-api-v1, fabric-block-api-v1, fabric-block-view-api-v2, fabric-blockrenderlayer-v1, fabric-client-tags-api-v1, fabric-command-api-v1, fabric-command-api-v2, fabric-commands-v0, fabric-content-registries-v0, fabric-convention-tags-v1, fabric-convention-tags-v2, fabric-crash-report-info-v1, fabric-data-attachment-api-v1]
[21:22:52] [Render thread/DEBUG] (net.fabricmc.fabric.impl.resource.loader.ModResourcePackUtil) [Fabric] cur @ fabric, auto-enabled fabric-data-generation-api-v1, currently enabled: [vanilla, fabric, fabric-api, fabric-api-base, fabric-api-lookup-api-v1, fabric-biome-api-v1, fabric-block-api-v1, fabric-block-view-api-v2, fabric-blockrenderlayer-v1, fabric-client-tags-api-v1, fabric-command-api-v1, fabric-command-api-v2, fabric-commands-v0, fabric-content-registries-v0, fabric-convention-tags-v1, fabric-convention-tags-v2, fabric-crash-report-info-v1, fabric-data-attachment-api-v1, fabric-data-generation-api-v1]
[21:22:52] [Render thread/DEBUG] (net.fabricmc.fabric.impl.resource.loader.ModResourcePackUtil) [Fabric] cur @ fabric, auto-enabled fabric-dimensions-v1, currently enabled: [vanilla, fabric, fabric-api, fabric-api-base, fabric-api-lookup-api-v1, fabric-biome-api-v1, fabric-block-api-v1, fabric-block-view-api-v2, fabric-blockrenderlayer-v1, fabric-client-tags-api-v1, fabric-command-api-v1, fabric-command-api-v2, fabric-commands-v0, fabric-content-registries-v0, fabric-convention-tags-v1, fabric-convention-tags-v2, fabric-crash-report-info-v1, fabric-data-attachment-api-v1, fabric-data-generation-api-v1, fabric-dimensions-v1]
[21:22:52] [Render thread/DEBUG] (net.fabricmc.fabric.impl.resource.loader.ModResourcePackUtil) [Fabric] cur @ fabric, auto-enabled fabric-entity-events-v1, currently enabled: [vanilla, fabric, fabric-api, fabric-api-base, fabric-api-lookup-api-v1, fabric-biome-api-v1, fabric-block-api-v1, fabric-block-view-api-v2, fabric-blockrenderlayer-v1, fabric-client-tags-api-v1, fabric-command-api-v1, fabric-command-api-v2, fabric-commands-v0, fabric-content-registries-v0, fabric-convention-tags-v1, fabric-convention-tags-v2, fabric-crash-report-info-v1, fabric-data-attachment-api-v1, fabric-data-generation-api-v1, fabric-dimensions-v1, fabric-entity-events-v1]
[21:22:52] [Render thread/DEBUG] (net.fabricmc.fabric.impl.resource.loader.ModResourcePackUtil) [Fabric] cur @ fabric, auto-enabled fabric-events-interaction-v0, currently enabled: [vanilla, fabric, fabric-api, fabric-api-base, fabric-api-lookup-api-v1, fabric-biome-api-v1, fabric-block-api-v1, fabric-block-view-api-v2, fabric-blockrenderlayer-v1, fabric-client-tags-api-v1, fabric-command-api-v1, fabric-command-api-v2, fabric-commands-v0, fabric-content-registries-v0, fabric-convention-tags-v1, fabric-convention-tags-v2, fabric-crash-report-info-v1, fabric-data-attachment-api-v1, fabric-data-generation-api-v1, fabric-dimensions-v1, fabric-entity-events-v1, fabric-events-interaction-v0]
[21:22:52] [Render thread/DEBUG] (net.fabricmc.fabric.impl.resource.loader.ModResourcePackUtil) [Fabric] cur @ fabric, auto-enabled fabric-game-rule-api-v1, currently enabled: [vanilla, fabric, fabric-api, fabric-api-base, fabric-api-lookup-api-v1, fabric-biome-api-v1, fabric-block-api-v1, fabric-block-view-api-v2, fabric-blockrenderlayer-v1, fabric-client-tags-api-v1, fabric-command-api-v1, fabric-command-api-v2, fabric-commands-v0, fabric-content-registries-v0, fabric-convention-tags-v1, fabric-convention-tags-v2, fabric-crash-report-info-v1, fabric-data-attachment-api-v1, fabric-data-generation-api-v1, fabric-dimensions-v1, fabric-entity-events-v1, fabric-events-interaction-v0, fabric-game-rule-api-v1]
[21:22:52] [Render thread/DEBUG] (net.fabricmc.fabric.impl.resource.loader.ModResourcePackUtil) [Fabric] cur @ fabric, auto-enabled fabric-gametest-api-v1, currently enabled: [vanilla, fabric, fabric-api, fabric-api-base, fabric-api-lookup-api-v1, fabric-biome-api-v1, fabric-block-api-v1, fabric-block-view-api-v2, fabric-blockrenderlayer-v1, fabric-client-tags-api-v1, fabric-command-api-v1, fabric-command-api-v2, fabric-commands-v0, fabric-content-registries-v0, fabric-convention-tags-v1, fabric-convention-tags-v2, fabric-crash-report-info-v1, fabric-data-attachment-api-v1, fabric-data-generation-api-v1, fabric-dimensions-v1, fabric-entity-events-v1, fabric-events-interaction-v0, fabric-game-rule-api-v1, fabric-gametest-api-v1]
[21:22:52] [Render thread/DEBUG] (net.fabricmc.fabric.impl.resource.loader.ModResourcePackUtil) [Fabric] cur @ fabric, auto-enabled fabric-item-api-v1, currently enabled: [vanilla, fabric, fabric-api, fabric-api-base, fabric-api-lookup-api-v1, fabric-biome-api-v1, fabric-block-api-v1, fabric-block-view-api-v2, fabric-blockrenderlayer-v1, fabric-client-tags-api-v1, fabric-command-api-v1, fabric-command-api-v2, fabric-commands-v0, fabric-content-registries-v0, fabric-convention-tags-v1, fabric-convention-tags-v2, fabric-crash-report-info-v1, fabric-data-attachment-api-v1, fabric-data-generation-api-v1, fabric-dimensions-v1, fabric-entity-events-v1, fabric-events-interaction-v0, fabric-game-rule-api-v1, fabric-gametest-api-v1, fabric-item-api-v1]
[21:22:52] [Render thread/DEBUG] (net.fabricmc.fabric.impl.resource.loader.ModResourcePackUtil) [Fabric] cur @ fabric, auto-enabled fabric-item-group-api-v1, currently enabled: [vanilla, fabric, fabric-api, fabric-api-base, fabric-api-lookup-api-v1, fabric-biome-api-v1, fabric-block-api-v1, fabric-block-view-api-v2, fabric-blockrenderlayer-v1, fabric-client-tags-api-v1, fabric-command-api-v1, fabric-command-api-v2, fabric-commands-v0, fabric-content-registries-v0, fabric-convention-tags-v1, fabric-convention-tags-v2, fabric-crash-report-info-v1, fabric-data-attachment-api-v1, fabric-data-generation-api-v1, fabric-dimensions-v1, fabric-entity-events-v1, fabric-events-interaction-v0, fabric-game-rule-api-v1, fabric-gametest-api-v1, fabric-item-api-v1, fabric-item-group-api-v1]
[21:22:52] [Render thread/DEBUG] (net.fabricmc.fabric.impl.resource.loader.ModResourcePackUtil) [Fabric] cur @ fabric, auto-enabled fabric-key-binding-api-v1, currently enabled: [vanilla, fabric, fabric-api, fabric-api-base, fabric-api-lookup-api-v1, fabric-biome-api-v1, fabric-block-api-v1, fabric-block-view-api-v2, fabric-blockrenderlayer-v1, fabric-client-tags-api-v1, fabric-command-api-v1, fabric-command-api-v2, fabric-commands-v0, fabric-content-registries-v0, fabric-convention-tags-v1, fabric-convention-tags-v2, fabric-crash-report-info-v1, fabric-data-attachment-api-v1, fabric-data-generation-api-v1, fabric-dimensions-v1, fabric-entity-events-v1, fabric-events-interaction-v0, fabric-game-rule-api-v1, fabric-gametest-api-v1, fabric-item-api-v1, fabric-item-group-api-v1, fabric-key-binding-api-v1]
[21:22:52] [Render thread/DEBUG] (net.fabricmc.fabric.impl.resource.loader.ModResourcePackUtil) [Fabric] cur @ fabric, auto-enabled fabric-keybindings-v0, currently enabled: [vanilla, fabric, fabric-api, fabric-api-base, fabric-api-lookup-api-v1, fabric-biome-api-v1, fabric-block-api-v1, fabric-block-view-api-v2, fabric-blockrenderlayer-v1, fabric-client-tags-api-v1, fabric-command-api-v1, fabric-command-api-v2, fabric-commands-v0, fabric-content-registries-v0, fabric-convention-tags-v1, fabric-convention-tags-v2, fabric-crash-report-info-v1, fabric-data-attachment-api-v1, fabric-data-generation-api-v1, fabric-dimensions-v1, fabric-entity-events-v1, fabric-events-interaction-v0, fabric-game-rule-api-v1, fabric-gametest-api-v1, fabric-item-api-v1, fabric-item-group-api-v1, fabric-key-binding-api-v1, fabric-keybindings-v0]
[21:22:52] [Render thread/DEBUG] (net.fabricmc.fabric.impl.resource.loader.ModResourcePackUtil) [Fabric] cur @ fabric, auto-enabled fabric-lifecycle-events-v1, currently enabled: [vanilla, fabric, fabric-api, fabric-api-base, fabric-api-lookup-api-v1, fabric-biome-api-v1, fabric-block-api-v1, fabric-block-view-api-v2, fabric-blockrenderlayer-v1, fabric-client-tags-api-v1, fabric-command-api-v1, fabric-command-api-v2, fabric-commands-v0, fabric-content-registries-v0, fabric-convention-tags-v1, fabric-convention-tags-v2, fabric-crash-report-info-v1, fabric-data-attachment-api-v1, fabric-data-generation-api-v1, fabric-dimensions-v1, fabric-entity-events-v1, fabric-events-interaction-v0, fabric-game-rule-api-v1, fabric-gametest-api-v1, fabric-item-api-v1, fabric-item-group-api-v1, fabric-key-binding-api-v1, fabric-keybindings-v0, fabric-lifecycle-events-v1]
[21:22:52] [Render thread/DEBUG] (net.fabricmc.fabric.impl.resource.loader.ModResourcePackUtil) [Fabric] cur @ fabric, auto-enabled fabric-loot-api-v2, currently enabled: [vanilla, fabric, fabric-api, fabric-api-base, fabric-api-lookup-api-v1, fabric-biome-api-v1, fabric-block-api-v1, fabric-block-view-api-v2, fabric-blockrenderlayer-v1, fabric-client-tags-api-v1, fabric-command-api-v1, fabric-command-api-v2, fabric-commands-v0, fabric-content-registries-v0, fabric-convention-tags-v1, fabric-convention-tags-v2, fabric-crash-report-info-v1, fabric-data-attachment-api-v1, fabric-data-generation-api-v1, fabric-dimensions-v1, fabric-entity-events-v1, fabric-events-interaction-v0, fabric-game-rule-api-v1, fabric-gametest-api-v1, fabric-item-api-v1, fabric-item-group-api-v1, fabric-key-binding-api-v1, fabric-keybindings-v0, fabric-lifecycle-events-v1, fabric-loot-api-v2]
[21:22:52] [Render thread/DEBUG] (net.fabricmc.fabric.impl.resource.loader.ModResourcePackUtil) [Fabric] cur @ fabric, auto-enabled fabric-loot-api-v3, currently enabled: [vanilla, fabric, fabric-api, fabric-api-base, fabric-api-lookup-api-v1, fabric-biome-api-v1, fabric-block-api-v1, fabric-block-view-api-v2, fabric-blockrenderlayer-v1, fabric-client-tags-api-v1, fabric-command-api-v1, fabric-command-api-v2, fabric-commands-v0, fabric-content-registries-v0, fabric-convention-tags-v1, fabric-convention-tags-v2, fabric-crash-report-info-v1, fabric-data-attachment-api-v1, fabric-data-generation-api-v1, fabric-dimensions-v1, fabric-entity-events-v1, fabric-events-interaction-v0, fabric-game-rule-api-v1, fabric-gametest-api-v1, fabric-item-api-v1, fabric-item-group-api-v1, fabric-key-binding-api-v1, fabric-keybindings-v0, fabric-lifecycle-events-v1, fabric-loot-api-v2, fabric-loot-api-v3]
[21:22:52] [Render thread/DEBUG] (net.fabricmc.fabric.impl.resource.loader.ModResourcePackUtil) [Fabric] cur @ fabric, auto-enabled fabric-message-api-v1, currently enabled: [vanilla, fabric, fabric-api, fabric-api-base, fabric-api-lookup-api-v1, fabric-biome-api-v1, fabric-block-api-v1, fabric-block-view-api-v2, fabric-blockrenderlayer-v1, fabric-client-tags-api-v1, fabric-command-api-v1, fabric-command-api-v2, fabric-commands-v0, fabric-content-registries-v0, fabric-convention-tags-v1, fabric-convention-tags-v2, fabric-crash-report-info-v1, fabric-data-attachment-api-v1, fabric-data-generation-api-v1, fabric-dimensions-v1, fabric-entity-events-v1, fabric-events-interaction-v0, fabric-game-rule-api-v1, fabric-gametest-api-v1, fabric-item-api-v1, fabric-item-group-api-v1, fabric-key-binding-api-v1, fabric-keybindings-v0, fabric-lifecycle-events-v1, fabric-loot-api-v2, fabric-loot-api-v3, fabric-message-api-v1]
[21:22:52] [Render thread/DEBUG] (net.fabricmc.fabric.impl.resource.loader.ModResourcePackUtil) [Fabric] cur @ fabric, auto-enabled fabric-model-loading-api-v1, currently enabled: [vanilla, fabric, fabric-api, fabric-api-base, fabric-api-lookup-api-v1, fabric-biome-api-v1, fabric-block-api-v1, fabric-block-view-api-v2, fabric-blockrenderlayer-v1, fabric-client-tags-api-v1, fabric-command-api-v1, fabric-command-api-v2, fabric-commands-v0, fabric-content-registries-v0, fabric-convention-tags-v1, fabric-convention-tags-v2, fabric-crash-report-info-v1, fabric-data-attachment-api-v1, fabric-data-generation-api-v1, fabric-dimensions-v1, fabric-entity-events-v1, fabric-events-interaction-v0, fabric-game-rule-api-v1, fabric-gametest-api-v1, fabric-item-api-v1, fabric-item-group-api-v1, fabric-key-binding-api-v1, fabric-keybindings-v0, fabric-lifecycle-events-v1, fabric-loot-api-v2, fabric-loot-api-v3, fabric-message-api-v1, fabric-model-loading-api-v1]
[21:22:52] [Render thread/DEBUG] (net.fabricmc.fabric.impl.resource.loader.ModResourcePackUtil) [Fabric] cur @ fabric, auto-enabled fabric-networking-api-v1, currently enabled: [vanilla, fabric, fabric-api, fabric-api-base, fabric-api-lookup-api-v1, fabric-biome-api-v1, fabric-block-api-v1, fabric-block-view-api-v2, fabric-blockrenderlayer-v1, fabric-client-tags-api-v1, fabric-command-api-v1, fabric-command-api-v2, fabric-commands-v0, fabric-content-registries-v0, fabric-convention-tags-v1, fabric-convention-tags-v2, fabric-crash-report-info-v1, fabric-data-attachment-api-v1, fabric-data-generation-api-v1, fabric-dimensions-v1, fabric-entity-events-v1, fabric-events-interaction-v0, fabric-game-rule-api-v1, fabric-gametest-api-v1, fabric-item-api-v1, fabric-item-group-api-v1, fabric-key-binding-api-v1, fabric-keybindings-v0, fabric-lifecycle-events-v1, fabric-loot-api-v2, fabric-loot-api-v3, fabric-message-api-v1, fabric-model-loading-api-v1, fabric-networking-api-v1]
[21:22:52] [Render thread/DEBUG] (net.fabricmc.fabric.impl.resource.loader.ModResourcePackUtil) [Fabric] cur @ fabric, auto-enabled fabric-object-builder-api-v1, currently enabled: [vanilla, fabric, fabric-api, fabric-api-base, fabric-api-lookup-api-v1, fabric-biome-api-v1, fabric-block-api-v1, fabric-block-view-api-v2, fabric-blockrenderlayer-v1, fabric-client-tags-api-v1, fabric-command-api-v1, fabric-command-api-v2, fabric-commands-v0, fabric-content-registries-v0, fabric-convention-tags-v1, fabric-convention-tags-v2, fabric-crash-report-info-v1, fabric-data-attachment-api-v1, fabric-data-generation-api-v1, fabric-dimensions-v1, fabric-entity-events-v1, fabric-events-interaction-v0, fabric-game-rule-api-v1, fabric-gametest-api-v1, fabric-item-api-v1, fabric-item-group-api-v1, fabric-key-binding-api-v1, fabric-keybindings-v0, fabric-lifecycle-events-v1, fabric-loot-api-v2, fabric-loot-api-v3, fabric-message-api-v1, fabric-model-loading-api-v1, fabric-networking-api-v1, fabric-object-builder-api-v1]
[21:22:52] [Render thread/DEBUG] (net.fabricmc.fabric.impl.resource.loader.ModResourcePackUtil) [Fabric] cur @ fabric, auto-enabled fabric-particles-v1, currently enabled: [vanilla, fabric, fabric-api, fabric-api-base, fabric-api-lookup-api-v1, fabric-biome-api-v1, fabric-block-api-v1, fabric-block-view-api-v2, fabric-blockrenderlayer-v1, fabric-client-tags-api-v1, fabric-command-api-v1, fabric-command-api-v2, fabric-commands-v0, fabric-content-registries-v0, fabric-convention-tags-v1, fabric-convention-tags-v2, fabric-crash-report-info-v1, fabric-data-attachment-api-v1, fabric-data-generation-api-v1, fabric-dimensions-v1, fabric-entity-events-v1, fabric-events-interaction-v0, fabric-game-rule-api-v1, fabric-gametest-api-v1, fabric-item-api-v1, fabric-item-group-api-v1, fabric-key-binding-api-v1, fabric-keybindings-v0, fabric-lifecycle-events-v1, fabric-loot-api-v2, fabric-loot-api-v3, fabric-message-api-v1, fabric-model-loading-api-v1, fabric-networking-api-v1, fabric-object-builder-api-v1, fabric-particles-v1]
[21:22:52] [Render thread/DEBUG] (net.fabricmc.fabric.impl.resource.loader.ModResourcePackUtil) [Fabric] cur @ fabric, auto-enabled fabric-recipe-api-v1, currently enabled: [vanilla, fabric, fabric-api, fabric-api-base, fabric-api-lookup-api-v1, fabric-biome-api-v1, fabric-block-api-v1, fabric-block-view-api-v2, fabric-blockrenderlayer-v1, fabric-client-tags-api-v1, fabric-command-api-v1, fabric-command-api-v2, fabric-commands-v0, fabric-content-registries-v0, fabric-convention-tags-v1, fabric-convention-tags-v2, fabric-crash-report-info-v1, fabric-data-attachment-api-v1, fabric-data-generation-api-v1, fabric-dimensions-v1, fabric-entity-events-v1, fabric-events-interaction-v0, fabric-game-rule-api-v1, fabric-gametest-api-v1, fabric-item-api-v1, fabric-item-group-api-v1, fabric-key-binding-api-v1, fabric-keybindings-v0, fabric-lifecycle-events-v1, fabric-loot-api-v2, fabric-loot-api-v3, fabric-message-api-v1, fabric-model-loading-api-v1, fabric-networking-api-v1, fabric-object-builder-api-v1, fabric-particles-v1, fabric-recipe-api-v1]
[21:22:52] [Render thread/DEBUG] (net.fabricmc.fabric.impl.resource.loader.ModResourcePackUtil) [Fabric] cur @ fabric, auto-enabled fabric-registry-sync-v0, currently enabled: [vanilla, fabric, fabric-api, fabric-api-base, fabric-api-lookup-api-v1, fabric-biome-api-v1, fabric-block-api-v1, fabric-block-view-api-v2, fabric-blockrenderlayer-v1, fabric-client-tags-api-v1, fabric-command-api-v1, fabric-command-api-v2, fabric-commands-v0, fabric-content-registries-v0, fabric-convention-tags-v1, fabric-convention-tags-v2, fabric-crash-report-info-v1, fabric-data-attachment-api-v1, fabric-data-generation-api-v1, fabric-dimensions-v1, fabric-entity-events-v1, fabric-events-interaction-v0, fabric-game-rule-api-v1, fabric-gametest-api-v1, fabric-item-api-v1, fabric-item-group-api-v1, fabric-key-binding-api-v1, fabric-keybindings-v0, fabric-lifecycle-events-v1, fabric-loot-api-v2, fabric-loot-api-v3, fabric-message-api-v1, fabric-model-loading-api-v1, fabric-networking-api-v1, fabric-object-builder-api-v1, fabric-particles-v1, fabric-recipe-api-v1, fabric-registry-sync-v0]
[21:22:52] [Render thread/DEBUG] (net.fabricmc.fabric.impl.resource.loader.ModResourcePackUtil) [Fabric] cur @ fabric, auto-enabled fabric-renderer-api-v1, currently enabled: [vanilla, fabric, fabric-api, fabric-api-base, fabric-api-lookup-api-v1, fabric-biome-api-v1, fabric-block-api-v1, fabric-block-view-api-v2, fabric-blockrenderlayer-v1, fabric-client-tags-api-v1, fabric-command-api-v1, fabric-command-api-v2, fabric-commands-v0, fabric-content-registries-v0, fabric-convention-tags-v1, fabric-convention-tags-v2, fabric-crash-report-info-v1, fabric-data-attachment-api-v1, fabric-data-generation-api-v1, fabric-dimensions-v1, fabric-entity-events-v1, fabric-events-interaction-v0, fabric-game-rule-api-v1, fabric-gametest-api-v1, fabric-item-api-v1, fabric-item-group-api-v1, fabric-key-binding-api-v1, fabric-keybindings-v0, fabric-lifecycle-events-v1, fabric-loot-api-v2, fabric-loot-api-v3, fabric-message-api-v1, fabric-model-loading-api-v1, fabric-networking-api-v1, fabric-object-builder-api-v1, fabric-particles-v1, fabric-recipe-api-v1, fabric-registry-sync-v0, fabric-renderer-api-v1]
[21:22:52] [Render thread/DEBUG] (net.fabricmc.fabric.impl.resource.loader.ModResourcePackUtil) [Fabric] cur @ fabric, auto-enabled fabric-renderer-indigo, currently enabled: [vanilla, fabric, fabric-api, fabric-api-base, fabric-api-lookup-api-v1, fabric-biome-api-v1, fabric-block-api-v1, fabric-block-view-api-v2, fabric-blockrenderlayer-v1, fabric-client-tags-api-v1, fabric-command-api-v1, fabric-command-api-v2, fabric-commands-v0, fabric-content-registries-v0, fabric-convention-tags-v1, fabric-convention-tags-v2, fabric-crash-report-info-v1, fabric-data-attachment-api-v1, fabric-data-generation-api-v1, fabric-dimensions-v1, fabric-entity-events-v1, fabric-events-interaction-v0, fabric-game-rule-api-v1, fabric-gametest-api-v1, fabric-item-api-v1, fabric-item-group-api-v1, fabric-key-binding-api-v1, fabric-keybindings-v0, fabric-lifecycle-events-v1, fabric-loot-api-v2, fabric-loot-api-v3, fabric-message-api-v1, fabric-model-loading-api-v1, fabric-networking-api-v1, fabric-object-builder-api-v1, fabric-particles-v1, fabric-recipe-api-v1, fabric-registry-sync-v0, fabric-renderer-api-v1, fabric-renderer-indigo]
[21:22:52] [Render thread/DEBUG] (net.fabricmc.fabric.impl.resource.loader.ModResourcePackUtil) [Fabric] cur @ fabric, auto-enabled fabric-renderer-registries-v1, currently enabled: [vanilla, fabric, fabric-api, fabric-api-base, fabric-api-lookup-api-v1, fabric-biome-api-v1, fabric-block-api-v1, fabric-block-view-api-v2, fabric-blockrenderlayer-v1, fabric-client-tags-api-v1, fabric-command-api-v1, fabric-command-api-v2, fabric-commands-v0, fabric-content-registries-v0, fabric-convention-tags-v1, fabric-convention-tags-v2, fabric-crash-report-info-v1, fabric-data-attachment-api-v1, fabric-data-generation-api-v1, fabric-dimensions-v1, fabric-entity-events-v1, fabric-events-interaction-v0, fabric-game-rule-api-v1, fabric-gametest-api-v1, fabric-item-api-v1, fabric-item-group-api-v1, fabric-key-binding-api-v1, fabric-keybindings-v0, fabric-lifecycle-events-v1, fabric-loot-api-v2, fabric-loot-api-v3, fabric-message-api-v1, fabric-model-loading-api-v1, fabric-networking-api-v1, fabric-object-builder-api-v1, fabric-particles-v1, fabric-recipe-api-v1, fabric-registry-sync-v0, fabric-renderer-api-v1, fabric-renderer-indigo, fabric-renderer-registries-v1]
[21:22:52] [Render thread/DEBUG] (net.fabricmc.fabric.impl.resource.loader.ModResourcePackUtil) [Fabric] cur @ fabric, auto-enabled fabric-rendering-data-attachment-v1, currently enabled: [vanilla, fabric, fabric-api, fabric-api-base, fabric-api-lookup-api-v1, fabric-biome-api-v1, fabric-block-api-v1, fabric-block-view-api-v2, fabric-blockrenderlayer-v1, fabric-client-tags-api-v1, fabric-command-api-v1, fabric-command-api-v2, fabric-commands-v0, fabric-content-registries-v0, fabric-convention-tags-v1, fabric-convention-tags-v2, fabric-crash-report-info-v1, fabric-data-attachment-api-v1, fabric-data-generation-api-v1, fabric-dimensions-v1, fabric-entity-events-v1, fabric-events-interaction-v0, fabric-game-rule-api-v1, fabric-gametest-api-v1, fabric-item-api-v1, fabric-item-group-api-v1, fabric-key-binding-api-v1, fabric-keybindings-v0, fabric-lifecycle-events-v1, fabric-loot-api-v2, fabric-loot-api-v3, fabric-message-api-v1, fabric-model-loading-api-v1, fabric-networking-api-v1, fabric-object-builder-api-v1, fabric-particles-v1, fabric-recipe-api-v1, fabric-registry-sync-v0, fabric-renderer-api-v1, fabric-renderer-indigo, fabric-renderer-registries-v1, fabric-rendering-data-attachment-v1]
[21:22:52] [Render thread/DEBUG] (net.fabricmc.fabric.impl.resource.loader.ModResourcePackUtil) [Fabric] cur @ fabric, auto-enabled fabric-rendering-fluids-v1, currently enabled: [vanilla, fabric, fabric-api, fabric-api-base, fabric-api-lookup-api-v1, fabric-biome-api-v1, fabric-block-api-v1, fabric-block-view-api-v2, fabric-blockrenderlayer-v1, fabric-client-tags-api-v1, fabric-command-api-v1, fabric-command-api-v2, fabric-commands-v0, fabric-content-registries-v0, fabric-convention-tags-v1, fabric-convention-tags-v2, fabric-crash-report-info-v1, fabric-data-attachment-api-v1, fabric-data-generation-api-v1, fabric-dimensions-v1, fabric-entity-events-v1, fabric-events-interaction-v0, fabric-game-rule-api-v1, fabric-gametest-api-v1, fabric-item-api-v1, fabric-item-group-api-v1, fabric-key-binding-api-v1, fabric-keybindings-v0, fabric-lifecycle-events-v1, fabric-loot-api-v2, fabric-loot-api-v3, fabric-message-api-v1, fabric-model-loading-api-v1, fabric-networking-api-v1, fabric-object-builder-api-v1, fabric-particles-v1, fabric-recipe-api-v1, fabric-registry-sync-v0, fabric-renderer-api-v1, fabric-renderer-indigo, fabric-renderer-registries-v1, fabric-rendering-data-attachment-v1, fabric-rendering-fluids-v1]
[21:22:52] [Render thread/DEBUG] (net.fabricmc.fabric.impl.resource.loader.ModResourcePackUtil) [Fabric] cur @ fabric, auto-enabled fabric-rendering-v0, currently enabled: [vanilla, fabric, fabric-api, fabric-api-base, fabric-api-lookup-api-v1, fabric-biome-api-v1, fabric-block-api-v1, fabric-block-view-api-v2, fabric-blockrenderlayer-v1, fabric-client-tags-api-v1, fabric-command-api-v1, fabric-command-api-v2, fabric-commands-v0, fabric-content-registries-v0, fabric-convention-tags-v1, fabric-convention-tags-v2, fabric-crash-report-info-v1, fabric-data-attachment-api-v1, fabric-data-generation-api-v1, fabric-dimensions-v1, fabric-entity-events-v1, fabric-events-interaction-v0, fabric-game-rule-api-v1, fabric-gametest-api-v1, fabric-item-api-v1, fabric-item-group-api-v1, fabric-key-binding-api-v1, fabric-keybindings-v0, fabric-lifecycle-events-v1, fabric-loot-api-v2, fabric-loot-api-v3, fabric-message-api-v1, fabric-model-loading-api-v1, fabric-networking-api-v1, fabric-object-builder-api-v1, fabric-particles-v1, fabric-recipe-api-v1, fabric-registry-sync-v0, fabric-renderer-api-v1, fabric-renderer-indigo, fabric-renderer-registries-v1, fabric-rendering-data-attachment-v1, fabric-rendering-fluids-v1, fabric-rendering-v0]
[21:22:52] [Render thread/DEBUG] (net.fabricmc.fabric.impl.resource.loader.ModResourcePackUtil) [Fabric] cur @ fabric, auto-enabled fabric-rendering-v1, currently enabled: [vanilla, fabric, fabric-api, fabric-api-base, fabric-api-lookup-api-v1, fabric-biome-api-v1, fabric-block-api-v1, fabric-block-view-api-v2, fabric-blockrenderlayer-v1, fabric-client-tags-api-v1, fabric-command-api-v1, fabric-command-api-v2, fabric-commands-v0, fabric-content-registries-v0, fabric-convention-tags-v1, fabric-convention-tags-v2, fabric-crash-report-info-v1, fabric-data-attachment-api-v1, fabric-data-generation-api-v1, fabric-dimensions-v1, fabric-entity-events-v1, fabric-events-interaction-v0, fabric-game-rule-api-v1, fabric-gametest-api-v1, fabric-item-api-v1, fabric-item-group-api-v1, fabric-key-binding-api-v1, fabric-keybindings-v0, fabric-lifecycle-events-v1, fabric-loot-api-v2, fabric-loot-api-v3, fabric-message-api-v1, fabric-model-loading-api-v1, fabric-networking-api-v1, fabric-object-builder-api-v1, fabric-particles-v1, fabric-recipe-api-v1, fabric-registry-sync-v0, fabric-renderer-api-v1, fabric-renderer-indigo, fabric-renderer-registries-v1, fabric-rendering-data-attachment-v1, fabric-rendering-fluids-v1, fabric-rendering-v0, fabric-rendering-v1]
[21:22:52] [Render thread/DEBUG] (net.fabricmc.fabric.impl.resource.loader.ModResourcePackUtil) [Fabric] cur @ fabric, auto-enabled fabric-resource-conditions-api-v1, currently enabled: [vanilla, fabric, fabric-api, fabric-api-base, fabric-api-lookup-api-v1, fabric-biome-api-v1, fabric-block-api-v1, fabric-block-view-api-v2, fabric-blockrenderlayer-v1, fabric-client-tags-api-v1, fabric-command-api-v1, fabric-command-api-v2, fabric-commands-v0, fabric-content-registries-v0, fabric-convention-tags-v1, fabric-convention-tags-v2, fabric-crash-report-info-v1, fabric-data-attachment-api-v1, fabric-data-generation-api-v1, fabric-dimensions-v1, fabric-entity-events-v1, fabric-events-interaction-v0, fabric-game-rule-api-v1, fabric-gametest-api-v1, fabric-item-api-v1, fabric-item-group-api-v1, fabric-key-binding-api-v1, fabric-keybindings-v0, fabric-lifecycle-events-v1, fabric-loot-api-v2, fabric-loot-api-v3, fabric-message-api-v1, fabric-model-loading-api-v1, fabric-networking-api-v1, fabric-object-builder-api-v1, fabric-particles-v1, fabric-recipe-api-v1, fabric-registry-sync-v0, fabric-renderer-api-v1, fabric-renderer-indigo, fabric-renderer-registries-v1, fabric-rendering-data-attachment-v1, fabric-rendering-fluids-v1, fabric-rendering-v0, fabric-rendering-v1, fabric-resource-conditions-api-v1]
[21:22:52] [Render thread/DEBUG] (net.fabricmc.fabric.impl.resource.loader.ModResourcePackUtil) [Fabric] cur @ fabric, auto-enabled fabric-resource-loader-v0, currently enabled: [vanilla, fabric, fabric-api, fabric-api-base, fabric-api-lookup-api-v1, fabric-biome-api-v1, fabric-block-api-v1, fabric-block-view-api-v2, fabric-blockrenderlayer-v1, fabric-client-tags-api-v1, fabric-command-api-v1, fabric-command-api-v2, fabric-commands-v0, fabric-content-registries-v0, fabric-convention-tags-v1, fabric-convention-tags-v2, fabric-crash-report-info-v1, fabric-data-attachment-api-v1, fabric-data-generation-api-v1, fabric-dimensions-v1, fabric-entity-events-v1, fabric-events-interaction-v0, fabric-game-rule-api-v1, fabric-gametest-api-v1, fabric-item-api-v1, fabric-item-group-api-v1, fabric-key-binding-api-v1, fabric-keybindings-v0, fabric-lifecycle-events-v1, fabric-loot-api-v2, fabric-loot-api-v3, fabric-message-api-v1, fabric-model-loading-api-v1, fabric-networking-api-v1, fabric-object-builder-api-v1, fabric-particles-v1, fabric-recipe-api-v1, fabric-registry-sync-v0, fabric-renderer-api-v1, fabric-renderer-indigo, fabric-renderer-registries-v1, fabric-rendering-data-attachment-v1, fabric-rendering-fluids-v1, fabric-rendering-v0, fabric-rendering-v1, fabric-resource-conditions-api-v1, fabric-resource-loader-v0]
[21:22:52] [Render thread/DEBUG] (net.fabricmc.fabric.impl.resource.loader.ModResourcePackUtil) [Fabric] cur @ fabric, auto-enabled fabric-screen-api-v1, currently enabled: [vanilla, fabric, fabric-api, fabric-api-base, fabric-api-lookup-api-v1, fabric-biome-api-v1, fabric-block-api-v1, fabric-block-view-api-v2, fabric-blockrenderlayer-v1, fabric-client-tags-api-v1, fabric-command-api-v1, fabric-command-api-v2, fabric-commands-v0, fabric-content-registries-v0, fabric-convention-tags-v1, fabric-convention-tags-v2, fabric-crash-report-info-v1, fabric-data-attachment-api-v1, fabric-data-generation-api-v1, fabric-dimensions-v1, fabric-entity-events-v1, fabric-events-interaction-v0, fabric-game-rule-api-v1, fabric-gametest-api-v1, fabric-item-api-v1, fabric-item-group-api-v1, fabric-key-binding-api-v1, fabric-keybindings-v0, fabric-lifecycle-events-v1, fabric-loot-api-v2, fabric-loot-api-v3, fabric-message-api-v1, fabric-model-loading-api-v1, fabric-networking-api-v1, fabric-object-builder-api-v1, fabric-particles-v1, fabric-recipe-api-v1, fabric-registry-sync-v0, fabric-renderer-api-v1, fabric-renderer-indigo, fabric-renderer-registries-v1, fabric-rendering-data-attachment-v1, fabric-rendering-fluids-v1, fabric-rendering-v0, fabric-rendering-v1, fabric-resource-conditions-api-v1, fabric-resource-loader-v0, fabric-screen-api-v1]
[21:22:52] [Render thread/DEBUG] (net.fabricmc.fabric.impl.resource.loader.ModResourcePackUtil) [Fabric] cur @ fabric, auto-enabled fabric-screen-handler-api-v1, currently enabled: [vanilla, fabric, fabric-api, fabric-api-base, fabric-api-lookup-api-v1, fabric-biome-api-v1, fabric-block-api-v1, fabric-block-view-api-v2, fabric-blockrenderlayer-v1, fabric-client-tags-api-v1, fabric-command-api-v1, fabric-command-api-v2, fabric-commands-v0, fabric-content-registries-v0, fabric-convention-tags-v1, fabric-convention-tags-v2, fabric-crash-report-info-v1, fabric-data-attachment-api-v1, fabric-data-generation-api-v1, fabric-dimensions-v1, fabric-entity-events-v1, fabric-events-interaction-v0, fabric-game-rule-api-v1, fabric-gametest-api-v1, fabric-item-api-v1, fabric-item-group-api-v1, fabric-key-binding-api-v1, fabric-keybindings-v0, fabric-lifecycle-events-v1, fabric-loot-api-v2, fabric-loot-api-v3, fabric-message-api-v1, fabric-model-loading-api-v1, fabric-networking-api-v1, fabric-object-builder-api-v1, fabric-particles-v1, fabric-recipe-api-v1, fabric-registry-sync-v0, fabric-renderer-api-v1, fabric-renderer-indigo, fabric-renderer-registries-v1, fabric-rendering-data-attachment-v1, fabric-rendering-fluids-v1, fabric-rendering-v0, fabric-rendering-v1, fabric-resource-conditions-api-v1, fabric-resource-loader-v0, fabric-screen-api-v1, fabric-screen-handler-api-v1]
[21:22:52] [Render thread/DEBUG] (net.fabricmc.fabric.impl.resource.loader.ModResourcePackUtil) [Fabric] cur @ fabric, auto-enabled fabric-sound-api-v1, currently enabled: [vanilla, fabric, fabric-api, fabric-api-base, fabric-api-lookup-api-v1, fabric-biome-api-v1, fabric-block-api-v1, fabric-block-view-api-v2, fabric-blockrenderlayer-v1, fabric-client-tags-api-v1, fabric-command-api-v1, fabric-command-api-v2, fabric-commands-v0, fabric-content-registries-v0, fabric-convention-tags-v1, fabric-convention-tags-v2, fabric-crash-report-info-v1, fabric-data-attachment-api-v1, fabric-data-generation-api-v1, fabric-dimensions-v1, fabric-entity-events-v1, fabric-events-interaction-v0, fabric-game-rule-api-v1, fabric-gametest-api-v1, fabric-item-api-v1, fabric-item-group-api-v1, fabric-key-binding-api-v1, fabric-keybindings-v0, fabric-lifecycle-events-v1, fabric-loot-api-v2, fabric-loot-api-v3, fabric-message-api-v1, fabric-model-loading-api-v1, fabric-networking-api-v1, fabric-object-builder-api-v1, fabric-particles-v1, fabric-recipe-api-v1, fabric-registry-sync-v0, fabric-renderer-api-v1, fabric-renderer-indigo, fabric-renderer-registries-v1, fabric-rendering-data-attachment-v1, fabric-rendering-fluids-v1, fabric-rendering-v0, fabric-rendering-v1, fabric-resource-conditions-api-v1, fabric-resource-loader-v0, fabric-screen-api-v1, fabric-screen-handler-api-v1, fabric-sound-api-v1]
[21:22:52] [Render thread/DEBUG] (net.fabricmc.fabric.impl.resource.loader.ModResourcePackUtil) [Fabric] cur @ fabric, auto-enabled fabric-tag-api-v1, currently enabled: [vanilla, fabric, fabric-api, fabric-api-base, fabric-api-lookup-api-v1, fabric-biome-api-v1, fabric-block-api-v1, fabric-block-view-api-v2, fabric-blockrenderlayer-v1, fabric-client-tags-api-v1, fabric-command-api-v1, fabric-command-api-v2, fabric-commands-v0, fabric-content-registries-v0, fabric-convention-tags-v1, fabric-convention-tags-v2, fabric-crash-report-info-v1, fabric-data-attachment-api-v1, fabric-data-generation-api-v1, fabric-dimensions-v1, fabric-entity-events-v1, fabric-events-interaction-v0, fabric-game-rule-api-v1, fabric-gametest-api-v1, fabric-item-api-v1, fabric-item-group-api-v1, fabric-key-binding-api-v1, fabric-keybindings-v0, fabric-lifecycle-events-v1, fabric-loot-api-v2, fabric-loot-api-v3, fabric-message-api-v1, fabric-model-loading-api-v1, fabric-networking-api-v1, fabric-object-builder-api-v1, fabric-particles-v1, fabric-recipe-api-v1, fabric-registry-sync-v0, fabric-renderer-api-v1, fabric-renderer-indigo, fabric-renderer-registries-v1, fabric-rendering-data-attachment-v1, fabric-rendering-fluids-v1, fabric-rendering-v0, fabric-rendering-v1, fabric-resource-conditions-api-v1, fabric-resource-loader-v0, fabric-screen-api-v1, fabric-screen-handler-api-v1, fabric-sound-api-v1, fabric-tag-api-v1]
[21:22:52] [Render thread/DEBUG] (net.fabricmc.fabric.impl.resource.loader.ModResourcePackUtil) [Fabric] cur @ fabric, auto-enabled fabric-transfer-api-v1, currently enabled: [vanilla, fabric, fabric-api, fabric-api-base, fabric-api-lookup-api-v1, fabric-biome-api-v1, fabric-block-api-v1, fabric-block-view-api-v2, fabric-blockrenderlayer-v1, fabric-client-tags-api-v1, fabric-command-api-v1, fabric-command-api-v2, fabric-commands-v0, fabric-content-registries-v0, fabric-convention-tags-v1, fabric-convention-tags-v2, fabric-crash-report-info-v1, fabric-data-attachment-api-v1, fabric-data-generation-api-v1, fabric-dimensions-v1, fabric-entity-events-v1, fabric-events-interaction-v0, fabric-game-rule-api-v1, fabric-gametest-api-v1, fabric-item-api-v1, fabric-item-group-api-v1, fabric-key-binding-api-v1, fabric-keybindings-v0, fabric-lifecycle-events-v1, fabric-loot-api-v2, fabric-loot-api-v3, fabric-message-api-v1, fabric-model-loading-api-v1, fabric-networking-api-v1, fabric-object-builder-api-v1, fabric-particles-v1, fabric-recipe-api-v1, fabric-registry-sync-v0, fabric-renderer-api-v1, fabric-renderer-indigo, fabric-renderer-registries-v1, fabric-rendering-data-attachment-v1, fabric-rendering-fluids-v1, fabric-rendering-v0, fabric-rendering-v1, fabric-resource-conditions-api-v1, fabric-resource-loader-v0, fabric-screen-api-v1, fabric-screen-handler-api-v1, fabric-sound-api-v1, fabric-tag-api-v1, fabric-transfer-api-v1]
[21:22:52] [Render thread/DEBUG] (net.fabricmc.fabric.impl.resource.loader.ModResourcePackUtil) [Fabric] cur @ fabric, auto-enabled fabric-transitive-access-wideners-v1, currently enabled: [vanilla, fabric, fabric-api, fabric-api-base, fabric-api-lookup-api-v1, fabric-biome-api-v1, fabric-block-api-v1, fabric-block-view-api-v2, fabric-blockrenderlayer-v1, fabric-client-tags-api-v1, fabric-command-api-v1, fabric-command-api-v2, fabric-commands-v0, fabric-content-registries-v0, fabric-convention-tags-v1, fabric-convention-tags-v2, fabric-crash-report-info-v1, fabric-data-attachment-api-v1, fabric-data-generation-api-v1, fabric-dimensions-v1, fabric-entity-events-v1, fabric-events-interaction-v0, fabric-game-rule-api-v1, fabric-gametest-api-v1, fabric-item-api-v1, fabric-item-group-api-v1, fabric-key-binding-api-v1, fabric-keybindings-v0, fabric-lifecycle-events-v1, fabric-loot-api-v2, fabric-loot-api-v3, fabric-message-api-v1, fabric-model-loading-api-v1, fabric-networking-api-v1, fabric-object-builder-api-v1, fabric-particles-v1, fabric-recipe-api-v1, fabric-registry-sync-v0, fabric-renderer-api-v1, fabric-renderer-indigo, fabric-renderer-registries-v1, fabric-rendering-data-attachment-v1, fabric-rendering-fluids-v1, fabric-rendering-v0, fabric-rendering-v1, fabric-resource-conditions-api-v1, fabric-resource-loader-v0, fabric-screen-api-v1, fabric-screen-handler-api-v1, fabric-sound-api-v1, fabric-tag-api-v1, fabric-transfer-api-v1, fabric-transitive-access-wideners-v1]
[21:22:52] [Render thread/DEBUG] (net.fabricmc.fabric.impl.resource.loader.ModResourcePackUtil) [Fabric] cur @ fabric, auto-enabled fabricloader, currently enabled: [vanilla, fabric, fabric-api, fabric-api-base, fabric-api-lookup-api-v1, fabric-biome-api-v1, fabric-block-api-v1, fabric-block-view-api-v2, fabric-blockrenderlayer-v1, fabric-client-tags-api-v1, fabric-command-api-v1, fabric-command-api-v2, fabric-commands-v0, fabric-content-registries-v0, fabric-convention-tags-v1, fabric-convention-tags-v2, fabric-crash-report-info-v1, fabric-data-attachment-api-v1, fabric-data-generation-api-v1, fabric-dimensions-v1, fabric-entity-events-v1, fabric-events-interaction-v0, fabric-game-rule-api-v1, fabric-gametest-api-v1, fabric-item-api-v1, fabric-item-group-api-v1, fabric-key-binding-api-v1, fabric-keybindings-v0, fabric-lifecycle-events-v1, fabric-loot-api-v2, fabric-loot-api-v3, fabric-message-api-v1, fabric-model-loading-api-v1, fabric-networking-api-v1, fabric-object-builder-api-v1, fabric-particles-v1, fabric-recipe-api-v1, fabric-registry-sync-v0, fabric-renderer-api-v1, fabric-renderer-indigo, fabric-renderer-registries-v1, fabric-rendering-data-attachment-v1, fabric-rendering-fluids-v1, fabric-rendering-v0, fabric-rendering-v1, fabric-resource-conditions-api-v1, fabric-resource-loader-v0, fabric-screen-api-v1, fabric-screen-handler-api-v1, fabric-sound-api-v1, fabric-tag-api-v1, fabric-transfer-api-v1, fabric-transitive-access-wideners-v1, fabricloader]
[21:22:52] [Render thread/DEBUG] (net.fabricmc.fabric.impl.resource.loader.ModResourcePackUtil) [Fabric] cur @ fabric, auto-enabled ias, currently enabled: [vanilla, fabric, fabric-api, fabric-api-base, fabric-api-lookup-api-v1, fabric-biome-api-v1, fabric-block-api-v1, fabric-block-view-api-v2, fabric-blockrenderlayer-v1, fabric-client-tags-api-v1, fabric-command-api-v1, fabric-command-api-v2, fabric-commands-v0, fabric-content-registries-v0, fabric-convention-tags-v1, fabric-convention-tags-v2, fabric-crash-report-info-v1, fabric-data-attachment-api-v1, fabric-data-generation-api-v1, fabric-dimensions-v1, fabric-entity-events-v1, fabric-events-interaction-v0, fabric-game-rule-api-v1, fabric-gametest-api-v1, fabric-item-api-v1, fabric-item-group-api-v1, fabric-key-binding-api-v1, fabric-keybindings-v0, fabric-lifecycle-events-v1, fabric-loot-api-v2, fabric-loot-api-v3, fabric-message-api-v1, fabric-model-loading-api-v1, fabric-networking-api-v1, fabric-object-builder-api-v1, fabric-particles-v1, fabric-recipe-api-v1, fabric-registry-sync-v0, fabric-renderer-api-v1, fabric-renderer-indigo, fabric-renderer-registries-v1, fabric-rendering-data-attachment-v1, fabric-rendering-fluids-v1, fabric-rendering-v0, fabric-rendering-v1, fabric-resource-conditions-api-v1, fabric-resource-loader-v0, fabric-screen-api-v1, fabric-screen-handler-api-v1, fabric-sound-api-v1, fabric-tag-api-v1, fabric-transfer-api-v1, fabric-transitive-access-wideners-v1, fabricloader, ias]
[21:22:52] [Render thread/DEBUG] (net.fabricmc.fabric.impl.resource.loader.ModResourcePackUtil) [Fabric] cur @ fabric, auto-enabled modmenu, currently enabled: [vanilla, fabric, fabric-api, fabric-api-base, fabric-api-lookup-api-v1, fabric-biome-api-v1, fabric-block-api-v1, fabric-block-view-api-v2, fabric-blockrenderlayer-v1, fabric-client-tags-api-v1, fabric-command-api-v1, fabric-command-api-v2, fabric-commands-v0, fabric-content-registries-v0, fabric-convention-tags-v1, fabric-convention-tags-v2, fabric-crash-report-info-v1, fabric-data-attachment-api-v1, fabric-data-generation-api-v1, fabric-dimensions-v1, fabric-entity-events-v1, fabric-events-interaction-v0, fabric-game-rule-api-v1, fabric-gametest-api-v1, fabric-item-api-v1, fabric-item-group-api-v1, fabric-key-binding-api-v1, fabric-keybindings-v0, fabric-lifecycle-events-v1, fabric-loot-api-v2, fabric-loot-api-v3, fabric-message-api-v1, fabric-model-loading-api-v1, fabric-networking-api-v1, fabric-object-builder-api-v1, fabric-particles-v1, fabric-recipe-api-v1, fabric-registry-sync-v0, fabric-renderer-api-v1, fabric-renderer-indigo, fabric-renderer-registries-v1, fabric-rendering-data-attachment-v1, fabric-rendering-fluids-v1, fabric-rendering-v0, fabric-rendering-v1, fabric-resource-conditions-api-v1, fabric-resource-loader-v0, fabric-screen-api-v1, fabric-screen-handler-api-v1, fabric-sound-api-v1, fabric-tag-api-v1, fabric-transfer-api-v1, fabric-transitive-access-wideners-v1, fabricloader, ias, modmenu]
[21:22:52] [Render thread/DEBUG] (net.fabricmc.fabric.impl.resource.loader.ModResourcePackUtil) [Fabric] cur @ fabric, auto-enabled placeholder-api, currently enabled: [vanilla, fabric, fabric-api, fabric-api-base, fabric-api-lookup-api-v1, fabric-biome-api-v1, fabric-block-api-v1, fabric-block-view-api-v2, fabric-blockrenderlayer-v1, fabric-client-tags-api-v1, fabric-command-api-v1, fabric-command-api-v2, fabric-commands-v0, fabric-content-registries-v0, fabric-convention-tags-v1, fabric-convention-tags-v2, fabric-crash-report-info-v1, fabric-data-attachment-api-v1, fabric-data-generation-api-v1, fabric-dimensions-v1, fabric-entity-events-v1, fabric-events-interaction-v0, fabric-game-rule-api-v1, fabric-gametest-api-v1, fabric-item-api-v1, fabric-item-group-api-v1, fabric-key-binding-api-v1, fabric-keybindings-v0, fabric-lifecycle-events-v1, fabric-loot-api-v2, fabric-loot-api-v3, fabric-message-api-v1, fabric-model-loading-api-v1, fabric-networking-api-v1, fabric-object-builder-api-v1, fabric-particles-v1, fabric-recipe-api-v1, fabric-registry-sync-v0, fabric-renderer-api-v1, fabric-renderer-indigo, fabric-renderer-registries-v1, fabric-rendering-data-attachment-v1, fabric-rendering-fluids-v1, fabric-rendering-v0, fabric-rendering-v1, fabric-resource-conditions-api-v1, fabric-resource-loader-v0, fabric-screen-api-v1, fabric-screen-handler-api-v1, fabric-sound-api-v1, fabric-tag-api-v1, fabric-transfer-api-v1, fabric-transitive-access-wideners-v1, fabricloader, ias, modmenu, placeholder-api]
[21:22:52] [Render thread/DEBUG] (net.fabricmc.fabric.impl.resource.loader.ModResourcePackUtil) [Fabric] Final sorting result: [vanilla, fabric, fabric-api, fabric-api-base, fabric-api-lookup-api-v1, fabric-biome-api-v1, fabric-block-api-v1, fabric-block-view-api-v2, fabric-blockrenderlayer-v1, fabric-client-tags-api-v1, fabric-command-api-v1, fabric-command-api-v2, fabric-commands-v0, fabric-content-registries-v0, fabric-convention-tags-v1, fabric-convention-tags-v2, fabric-crash-report-info-v1, fabric-data-attachment-api-v1, fabric-data-generation-api-v1, fabric-dimensions-v1, fabric-entity-events-v1, fabric-events-interaction-v0, fabric-game-rule-api-v1, fabric-gametest-api-v1, fabric-item-api-v1, fabric-item-group-api-v1, fabric-key-binding-api-v1, fabric-keybindings-v0, fabric-lifecycle-events-v1, fabric-loot-api-v2, fabric-loot-api-v3, fabric-message-api-v1, fabric-model-loading-api-v1, fabric-networking-api-v1, fabric-object-builder-api-v1, fabric-particles-v1, fabric-recipe-api-v1, fabric-registry-sync-v0, fabric-renderer-api-v1, fabric-renderer-indigo, fabric-renderer-registries-v1, fabric-rendering-data-attachment-v1, fabric-rendering-fluids-v1, fabric-rendering-v0, fabric-rendering-v1, fabric-resource-conditions-api-v1, fabric-resource-loader-v0, fabric-screen-api-v1, fabric-screen-handler-api-v1, fabric-sound-api-v1, fabric-tag-api-v1, fabric-transfer-api-v1, fabric-transitive-access-wideners-v1, fabricloader, ias, modmenu, placeholder-api]
[21:22:52] [Render thread/DEBUG] (net.fabricmc.fabric.impl.resource.loader.ModResourcePackUtil) [Fabric] Starting internal pack sorting with: [vanilla, fabric, fabric-api, fabric-api-base, fabric-api-lookup-api-v1, fabric-biome-api-v1, fabric-block-api-v1, fabric-block-view-api-v2, fabric-blockrenderlayer-v1, fabric-client-tags-api-v1, fabric-command-api-v1, fabric-command-api-v2, fabric-commands-v0, fabric-content-registries-v0, fabric-convention-tags-v1, fabric-convention-tags-v2, fabric-crash-report-info-v1, fabric-data-attachment-api-v1, fabric-data-generation-api-v1, fabric-dimensions-v1, fabric-entity-events-v1, fabric-events-interaction-v0, fabric-game-rule-api-v1, fabric-gametest-api-v1, fabric-item-api-v1, fabric-item-group-api-v1, fabric-item-group-api-v1_programmer_art, fabric-key-binding-api-v1, fabric-keybindings-v0, fabric-lifecycle-events-v1, fabric-loot-api-v2, fabric-loot-api-v3, fabric-message-api-v1, fabric-model-loading-api-v1, fabric-networking-api-v1, fabric-object-builder-api-v1, fabric-particles-v1, fabric-recipe-api-v1, fabric-registry-sync-v0, fabric-renderer-api-v1, fabric-renderer-indigo, fabric-renderer-registries-v1, fabric-rendering-data-attachment-v1, fabric-rendering-fluids-v1, fabric-rendering-v0, fabric-rendering-v1, fabric-resource-conditions-api-v1, fabric-resource-loader-v0, fabric-screen-api-v1, fabric-screen-handler-api-v1, fabric-sound-api-v1, fabric-tag-api-v1, fabric-transfer-api-v1, fabric-transitive-access-wideners-v1, fabricloader, ias, modmenu, modmenu_high_contrast, modmenu_programmer_art, placeholder-api]
[21:22:52] [Render thread/DEBUG] (net.fabricmc.fabric.impl.resource.loader.ModResourcePackUtil) [Fabric] Removed all internal packs, result: [vanilla, fabric]
[21:22:52] [Render thread/DEBUG] (net.fabricmc.fabric.impl.resource.loader.ModResourcePackUtil) [Fabric] cur @ fabric, auto-enabled fabric-api, currently enabled: [vanilla, fabric, fabric-api]
[21:22:52] [Render thread/DEBUG] (net.fabricmc.fabric.impl.resource.loader.ModResourcePackUtil) [Fabric] cur @ fabric, auto-enabled fabric-api-base, currently enabled: [vanilla, fabric, fabric-api, fabric-api-base]
[21:22:52] [Render thread/DEBUG] (net.fabricmc.fabric.impl.resource.loader.ModResourcePackUtil) [Fabric] cur @ fabric, auto-enabled fabric-api-lookup-api-v1, currently enabled: [vanilla, fabric, fabric-api, fabric-api-base, fabric-api-lookup-api-v1]
[21:22:52] [Render thread/DEBUG] (net.fabricmc.fabric.impl.resource.loader.ModResourcePackUtil) [Fabric] cur @ fabric, auto-enabled fabric-biome-api-v1, currently enabled: [vanilla, fabric, fabric-api, fabric-api-base, fabric-api-lookup-api-v1, fabric-biome-api-v1]
[21:22:52] [Render thread/DEBUG] (net.fabricmc.fabric.impl.resource.loader.ModResourcePackUtil) [Fabric] cur @ fabric, auto-enabled fabric-block-api-v1, currently enabled: [vanilla, fabric, fabric-api, fabric-api-base, fabric-api-lookup-api-v1, fabric-biome-api-v1, fabric-block-api-v1]
[21:22:52] [Render thread/DEBUG] (net.fabricmc.fabric.impl.resource.loader.ModResourcePackUtil) [Fabric] cur @ fabric, auto-enabled fabric-block-view-api-v2, currently enabled: [vanilla, fabric, fabric-api, fabric-api-base, fabric-api-lookup-api-v1, fabric-biome-api-v1, fabric-block-api-v1, fabric-block-view-api-v2]
[21:22:52] [Render thread/DEBUG] (net.fabricmc.fabric.impl.resource.loader.ModResourcePackUtil) [Fabric] cur @ fabric, auto-enabled fabric-blockrenderlayer-v1, currently enabled: [vanilla, fabric, fabric-api, fabric-api-base, fabric-api-lookup-api-v1, fabric-biome-api-v1, fabric-block-api-v1, fabric-block-view-api-v2, fabric-blockrenderlayer-v1]
[21:22:52] [Render thread/DEBUG] (net.fabricmc.fabric.impl.resource.loader.ModResourcePackUtil) [Fabric] cur @ fabric, auto-enabled fabric-client-tags-api-v1, currently enabled: [vanilla, fabric, fabric-api, fabric-api-base, fabric-api-lookup-api-v1, fabric-biome-api-v1, fabric-block-api-v1, fabric-block-view-api-v2, fabric-blockrenderlayer-v1, fabric-client-tags-api-v1]
[21:22:52] [Render thread/DEBUG] (net.fabricmc.fabric.impl.resource.loader.ModResourcePackUtil) [Fabric] cur @ fabric, auto-enabled fabric-command-api-v1, currently enabled: [vanilla, fabric, fabric-api, fabric-api-base, fabric-api-lookup-api-v1, fabric-biome-api-v1, fabric-block-api-v1, fabric-block-view-api-v2, fabric-blockrenderlayer-v1, fabric-client-tags-api-v1, fabric-command-api-v1]
[21:22:52] [Render thread/DEBUG] (net.fabricmc.fabric.impl.resource.loader.ModResourcePackUtil) [Fabric] cur @ fabric, auto-enabled fabric-command-api-v2, currently enabled: [vanilla, fabric, fabric-api, fabric-api-base, fabric-api-lookup-api-v1, fabric-biome-api-v1, fabric-block-api-v1, fabric-block-view-api-v2, fabric-blockrenderlayer-v1, fabric-client-tags-api-v1, fabric-command-api-v1, fabric-command-api-v2]
[21:22:52] [Render thread/DEBUG] (net.fabricmc.fabric.impl.resource.loader.ModResourcePackUtil) [Fabric] cur @ fabric, auto-enabled fabric-commands-v0, currently enabled: [vanilla, fabric, fabric-api, fabric-api-base, fabric-api-lookup-api-v1, fabric-biome-api-v1, fabric-block-api-v1, fabric-block-view-api-v2, fabric-blockrenderlayer-v1, fabric-client-tags-api-v1, fabric-command-api-v1, fabric-command-api-v2, fabric-commands-v0]
[21:22:52] [Render thread/DEBUG] (net.fabricmc.fabric.impl.resource.loader.ModResourcePackUtil) [Fabric] cur @ fabric, auto-enabled fabric-content-registries-v0, currently enabled: [vanilla, fabric, fabric-api, fabric-api-base, fabric-api-lookup-api-v1, fabric-biome-api-v1, fabric-block-api-v1, fabric-block-view-api-v2, fabric-blockrenderlayer-v1, fabric-client-tags-api-v1, fabric-command-api-v1, fabric-command-api-v2, fabric-commands-v0, fabric-content-registries-v0]
[21:22:52] [Render thread/DEBUG] (net.fabricmc.fabric.impl.resource.loader.ModResourcePackUtil) [Fabric] cur @ fabric, auto-enabled fabric-convention-tags-v1, currently enabled: [vanilla, fabric, fabric-api, fabric-api-base, fabric-api-lookup-api-v1, fabric-biome-api-v1, fabric-block-api-v1, fabric-block-view-api-v2, fabric-blockrenderlayer-v1, fabric-client-tags-api-v1, fabric-command-api-v1, fabric-command-api-v2, fabric-commands-v0, fabric-content-registries-v0, fabric-convention-tags-v1]
[21:22:52] [Render thread/DEBUG] (net.fabricmc.fabric.impl.resource.loader.ModResourcePackUtil) [Fabric] cur @ fabric, auto-enabled fabric-convention-tags-v2, currently enabled: [vanilla, fabric, fabric-api, fabric-api-base, fabric-api-lookup-api-v1, fabric-biome-api-v1, fabric-block-api-v1, fabric-block-view-api-v2, fabric-blockrenderlayer-v1, fabric-client-tags-api-v1, fabric-command-api-v1, fabric-command-api-v2, fabric-commands-v0, fabric-content-registries-v0, fabric-convention-tags-v1, fabric-convention-tags-v2]
[21:22:52] [Render thread/DEBUG] (net.fabricmc.fabric.impl.resource.loader.ModResourcePackUtil) [Fabric] cur @ fabric, auto-enabled fabric-crash-report-info-v1, currently enabled: [vanilla, fabric, fabric-api, fabric-api-base, fabric-api-lookup-api-v1, fabric-biome-api-v1, fabric-block-api-v1, fabric-block-view-api-v2, fabric-blockrenderlayer-v1, fabric-client-tags-api-v1, fabric-command-api-v1, fabric-command-api-v2, fabric-commands-v0, fabric-content-registries-v0, fabric-convention-tags-v1, fabric-convention-tags-v2, fabric-crash-report-info-v1]
[21:22:52] [Render thread/DEBUG] (net.fabricmc.fabric.impl.resource.loader.ModResourcePackUtil) [Fabric] cur @ fabric, auto-enabled fabric-data-attachment-api-v1, currently enabled: [vanilla, fabric, fabric-api, fabric-api-base, fabric-api-lookup-api-v1, fabric-biome-api-v1, fabric-block-api-v1, fabric-block-view-api-v2, fabric-blockrenderlayer-v1, fabric-client-tags-api-v1, fabric-command-api-v1, fabric-command-api-v2, fabric-commands-v0, fabric-content-registries-v0, fabric-convention-tags-v1, fabric-convention-tags-v2, fabric-crash-report-info-v1, fabric-data-attachment-api-v1]
[21:22:52] [Render thread/DEBUG] (net.fabricmc.fabric.impl.resource.loader.ModResourcePackUtil) [Fabric] cur @ fabric, auto-enabled fabric-data-generation-api-v1, currently enabled: [vanilla, fabric, fabric-api, fabric-api-base, fabric-api-lookup-api-v1, fabric-biome-api-v1, fabric-block-api-v1, fabric-block-view-api-v2, fabric-blockrenderlayer-v1, fabric-client-tags-api-v1, fabric-command-api-v1, fabric-command-api-v2, fabric-commands-v0, fabric-content-registries-v0, fabric-convention-tags-v1, fabric-convention-tags-v2, fabric-crash-report-info-v1, fabric-data-attachment-api-v1, fabric-data-generation-api-v1]
[21:22:52] [Render thread/DEBUG] (net.fabricmc.fabric.impl.resource.loader.ModResourcePackUtil) [Fabric] cur @ fabric, auto-enabled fabric-dimensions-v1, currently enabled: [vanilla, fabric, fabric-api, fabric-api-base, fabric-api-lookup-api-v1, fabric-biome-api-v1, fabric-block-api-v1, fabric-block-view-api-v2, fabric-blockrenderlayer-v1, fabric-client-tags-api-v1, fabric-command-api-v1, fabric-command-api-v2, fabric-commands-v0, fabric-content-registries-v0, fabric-convention-tags-v1, fabric-convention-tags-v2, fabric-crash-report-info-v1, fabric-data-attachment-api-v1, fabric-data-generation-api-v1, fabric-dimensions-v1]
[21:22:52] [Render thread/DEBUG] (net.fabricmc.fabric.impl.resource.loader.ModResourcePackUtil) [Fabric] cur @ fabric, auto-enabled fabric-entity-events-v1, currently enabled: [vanilla, fabric, fabric-api, fabric-api-base, fabric-api-lookup-api-v1, fabric-biome-api-v1, fabric-block-api-v1, fabric-block-view-api-v2, fabric-blockrenderlayer-v1, fabric-client-tags-api-v1, fabric-command-api-v1, fabric-command-api-v2, fabric-commands-v0, fabric-content-registries-v0, fabric-convention-tags-v1, fabric-convention-tags-v2, fabric-crash-report-info-v1, fabric-data-attachment-api-v1, fabric-data-generation-api-v1, fabric-dimensions-v1, fabric-entity-events-v1]
[21:22:52] [Render thread/DEBUG] (net.fabricmc.fabric.impl.resource.loader.ModResourcePackUtil) [Fabric] cur @ fabric, auto-enabled fabric-events-interaction-v0, currently enabled: [vanilla, fabric, fabric-api, fabric-api-base, fabric-api-lookup-api-v1, fabric-biome-api-v1, fabric-block-api-v1, fabric-block-view-api-v2, fabric-blockrenderlayer-v1, fabric-client-tags-api-v1, fabric-command-api-v1, fabric-command-api-v2, fabric-commands-v0, fabric-content-registries-v0, fabric-convention-tags-v1, fabric-convention-tags-v2, fabric-crash-report-info-v1, fabric-data-attachment-api-v1, fabric-data-generation-api-v1, fabric-dimensions-v1, fabric-entity-events-v1, fabric-events-interaction-v0]
[21:22:52] [Render thread/DEBUG] (net.fabricmc.fabric.impl.resource.loader.ModResourcePackUtil) [Fabric] cur @ fabric, auto-enabled fabric-game-rule-api-v1, currently enabled: [vanilla, fabric, fabric-api, fabric-api-base, fabric-api-lookup-api-v1, fabric-biome-api-v1, fabric-block-api-v1, fabric-block-view-api-v2, fabric-blockrenderlayer-v1, fabric-client-tags-api-v1, fabric-command-api-v1, fabric-command-api-v2, fabric-commands-v0, fabric-content-registries-v0, fabric-convention-tags-v1, fabric-convention-tags-v2, fabric-crash-report-info-v1, fabric-data-attachment-api-v1, fabric-data-generation-api-v1, fabric-dimensions-v1, fabric-entity-events-v1, fabric-events-interaction-v0, fabric-game-rule-api-v1]
[21:22:52] [Render thread/DEBUG] (net.fabricmc.fabric.impl.resource.loader.ModResourcePackUtil) [Fabric] cur @ fabric, auto-enabled fabric-gametest-api-v1, currently enabled: [vanilla, fabric, fabric-api, fabric-api-base, fabric-api-lookup-api-v1, fabric-biome-api-v1, fabric-block-api-v1, fabric-block-view-api-v2, fabric-blockrenderlayer-v1, fabric-client-tags-api-v1, fabric-command-api-v1, fabric-command-api-v2, fabric-commands-v0, fabric-content-registries-v0, fabric-convention-tags-v1, fabric-convention-tags-v2, fabric-crash-report-info-v1, fabric-data-attachment-api-v1, fabric-data-generation-api-v1, fabric-dimensions-v1, fabric-entity-events-v1, fabric-events-interaction-v0, fabric-game-rule-api-v1, fabric-gametest-api-v1]
[21:22:52] [Render thread/DEBUG] (net.fabricmc.fabric.impl.resource.loader.ModResourcePackUtil) [Fabric] cur @ fabric, auto-enabled fabric-item-api-v1, currently enabled: [vanilla, fabric, fabric-api, fabric-api-base, fabric-api-lookup-api-v1, fabric-biome-api-v1, fabric-block-api-v1, fabric-block-view-api-v2, fabric-blockrenderlayer-v1, fabric-client-tags-api-v1, fabric-command-api-v1, fabric-command-api-v2, fabric-commands-v0, fabric-content-registries-v0, fabric-convention-tags-v1, fabric-convention-tags-v2, fabric-crash-report-info-v1, fabric-data-attachment-api-v1, fabric-data-generation-api-v1, fabric-dimensions-v1, fabric-entity-events-v1, fabric-events-interaction-v0, fabric-game-rule-api-v1, fabric-gametest-api-v1, fabric-item-api-v1]
[21:22:52] [Render thread/DEBUG] (net.fabricmc.fabric.impl.resource.loader.ModResourcePackUtil) [Fabric] cur @ fabric, auto-enabled fabric-item-group-api-v1, currently enabled: [vanilla, fabric, fabric-api, fabric-api-base, fabric-api-lookup-api-v1, fabric-biome-api-v1, fabric-block-api-v1, fabric-block-view-api-v2, fabric-blockrenderlayer-v1, fabric-client-tags-api-v1, fabric-command-api-v1, fabric-command-api-v2, fabric-commands-v0, fabric-content-registries-v0, fabric-convention-tags-v1, fabric-convention-tags-v2, fabric-crash-report-info-v1, fabric-data-attachment-api-v1, fabric-data-generation-api-v1, fabric-dimensions-v1, fabric-entity-events-v1, fabric-events-interaction-v0, fabric-game-rule-api-v1, fabric-gametest-api-v1, fabric-item-api-v1, fabric-item-group-api-v1]
[21:22:52] [Render thread/DEBUG] (net.fabricmc.fabric.impl.resource.loader.ModResourcePackUtil) [Fabric] cur @ fabric, auto-enabled fabric-key-binding-api-v1, currently enabled: [vanilla, fabric, fabric-api, fabric-api-base, fabric-api-lookup-api-v1, fabric-biome-api-v1, fabric-block-api-v1, fabric-block-view-api-v2, fabric-blockrenderlayer-v1, fabric-client-tags-api-v1, fabric-command-api-v1, fabric-command-api-v2, fabric-commands-v0, fabric-content-registries-v0, fabric-convention-tags-v1, fabric-convention-tags-v2, fabric-crash-report-info-v1, fabric-data-attachment-api-v1, fabric-data-generation-api-v1, fabric-dimensions-v1, fabric-entity-events-v1, fabric-events-interaction-v0, fabric-game-rule-api-v1, fabric-gametest-api-v1, fabric-item-api-v1, fabric-item-group-api-v1, fabric-key-binding-api-v1]
[21:22:52] [Render thread/DEBUG] (net.fabricmc.fabric.impl.resource.loader.ModResourcePackUtil) [Fabric] cur @ fabric, auto-enabled fabric-keybindings-v0, currently enabled: [vanilla, fabric, fabric-api, fabric-api-base, fabric-api-lookup-api-v1, fabric-biome-api-v1, fabric-block-api-v1, fabric-block-view-api-v2, fabric-blockrenderlayer-v1, fabric-client-tags-api-v1, fabric-command-api-v1, fabric-command-api-v2, fabric-commands-v0, fabric-content-registries-v0, fabric-convention-tags-v1, fabric-convention-tags-v2, fabric-crash-report-info-v1, fabric-data-attachment-api-v1, fabric-data-generation-api-v1, fabric-dimensions-v1, fabric-entity-events-v1, fabric-events-interaction-v0, fabric-game-rule-api-v1, fabric-gametest-api-v1, fabric-item-api-v1, fabric-item-group-api-v1, fabric-key-binding-api-v1, fabric-keybindings-v0]
[21:22:52] [Render thread/DEBUG] (net.fabricmc.fabric.impl.resource.loader.ModResourcePackUtil) [Fabric] cur @ fabric, auto-enabled fabric-lifecycle-events-v1, currently enabled: [vanilla, fabric, fabric-api, fabric-api-base, fabric-api-lookup-api-v1, fabric-biome-api-v1, fabric-block-api-v1, fabric-block-view-api-v2, fabric-blockrenderlayer-v1, fabric-client-tags-api-v1, fabric-command-api-v1, fabric-command-api-v2, fabric-commands-v0, fabric-content-registries-v0, fabric-convention-tags-v1, fabric-convention-tags-v2, fabric-crash-report-info-v1, fabric-data-attachment-api-v1, fabric-data-generation-api-v1, fabric-dimensions-v1, fabric-entity-events-v1, fabric-events-interaction-v0, fabric-game-rule-api-v1, fabric-gametest-api-v1, fabric-item-api-v1, fabric-item-group-api-v1, fabric-key-binding-api-v1, fabric-keybindings-v0, fabric-lifecycle-events-v1]
[21:22:52] [Render thread/DEBUG] (net.fabricmc.fabric.impl.resource.loader.ModResourcePackUtil) [Fabric] cur @ fabric, auto-enabled fabric-loot-api-v2, currently enabled: [vanilla, fabric, fabric-api, fabric-api-base, fabric-api-lookup-api-v1, fabric-biome-api-v1, fabric-block-api-v1, fabric-block-view-api-v2, fabric-blockrenderlayer-v1, fabric-client-tags-api-v1, fabric-command-api-v1, fabric-command-api-v2, fabric-commands-v0, fabric-content-registries-v0, fabric-convention-tags-v1, fabric-convention-tags-v2, fabric-crash-report-info-v1, fabric-data-attachment-api-v1, fabric-data-generation-api-v1, fabric-dimensions-v1, fabric-entity-events-v1, fabric-events-interaction-v0, fabric-game-rule-api-v1, fabric-gametest-api-v1, fabric-item-api-v1, fabric-item-group-api-v1, fabric-key-binding-api-v1, fabric-keybindings-v0, fabric-lifecycle-events-v1, fabric-loot-api-v2]
[21:22:52] [Render thread/DEBUG] (net.fabricmc.fabric.impl.resource.loader.ModResourcePackUtil) [Fabric] cur @ fabric, auto-enabled fabric-loot-api-v3, currently enabled: [vanilla, fabric, fabric-api, fabric-api-base, fabric-api-lookup-api-v1, fabric-biome-api-v1, fabric-block-api-v1, fabric-block-view-api-v2, fabric-blockrenderlayer-v1, fabric-client-tags-api-v1, fabric-command-api-v1, fabric-command-api-v2, fabric-commands-v0, fabric-content-registries-v0, fabric-convention-tags-v1, fabric-convention-tags-v2, fabric-crash-report-info-v1, fabric-data-attachment-api-v1, fabric-data-generation-api-v1, fabric-dimensions-v1, fabric-entity-events-v1, fabric-events-interaction-v0, fabric-game-rule-api-v1, fabric-gametest-api-v1, fabric-item-api-v1, fabric-item-group-api-v1, fabric-key-binding-api-v1, fabric-keybindings-v0, fabric-lifecycle-events-v1, fabric-loot-api-v2, fabric-loot-api-v3]
[21:22:52] [Render thread/DEBUG] (net.fabricmc.fabric.impl.resource.loader.ModResourcePackUtil) [Fabric] cur @ fabric, auto-enabled fabric-message-api-v1, currently enabled: [vanilla, fabric, fabric-api, fabric-api-base, fabric-api-lookup-api-v1, fabric-biome-api-v1, fabric-block-api-v1, fabric-block-view-api-v2, fabric-blockrenderlayer-v1, fabric-client-tags-api-v1, fabric-command-api-v1, fabric-command-api-v2, fabric-commands-v0, fabric-content-registries-v0, fabric-convention-tags-v1, fabric-convention-tags-v2, fabric-crash-report-info-v1, fabric-data-attachment-api-v1, fabric-data-generation-api-v1, fabric-dimensions-v1, fabric-entity-events-v1, fabric-events-interaction-v0, fabric-game-rule-api-v1, fabric-gametest-api-v1, fabric-item-api-v1, fabric-item-group-api-v1, fabric-key-binding-api-v1, fabric-keybindings-v0, fabric-lifecycle-events-v1, fabric-loot-api-v2, fabric-loot-api-v3, fabric-message-api-v1]
[21:22:52] [Render thread/DEBUG] (net.fabricmc.fabric.impl.resource.loader.ModResourcePackUtil) [Fabric] cur @ fabric, auto-enabled fabric-model-loading-api-v1, currently enabled: [vanilla, fabric, fabric-api, fabric-api-base, fabric-api-lookup-api-v1, fabric-biome-api-v1, fabric-block-api-v1, fabric-block-view-api-v2, fabric-blockrenderlayer-v1, fabric-client-tags-api-v1, fabric-command-api-v1, fabric-command-api-v2, fabric-commands-v0, fabric-content-registries-v0, fabric-convention-tags-v1, fabric-convention-tags-v2, fabric-crash-report-info-v1, fabric-data-attachment-api-v1, fabric-data-generation-api-v1, fabric-dimensions-v1, fabric-entity-events-v1, fabric-events-interaction-v0, fabric-game-rule-api-v1, fabric-gametest-api-v1, fabric-item-api-v1, fabric-item-group-api-v1, fabric-key-binding-api-v1, fabric-keybindings-v0, fabric-lifecycle-events-v1, fabric-loot-api-v2, fabric-loot-api-v3, fabric-message-api-v1, fabric-model-loading-api-v1]
[21:22:52] [Render thread/DEBUG] (net.fabricmc.fabric.impl.resource.loader.ModResourcePackUtil) [Fabric] cur @ fabric, auto-enabled fabric-networking-api-v1, currently enabled: [vanilla, fabric, fabric-api, fabric-api-base, fabric-api-lookup-api-v1, fabric-biome-api-v1, fabric-block-api-v1, fabric-block-view-api-v2, fabric-blockrenderlayer-v1, fabric-client-tags-api-v1, fabric-command-api-v1, fabric-command-api-v2, fabric-commands-v0, fabric-content-registries-v0, fabric-convention-tags-v1, fabric-convention-tags-v2, fabric-crash-report-info-v1, fabric-data-attachment-api-v1, fabric-data-generation-api-v1, fabric-dimensions-v1, fabric-entity-events-v1, fabric-events-interaction-v0, fabric-game-rule-api-v1, fabric-gametest-api-v1, fabric-item-api-v1, fabric-item-group-api-v1, fabric-key-binding-api-v1, fabric-keybindings-v0, fabric-lifecycle-events-v1, fabric-loot-api-v2, fabric-loot-api-v3, fabric-message-api-v1, fabric-model-loading-api-v1, fabric-networking-api-v1]
[21:22:52] [Render thread/DEBUG] (net.fabricmc.fabric.impl.resource.loader.ModResourcePackUtil) [Fabric] cur @ fabric, auto-enabled fabric-object-builder-api-v1, currently enabled: [vanilla, fabric, fabric-api, fabric-api-base, fabric-api-lookup-api-v1, fabric-biome-api-v1, fabric-block-api-v1, fabric-block-view-api-v2, fabric-blockrenderlayer-v1, fabric-client-tags-api-v1, fabric-command-api-v1, fabric-command-api-v2, fabric-commands-v0, fabric-content-registries-v0, fabric-convention-tags-v1, fabric-convention-tags-v2, fabric-crash-report-info-v1, fabric-data-attachment-api-v1, fabric-data-generation-api-v1, fabric-dimensions-v1, fabric-entity-events-v1, fabric-events-interaction-v0, fabric-game-rule-api-v1, fabric-gametest-api-v1, fabric-item-api-v1, fabric-item-group-api-v1, fabric-key-binding-api-v1, fabric-keybindings-v0, fabric-lifecycle-events-v1, fabric-loot-api-v2, fabric-loot-api-v3, fabric-message-api-v1, fabric-model-loading-api-v1, fabric-networking-api-v1, fabric-object-builder-api-v1]
[21:22:52] [Render thread/DEBUG] (net.fabricmc.fabric.impl.resource.loader.ModResourcePackUtil) [Fabric] cur @ fabric, auto-enabled fabric-particles-v1, currently enabled: [vanilla, fabric, fabric-api, fabric-api-base, fabric-api-lookup-api-v1, fabric-biome-api-v1, fabric-block-api-v1, fabric-block-view-api-v2, fabric-blockrenderlayer-v1, fabric-client-tags-api-v1, fabric-command-api-v1, fabric-command-api-v2, fabric-commands-v0, fabric-content-registries-v0, fabric-convention-tags-v1, fabric-convention-tags-v2, fabric-crash-report-info-v1, fabric-data-attachment-api-v1, fabric-data-generation-api-v1, fabric-dimensions-v1, fabric-entity-events-v1, fabric-events-interaction-v0, fabric-game-rule-api-v1, fabric-gametest-api-v1, fabric-item-api-v1, fabric-item-group-api-v1, fabric-key-binding-api-v1, fabric-keybindings-v0, fabric-lifecycle-events-v1, fabric-loot-api-v2, fabric-loot-api-v3, fabric-message-api-v1, fabric-model-loading-api-v1, fabric-networking-api-v1, fabric-object-builder-api-v1, fabric-particles-v1]
[21:22:52] [Render thread/DEBUG] (net.fabricmc.fabric.impl.resource.loader.ModResourcePackUtil) [Fabric] cur @ fabric, auto-enabled fabric-recipe-api-v1, currently enabled: [vanilla, fabric, fabric-api, fabric-api-base, fabric-api-lookup-api-v1, fabric-biome-api-v1, fabric-block-api-v1, fabric-block-view-api-v2, fabric-blockrenderlayer-v1, fabric-client-tags-api-v1, fabric-command-api-v1, fabric-command-api-v2, fabric-commands-v0, fabric-content-registries-v0, fabric-convention-tags-v1, fabric-convention-tags-v2, fabric-crash-report-info-v1, fabric-data-attachment-api-v1, fabric-data-generation-api-v1, fabric-dimensions-v1, fabric-entity-events-v1, fabric-events-interaction-v0, fabric-game-rule-api-v1, fabric-gametest-api-v1, fabric-item-api-v1, fabric-item-group-api-v1, fabric-key-binding-api-v1, fabric-keybindings-v0, fabric-lifecycle-events-v1, fabric-loot-api-v2, fabric-loot-api-v3, fabric-message-api-v1, fabric-model-loading-api-v1, fabric-networking-api-v1, fabric-object-builder-api-v1, fabric-particles-v1, fabric-recipe-api-v1]
[21:22:52] [Render thread/DEBUG] (net.fabricmc.fabric.impl.resource.loader.ModResourcePackUtil) [Fabric] cur @ fabric, auto-enabled fabric-registry-sync-v0, currently enabled: [vanilla, fabric, fabric-api, fabric-api-base, fabric-api-lookup-api-v1, fabric-biome-api-v1, fabric-block-api-v1, fabric-block-view-api-v2, fabric-blockrenderlayer-v1, fabric-client-tags-api-v1, fabric-command-api-v1, fabric-command-api-v2, fabric-commands-v0, fabric-content-registries-v0, fabric-convention-tags-v1, fabric-convention-tags-v2, fabric-crash-report-info-v1, fabric-data-attachment-api-v1, fabric-data-generation-api-v1, fabric-dimensions-v1, fabric-entity-events-v1, fabric-events-interaction-v0, fabric-game-rule-api-v1, fabric-gametest-api-v1, fabric-item-api-v1, fabric-item-group-api-v1, fabric-key-binding-api-v1, fabric-keybindings-v0, fabric-lifecycle-events-v1, fabric-loot-api-v2, fabric-loot-api-v3, fabric-message-api-v1, fabric-model-loading-api-v1, fabric-networking-api-v1, fabric-object-builder-api-v1, fabric-particles-v1, fabric-recipe-api-v1, fabric-registry-sync-v0]
[21:22:52] [Render thread/DEBUG] (net.fabricmc.fabric.impl.resource.loader.ModResourcePackUtil) [Fabric] cur @ fabric, auto-enabled fabric-renderer-api-v1, currently enabled: [vanilla, fabric, fabric-api, fabric-api-base, fabric-api-lookup-api-v1, fabric-biome-api-v1, fabric-block-api-v1, fabric-block-view-api-v2, fabric-blockrenderlayer-v1, fabric-client-tags-api-v1, fabric-command-api-v1, fabric-command-api-v2, fabric-commands-v0, fabric-content-registries-v0, fabric-convention-tags-v1, fabric-convention-tags-v2, fabric-crash-report-info-v1, fabric-data-attachment-api-v1, fabric-data-generation-api-v1, fabric-dimensions-v1, fabric-entity-events-v1, fabric-events-interaction-v0, fabric-game-rule-api-v1, fabric-gametest-api-v1, fabric-item-api-v1, fabric-item-group-api-v1, fabric-key-binding-api-v1, fabric-keybindings-v0, fabric-lifecycle-events-v1, fabric-loot-api-v2, fabric-loot-api-v3, fabric-message-api-v1, fabric-model-loading-api-v1, fabric-networking-api-v1, fabric-object-builder-api-v1, fabric-particles-v1, fabric-recipe-api-v1, fabric-registry-sync-v0, fabric-renderer-api-v1]
[21:22:52] [Render thread/DEBUG] (net.fabricmc.fabric.impl.resource.loader.ModResourcePackUtil) [Fabric] cur @ fabric, auto-enabled fabric-renderer-indigo, currently enabled: [vanilla, fabric, fabric-api, fabric-api-base, fabric-api-lookup-api-v1, fabric-biome-api-v1, fabric-block-api-v1, fabric-block-view-api-v2, fabric-blockrenderlayer-v1, fabric-client-tags-api-v1, fabric-command-api-v1, fabric-command-api-v2, fabric-commands-v0, fabric-content-registries-v0, fabric-convention-tags-v1, fabric-convention-tags-v2, fabric-crash-report-info-v1, fabric-data-attachment-api-v1, fabric-data-generation-api-v1, fabric-dimensions-v1, fabric-entity-events-v1, fabric-events-interaction-v0, fabric-game-rule-api-v1, fabric-gametest-api-v1, fabric-item-api-v1, fabric-item-group-api-v1, fabric-key-binding-api-v1, fabric-keybindings-v0, fabric-lifecycle-events-v1, fabric-loot-api-v2, fabric-loot-api-v3, fabric-message-api-v1, fabric-model-loading-api-v1, fabric-networking-api-v1, fabric-object-builder-api-v1, fabric-particles-v1, fabric-recipe-api-v1, fabric-registry-sync-v0, fabric-renderer-api-v1, fabric-renderer-indigo]
[21:22:52] [Render thread/DEBUG] (net.fabricmc.fabric.impl.resource.loader.ModResourcePackUtil) [Fabric] cur @ fabric, auto-enabled fabric-renderer-registries-v1, currently enabled: [vanilla, fabric, fabric-api, fabric-api-base, fabric-api-lookup-api-v1, fabric-biome-api-v1, fabric-block-api-v1, fabric-block-view-api-v2, fabric-blockrenderlayer-v1, fabric-client-tags-api-v1, fabric-command-api-v1, fabric-command-api-v2, fabric-commands-v0, fabric-content-registries-v0, fabric-convention-tags-v1, fabric-convention-tags-v2, fabric-crash-report-info-v1, fabric-data-attachment-api-v1, fabric-data-generation-api-v1, fabric-dimensions-v1, fabric-entity-events-v1, fabric-events-interaction-v0, fabric-game-rule-api-v1, fabric-gametest-api-v1, fabric-item-api-v1, fabric-item-group-api-v1, fabric-key-binding-api-v1, fabric-keybindings-v0, fabric-lifecycle-events-v1, fabric-loot-api-v2, fabric-loot-api-v3, fabric-message-api-v1, fabric-model-loading-api-v1, fabric-networking-api-v1, fabric-object-builder-api-v1, fabric-particles-v1, fabric-recipe-api-v1, fabric-registry-sync-v0, fabric-renderer-api-v1, fabric-renderer-indigo, fabric-renderer-registries-v1]
[21:22:52] [Render thread/DEBUG] (net.fabricmc.fabric.impl.resource.loader.ModResourcePackUtil) [Fabric] cur @ fabric, auto-enabled fabric-rendering-data-attachment-v1, currently enabled: [vanilla, fabric, fabric-api, fabric-api-base, fabric-api-lookup-api-v1, fabric-biome-api-v1, fabric-block-api-v1, fabric-block-view-api-v2, fabric-blockrenderlayer-v1, fabric-client-tags-api-v1, fabric-command-api-v1, fabric-command-api-v2, fabric-commands-v0, fabric-content-registries-v0, fabric-convention-tags-v1, fabric-convention-tags-v2, fabric-crash-report-info-v1, fabric-data-attachment-api-v1, fabric-data-generation-api-v1, fabric-dimensions-v1, fabric-entity-events-v1, fabric-events-interaction-v0, fabric-game-rule-api-v1, fabric-gametest-api-v1, fabric-item-api-v1, fabric-item-group-api-v1, fabric-key-binding-api-v1, fabric-keybindings-v0, fabric-lifecycle-events-v1, fabric-loot-api-v2, fabric-loot-api-v3, fabric-message-api-v1, fabric-model-loading-api-v1, fabric-networking-api-v1, fabric-object-builder-api-v1, fabric-particles-v1, fabric-recipe-api-v1, fabric-registry-sync-v0, fabric-renderer-api-v1, fabric-renderer-indigo, fabric-renderer-registries-v1, fabric-rendering-data-attachment-v1]
[21:22:52] [Render thread/DEBUG] (net.fabricmc.fabric.impl.resource.loader.ModResourcePackUtil) [Fabric] cur @ fabric, auto-enabled fabric-rendering-fluids-v1, currently enabled: [vanilla, fabric, fabric-api, fabric-api-base, fabric-api-lookup-api-v1, fabric-biome-api-v1, fabric-block-api-v1, fabric-block-view-api-v2, fabric-blockrenderlayer-v1, fabric-client-tags-api-v1, fabric-command-api-v1, fabric-command-api-v2, fabric-commands-v0, fabric-content-registries-v0, fabric-convention-tags-v1, fabric-convention-tags-v2, fabric-crash-report-info-v1, fabric-data-attachment-api-v1, fabric-data-generation-api-v1, fabric-dimensions-v1, fabric-entity-events-v1, fabric-events-interaction-v0, fabric-game-rule-api-v1, fabric-gametest-api-v1, fabric-item-api-v1, fabric-item-group-api-v1, fabric-key-binding-api-v1, fabric-keybindings-v0, fabric-lifecycle-events-v1, fabric-loot-api-v2, fabric-loot-api-v3, fabric-message-api-v1, fabric-model-loading-api-v1, fabric-networking-api-v1, fabric-object-builder-api-v1, fabric-particles-v1, fabric-recipe-api-v1, fabric-registry-sync-v0, fabric-renderer-api-v1, fabric-renderer-indigo, fabric-renderer-registries-v1, fabric-rendering-data-attachment-v1, fabric-rendering-fluids-v1]
[21:22:52] [Render thread/DEBUG] (net.fabricmc.fabric.impl.resource.loader.ModResourcePackUtil) [Fabric] cur @ fabric, auto-enabled fabric-rendering-v0, currently enabled: [vanilla, fabric, fabric-api, fabric-api-base, fabric-api-lookup-api-v1, fabric-biome-api-v1, fabric-block-api-v1, fabric-block-view-api-v2, fabric-blockrenderlayer-v1, fabric-client-tags-api-v1, fabric-command-api-v1, fabric-command-api-v2, fabric-commands-v0, fabric-content-registries-v0, fabric-convention-tags-v1, fabric-convention-tags-v2, fabric-crash-report-info-v1, fabric-data-attachment-api-v1, fabric-data-generation-api-v1, fabric-dimensions-v1, fabric-entity-events-v1, fabric-events-interaction-v0, fabric-game-rule-api-v1, fabric-gametest-api-v1, fabric-item-api-v1, fabric-item-group-api-v1, fabric-key-binding-api-v1, fabric-keybindings-v0, fabric-lifecycle-events-v1, fabric-loot-api-v2, fabric-loot-api-v3, fabric-message-api-v1, fabric-model-loading-api-v1, fabric-networking-api-v1, fabric-object-builder-api-v1, fabric-particles-v1, fabric-recipe-api-v1, fabric-registry-sync-v0, fabric-renderer-api-v1, fabric-renderer-indigo, fabric-renderer-registries-v1, fabric-rendering-data-attachment-v1, fabric-rendering-fluids-v1, fabric-rendering-v0]
[21:22:52] [Render thread/DEBUG] (net.fabricmc.fabric.impl.resource.loader.ModResourcePackUtil) [Fabric] cur @ fabric, auto-enabled fabric-rendering-v1, currently enabled: [vanilla, fabric, fabric-api, fabric-api-base, fabric-api-lookup-api-v1, fabric-biome-api-v1, fabric-block-api-v1, fabric-block-view-api-v2, fabric-blockrenderlayer-v1, fabric-client-tags-api-v1, fabric-command-api-v1, fabric-command-api-v2, fabric-commands-v0, fabric-content-registries-v0, fabric-convention-tags-v1, fabric-convention-tags-v2, fabric-crash-report-info-v1, fabric-data-attachment-api-v1, fabric-data-generation-api-v1, fabric-dimensions-v1, fabric-entity-events-v1, fabric-events-interaction-v0, fabric-game-rule-api-v1, fabric-gametest-api-v1, fabric-item-api-v1, fabric-item-group-api-v1, fabric-key-binding-api-v1, fabric-keybindings-v0, fabric-lifecycle-events-v1, fabric-loot-api-v2, fabric-loot-api-v3, fabric-message-api-v1, fabric-model-loading-api-v1, fabric-networking-api-v1, fabric-object-builder-api-v1, fabric-particles-v1, fabric-recipe-api-v1, fabric-registry-sync-v0, fabric-renderer-api-v1, fabric-renderer-indigo, fabric-renderer-registries-v1, fabric-rendering-data-attachment-v1, fabric-rendering-fluids-v1, fabric-rendering-v0, fabric-rendering-v1]
[21:22:52] [Render thread/DEBUG] (net.fabricmc.fabric.impl.resource.loader.ModResourcePackUtil) [Fabric] cur @ fabric, auto-enabled fabric-resource-conditions-api-v1, currently enabled: [vanilla, fabric, fabric-api, fabric-api-base, fabric-api-lookup-api-v1, fabric-biome-api-v1, fabric-block-api-v1, fabric-block-view-api-v2, fabric-blockrenderlayer-v1, fabric-client-tags-api-v1, fabric-command-api-v1, fabric-command-api-v2, fabric-commands-v0, fabric-content-registries-v0, fabric-convention-tags-v1, fabric-convention-tags-v2, fabric-crash-report-info-v1, fabric-data-attachment-api-v1, fabric-data-generation-api-v1, fabric-dimensions-v1, fabric-entity-events-v1, fabric-events-interaction-v0, fabric-game-rule-api-v1, fabric-gametest-api-v1, fabric-item-api-v1, fabric-item-group-api-v1, fabric-key-binding-api-v1, fabric-keybindings-v0, fabric-lifecycle-events-v1, fabric-loot-api-v2, fabric-loot-api-v3, fabric-message-api-v1, fabric-model-loading-api-v1, fabric-networking-api-v1, fabric-object-builder-api-v1, fabric-particles-v1, fabric-recipe-api-v1, fabric-registry-sync-v0, fabric-renderer-api-v1, fabric-renderer-indigo, fabric-renderer-registries-v1, fabric-rendering-data-attachment-v1, fabric-rendering-fluids-v1, fabric-rendering-v0, fabric-rendering-v1, fabric-resource-conditions-api-v1]
[21:22:52] [Render thread/DEBUG] (net.fabricmc.fabric.impl.resource.loader.ModResourcePackUtil) [Fabric] cur @ fabric, auto-enabled fabric-resource-loader-v0, currently enabled: [vanilla, fabric, fabric-api, fabric-api-base, fabric-api-lookup-api-v1, fabric-biome-api-v1, fabric-block-api-v1, fabric-block-view-api-v2, fabric-blockrenderlayer-v1, fabric-client-tags-api-v1, fabric-command-api-v1, fabric-command-api-v2, fabric-commands-v0, fabric-content-registries-v0, fabric-convention-tags-v1, fabric-convention-tags-v2, fabric-crash-report-info-v1, fabric-data-attachment-api-v1, fabric-data-generation-api-v1, fabric-dimensions-v1, fabric-entity-events-v1, fabric-events-interaction-v0, fabric-game-rule-api-v1, fabric-gametest-api-v1, fabric-item-api-v1, fabric-item-group-api-v1, fabric-key-binding-api-v1, fabric-keybindings-v0, fabric-lifecycle-events-v1, fabric-loot-api-v2, fabric-loot-api-v3, fabric-message-api-v1, fabric-model-loading-api-v1, fabric-networking-api-v1, fabric-object-builder-api-v1, fabric-particles-v1, fabric-recipe-api-v1, fabric-registry-sync-v0, fabric-renderer-api-v1, fabric-renderer-indigo, fabric-renderer-registries-v1, fabric-rendering-data-attachment-v1, fabric-rendering-fluids-v1, fabric-rendering-v0, fabric-rendering-v1, fabric-resource-conditions-api-v1, fabric-resource-loader-v0]
[21:22:52] [Render thread/DEBUG] (net.fabricmc.fabric.impl.resource.loader.ModResourcePackUtil) [Fabric] cur @ fabric, auto-enabled fabric-screen-api-v1, currently enabled: [vanilla, fabric, fabric-api, fabric-api-base, fabric-api-lookup-api-v1, fabric-biome-api-v1, fabric-block-api-v1, fabric-block-view-api-v2, fabric-blockrenderlayer-v1, fabric-client-tags-api-v1, fabric-command-api-v1, fabric-command-api-v2, fabric-commands-v0, fabric-content-registries-v0, fabric-convention-tags-v1, fabric-convention-tags-v2, fabric-crash-report-info-v1, fabric-data-attachment-api-v1, fabric-data-generation-api-v1, fabric-dimensions-v1, fabric-entity-events-v1, fabric-events-interaction-v0, fabric-game-rule-api-v1, fabric-gametest-api-v1, fabric-item-api-v1, fabric-item-group-api-v1, fabric-key-binding-api-v1, fabric-keybindings-v0, fabric-lifecycle-events-v1, fabric-loot-api-v2, fabric-loot-api-v3, fabric-message-api-v1, fabric-model-loading-api-v1, fabric-networking-api-v1, fabric-object-builder-api-v1, fabric-particles-v1, fabric-recipe-api-v1, fabric-registry-sync-v0, fabric-renderer-api-v1, fabric-renderer-indigo, fabric-renderer-registries-v1, fabric-rendering-data-attachment-v1, fabric-rendering-fluids-v1, fabric-rendering-v0, fabric-rendering-v1, fabric-resource-conditions-api-v1, fabric-resource-loader-v0, fabric-screen-api-v1]
[21:22:52] [Render thread/DEBUG] (net.fabricmc.fabric.impl.resource.loader.ModResourcePackUtil) [Fabric] cur @ fabric, auto-enabled fabric-screen-handler-api-v1, currently enabled: [vanilla, fabric, fabric-api, fabric-api-base, fabric-api-lookup-api-v1, fabric-biome-api-v1, fabric-block-api-v1, fabric-block-view-api-v2, fabric-blockrenderlayer-v1, fabric-client-tags-api-v1, fabric-command-api-v1, fabric-command-api-v2, fabric-commands-v0, fabric-content-registries-v0, fabric-convention-tags-v1, fabric-convention-tags-v2, fabric-crash-report-info-v1, fabric-data-attachment-api-v1, fabric-data-generation-api-v1, fabric-dimensions-v1, fabric-entity-events-v1, fabric-events-interaction-v0, fabric-game-rule-api-v1, fabric-gametest-api-v1, fabric-item-api-v1, fabric-item-group-api-v1, fabric-key-binding-api-v1, fabric-keybindings-v0, fabric-lifecycle-events-v1, fabric-loot-api-v2, fabric-loot-api-v3, fabric-message-api-v1, fabric-model-loading-api-v1, fabric-networking-api-v1, fabric-object-builder-api-v1, fabric-particles-v1, fabric-recipe-api-v1, fabric-registry-sync-v0, fabric-renderer-api-v1, fabric-renderer-indigo, fabric-renderer-registries-v1, fabric-rendering-data-attachment-v1, fabric-rendering-fluids-v1, fabric-rendering-v0, fabric-rendering-v1, fabric-resource-conditions-api-v1, fabric-resource-loader-v0, fabric-screen-api-v1, fabric-screen-handler-api-v1]
[21:22:52] [Render thread/DEBUG] (net.fabricmc.fabric.impl.resource.loader.ModResourcePackUtil) [Fabric] cur @ fabric, auto-enabled fabric-sound-api-v1, currently enabled: [vanilla, fabric, fabric-api, fabric-api-base, fabric-api-lookup-api-v1, fabric-biome-api-v1, fabric-block-api-v1, fabric-block-view-api-v2, fabric-blockrenderlayer-v1, fabric-client-tags-api-v1, fabric-command-api-v1, fabric-command-api-v2, fabric-commands-v0, fabric-content-registries-v0, fabric-convention-tags-v1, fabric-convention-tags-v2, fabric-crash-report-info-v1, fabric-data-attachment-api-v1, fabric-data-generation-api-v1, fabric-dimensions-v1, fabric-entity-events-v1, fabric-events-interaction-v0, fabric-game-rule-api-v1, fabric-gametest-api-v1, fabric-item-api-v1, fabric-item-group-api-v1, fabric-key-binding-api-v1, fabric-keybindings-v0, fabric-lifecycle-events-v1, fabric-loot-api-v2, fabric-loot-api-v3, fabric-message-api-v1, fabric-model-loading-api-v1, fabric-networking-api-v1, fabric-object-builder-api-v1, fabric-particles-v1, fabric-recipe-api-v1, fabric-registry-sync-v0, fabric-renderer-api-v1, fabric-renderer-indigo, fabric-renderer-registries-v1, fabric-rendering-data-attachment-v1, fabric-rendering-fluids-v1, fabric-rendering-v0, fabric-rendering-v1, fabric-resource-conditions-api-v1, fabric-resource-loader-v0, fabric-screen-api-v1, fabric-screen-handler-api-v1, fabric-sound-api-v1]
[21:22:52] [Render thread/DEBUG] (net.fabricmc.fabric.impl.resource.loader.ModResourcePackUtil) [Fabric] cur @ fabric, auto-enabled fabric-tag-api-v1, currently enabled: [vanilla, fabric, fabric-api, fabric-api-base, fabric-api-lookup-api-v1, fabric-biome-api-v1, fabric-block-api-v1, fabric-block-view-api-v2, fabric-blockrenderlayer-v1, fabric-client-tags-api-v1, fabric-command-api-v1, fabric-command-api-v2, fabric-commands-v0, fabric-content-registries-v0, fabric-convention-tags-v1, fabric-convention-tags-v2, fabric-crash-report-info-v1, fabric-data-attachment-api-v1, fabric-data-generation-api-v1, fabric-dimensions-v1, fabric-entity-events-v1, fabric-events-interaction-v0, fabric-game-rule-api-v1, fabric-gametest-api-v1, fabric-item-api-v1, fabric-item-group-api-v1, fabric-key-binding-api-v1, fabric-keybindings-v0, fabric-lifecycle-events-v1, fabric-loot-api-v2, fabric-loot-api-v3, fabric-message-api-v1, fabric-model-loading-api-v1, fabric-networking-api-v1, fabric-object-builder-api-v1, fabric-particles-v1, fabric-recipe-api-v1, fabric-registry-sync-v0, fabric-renderer-api-v1, fabric-renderer-indigo, fabric-renderer-registries-v1, fabric-rendering-data-attachment-v1, fabric-rendering-fluids-v1, fabric-rendering-v0, fabric-rendering-v1, fabric-resource-conditions-api-v1, fabric-resource-loader-v0, fabric-screen-api-v1, fabric-screen-handler-api-v1, fabric-sound-api-v1, fabric-tag-api-v1]
[21:22:52] [Render thread/DEBUG] (net.fabricmc.fabric.impl.resource.loader.ModResourcePackUtil) [Fabric] cur @ fabric, auto-enabled fabric-transfer-api-v1, currently enabled: [vanilla, fabric, fabric-api, fabric-api-base, fabric-api-lookup-api-v1, fabric-biome-api-v1, fabric-block-api-v1, fabric-block-view-api-v2, fabric-blockrenderlayer-v1, fabric-client-tags-api-v1, fabric-command-api-v1, fabric-command-api-v2, fabric-commands-v0, fabric-content-registries-v0, fabric-convention-tags-v1, fabric-convention-tags-v2, fabric-crash-report-info-v1, fabric-data-attachment-api-v1, fabric-data-generation-api-v1, fabric-dimensions-v1, fabric-entity-events-v1, fabric-events-interaction-v0, fabric-game-rule-api-v1, fabric-gametest-api-v1, fabric-item-api-v1, fabric-item-group-api-v1, fabric-key-binding-api-v1, fabric-keybindings-v0, fabric-lifecycle-events-v1, fabric-loot-api-v2, fabric-loot-api-v3, fabric-message-api-v1, fabric-model-loading-api-v1, fabric-networking-api-v1, fabric-object-builder-api-v1, fabric-particles-v1, fabric-recipe-api-v1, fabric-registry-sync-v0, fabric-renderer-api-v1, fabric-renderer-indigo, fabric-renderer-registries-v1, fabric-rendering-data-attachment-v1, fabric-rendering-fluids-v1, fabric-rendering-v0, fabric-rendering-v1, fabric-resource-conditions-api-v1, fabric-resource-loader-v0, fabric-screen-api-v1, fabric-screen-handler-api-v1, fabric-sound-api-v1, fabric-tag-api-v1, fabric-transfer-api-v1]
[21:22:52] [Render thread/DEBUG] (net.fabricmc.fabric.impl.resource.loader.ModResourcePackUtil) [Fabric] cur @ fabric, auto-enabled fabric-transitive-access-wideners-v1, currently enabled: [vanilla, fabric, fabric-api, fabric-api-base, fabric-api-lookup-api-v1, fabric-biome-api-v1, fabric-block-api-v1, fabric-block-view-api-v2, fabric-blockrenderlayer-v1, fabric-client-tags-api-v1, fabric-command-api-v1, fabric-command-api-v2, fabric-commands-v0, fabric-content-registries-v0, fabric-convention-tags-v1, fabric-convention-tags-v2, fabric-crash-report-info-v1, fabric-data-attachment-api-v1, fabric-data-generation-api-v1, fabric-dimensions-v1, fabric-entity-events-v1, fabric-events-interaction-v0, fabric-game-rule-api-v1, fabric-gametest-api-v1, fabric-item-api-v1, fabric-item-group-api-v1, fabric-key-binding-api-v1, fabric-keybindings-v0, fabric-lifecycle-events-v1, fabric-loot-api-v2, fabric-loot-api-v3, fabric-message-api-v1, fabric-model-loading-api-v1, fabric-networking-api-v1, fabric-object-builder-api-v1, fabric-particles-v1, fabric-recipe-api-v1, fabric-registry-sync-v0, fabric-renderer-api-v1, fabric-renderer-indigo, fabric-renderer-registries-v1, fabric-rendering-data-attachment-v1, fabric-rendering-fluids-v1, fabric-rendering-v0, fabric-rendering-v1, fabric-resource-conditions-api-v1, fabric-resource-loader-v0, fabric-screen-api-v1, fabric-screen-handler-api-v1, fabric-sound-api-v1, fabric-tag-api-v1, fabric-transfer-api-v1, fabric-transitive-access-wideners-v1]
[21:22:52] [Render thread/DEBUG] (net.fabricmc.fabric.impl.resource.loader.ModResourcePackUtil) [Fabric] cur @ fabric, auto-enabled fabricloader, currently enabled: [vanilla, fabric, fabric-api, fabric-api-base, fabric-api-lookup-api-v1, fabric-biome-api-v1, fabric-block-api-v1, fabric-block-view-api-v2, fabric-blockrenderlayer-v1, fabric-client-tags-api-v1, fabric-command-api-v1, fabric-command-api-v2, fabric-commands-v0, fabric-content-registries-v0, fabric-convention-tags-v1, fabric-convention-tags-v2, fabric-crash-report-info-v1, fabric-data-attachment-api-v1, fabric-data-generation-api-v1, fabric-dimensions-v1, fabric-entity-events-v1, fabric-events-interaction-v0, fabric-game-rule-api-v1, fabric-gametest-api-v1, fabric-item-api-v1, fabric-item-group-api-v1, fabric-key-binding-api-v1, fabric-keybindings-v0, fabric-lifecycle-events-v1, fabric-loot-api-v2, fabric-loot-api-v3, fabric-message-api-v1, fabric-model-loading-api-v1, fabric-networking-api-v1, fabric-object-builder-api-v1, fabric-particles-v1, fabric-recipe-api-v1, fabric-registry-sync-v0, fabric-renderer-api-v1, fabric-renderer-indigo, fabric-renderer-registries-v1, fabric-rendering-data-attachment-v1, fabric-rendering-fluids-v1, fabric-rendering-v0, fabric-rendering-v1, fabric-resource-conditions-api-v1, fabric-resource-loader-v0, fabric-screen-api-v1, fabric-screen-handler-api-v1, fabric-sound-api-v1, fabric-tag-api-v1, fabric-transfer-api-v1, fabric-transitive-access-wideners-v1, fabricloader]
[21:22:52] [Render thread/DEBUG] (net.fabricmc.fabric.impl.resource.loader.ModResourcePackUtil) [Fabric] cur @ fabric, auto-enabled ias, currently enabled: [vanilla, fabric, fabric-api, fabric-api-base, fabric-api-lookup-api-v1, fabric-biome-api-v1, fabric-block-api-v1, fabric-block-view-api-v2, fabric-blockrenderlayer-v1, fabric-client-tags-api-v1, fabric-command-api-v1, fabric-command-api-v2, fabric-commands-v0, fabric-content-registries-v0, fabric-convention-tags-v1, fabric-convention-tags-v2, fabric-crash-report-info-v1, fabric-data-attachment-api-v1, fabric-data-generation-api-v1, fabric-dimensions-v1, fabric-entity-events-v1, fabric-events-interaction-v0, fabric-game-rule-api-v1, fabric-gametest-api-v1, fabric-item-api-v1, fabric-item-group-api-v1, fabric-key-binding-api-v1, fabric-keybindings-v0, fabric-lifecycle-events-v1, fabric-loot-api-v2, fabric-loot-api-v3, fabric-message-api-v1, fabric-model-loading-api-v1, fabric-networking-api-v1, fabric-object-builder-api-v1, fabric-particles-v1, fabric-recipe-api-v1, fabric-registry-sync-v0, fabric-renderer-api-v1, fabric-renderer-indigo, fabric-renderer-registries-v1, fabric-rendering-data-attachment-v1, fabric-rendering-fluids-v1, fabric-rendering-v0, fabric-rendering-v1, fabric-resource-conditions-api-v1, fabric-resource-loader-v0, fabric-screen-api-v1, fabric-screen-handler-api-v1, fabric-sound-api-v1, fabric-tag-api-v1, fabric-transfer-api-v1, fabric-transitive-access-wideners-v1, fabricloader, ias]
[21:22:52] [Render thread/DEBUG] (net.fabricmc.fabric.impl.resource.loader.ModResourcePackUtil) [Fabric] cur @ fabric, auto-enabled modmenu, currently enabled: [vanilla, fabric, fabric-api, fabric-api-base, fabric-api-lookup-api-v1, fabric-biome-api-v1, fabric-block-api-v1, fabric-block-view-api-v2, fabric-blockrenderlayer-v1, fabric-client-tags-api-v1, fabric-command-api-v1, fabric-command-api-v2, fabric-commands-v0, fabric-content-registries-v0, fabric-convention-tags-v1, fabric-convention-tags-v2, fabric-crash-report-info-v1, fabric-data-attachment-api-v1, fabric-data-generation-api-v1, fabric-dimensions-v1, fabric-entity-events-v1, fabric-events-interaction-v0, fabric-game-rule-api-v1, fabric-gametest-api-v1, fabric-item-api-v1, fabric-item-group-api-v1, fabric-key-binding-api-v1, fabric-keybindings-v0, fabric-lifecycle-events-v1, fabric-loot-api-v2, fabric-loot-api-v3, fabric-message-api-v1, fabric-model-loading-api-v1, fabric-networking-api-v1, fabric-object-builder-api-v1, fabric-particles-v1, fabric-recipe-api-v1, fabric-registry-sync-v0, fabric-renderer-api-v1, fabric-renderer-indigo, fabric-renderer-registries-v1, fabric-rendering-data-attachment-v1, fabric-rendering-fluids-v1, fabric-rendering-v0, fabric-rendering-v1, fabric-resource-conditions-api-v1, fabric-resource-loader-v0, fabric-screen-api-v1, fabric-screen-handler-api-v1, fabric-sound-api-v1, fabric-tag-api-v1, fabric-transfer-api-v1, fabric-transitive-access-wideners-v1, fabricloader, ias, modmenu]
[21:22:52] [Render thread/DEBUG] (net.fabricmc.fabric.impl.resource.loader.ModResourcePackUtil) [Fabric] cur @ fabric, auto-enabled placeholder-api, currently enabled: [vanilla, fabric, fabric-api, fabric-api-base, fabric-api-lookup-api-v1, fabric-biome-api-v1, fabric-block-api-v1, fabric-block-view-api-v2, fabric-blockrenderlayer-v1, fabric-client-tags-api-v1, fabric-command-api-v1, fabric-command-api-v2, fabric-commands-v0, fabric-content-registries-v0, fabric-convention-tags-v1, fabric-convention-tags-v2, fabric-crash-report-info-v1, fabric-data-attachment-api-v1, fabric-data-generation-api-v1, fabric-dimensions-v1, fabric-entity-events-v1, fabric-events-interaction-v0, fabric-game-rule-api-v1, fabric-gametest-api-v1, fabric-item-api-v1, fabric-item-group-api-v1, fabric-key-binding-api-v1, fabric-keybindings-v0, fabric-lifecycle-events-v1, fabric-loot-api-v2, fabric-loot-api-v3, fabric-message-api-v1, fabric-model-loading-api-v1, fabric-networking-api-v1, fabric-object-builder-api-v1, fabric-particles-v1, fabric-recipe-api-v1, fabric-registry-sync-v0, fabric-renderer-api-v1, fabric-renderer-indigo, fabric-renderer-registries-v1, fabric-rendering-data-attachment-v1, fabric-rendering-fluids-v1, fabric-rendering-v0, fabric-rendering-v1, fabric-resource-conditions-api-v1, fabric-resource-loader-v0, fabric-screen-api-v1, fabric-screen-handler-api-v1, fabric-sound-api-v1, fabric-tag-api-v1, fabric-transfer-api-v1, fabric-transitive-access-wideners-v1, fabricloader, ias, modmenu, placeholder-api]
[21:22:52] [Render thread/DEBUG] (net.fabricmc.fabric.impl.resource.loader.ModResourcePackUtil) [Fabric] Final sorting result: [vanilla, fabric, fabric-api, fabric-api-base, fabric-api-lookup-api-v1, fabric-biome-api-v1, fabric-block-api-v1, fabric-block-view-api-v2, fabric-blockrenderlayer-v1, fabric-client-tags-api-v1, fabric-command-api-v1, fabric-command-api-v2, fabric-commands-v0, fabric-content-registries-v0, fabric-convention-tags-v1, fabric-convention-tags-v2, fabric-crash-report-info-v1, fabric-data-attachment-api-v1, fabric-data-generation-api-v1, fabric-dimensions-v1, fabric-entity-events-v1, fabric-events-interaction-v0, fabric-game-rule-api-v1, fabric-gametest-api-v1, fabric-item-api-v1, fabric-item-group-api-v1, fabric-key-binding-api-v1, fabric-keybindings-v0, fabric-lifecycle-events-v1, fabric-loot-api-v2, fabric-loot-api-v3, fabric-message-api-v1, fabric-model-loading-api-v1, fabric-networking-api-v1, fabric-object-builder-api-v1, fabric-particles-v1, fabric-recipe-api-v1, fabric-registry-sync-v0, fabric-renderer-api-v1, fabric-renderer-indigo, fabric-renderer-registries-v1, fabric-rendering-data-attachment-v1, fabric-rendering-fluids-v1, fabric-rendering-v0, fabric-rendering-v1, fabric-resource-conditions-api-v1, fabric-resource-loader-v0, fabric-screen-api-v1, fabric-screen-handler-api-v1, fabric-sound-api-v1, fabric-tag-api-v1, fabric-transfer-api-v1, fabric-transitive-access-wideners-v1, fabricloader, ias, modmenu, placeholder-api]
[21:22:52] [Render thread/DEBUG] (FabricLoader/Mixin) Mixing KeyedResourceReloadListenerClientMixin from fabric-resource-loader-v0.client.mixins.json into net.minecraft.client.resource.language.LanguageManager
[21:22:52] [Render thread/DEBUG] (FabricLoader/Mixin) fabric-resource-loader-v0.client.mixins.json:KeyedResourceReloadListenerClientMixin from mod fabric-resource-loader-v0: Class version 65 required is higher than the class version supported by the current version of Mixin (JAVA_17 supports class version 61)
[21:22:52] [Render thread/DEBUG] (FabricLoader/Mixin) Mixing KeyedResourceReloadListenerClientMixin from fabric-resource-loader-v0.client.mixins.json into net.minecraft.client.texture.TextureManager
[21:22:52] [Render thread/DEBUG] (FabricLoader/Mixin) fabric-resource-loader-v0.client.mixins.json:KeyedResourceReloadListenerClientMixin from mod fabric-resource-loader-v0: Class version 65 required is higher than the class version supported by the current version of Mixin (JAVA_17 supports class version 61)
[21:22:52] [Render thread/DEBUG] (FabricLoader/Mixin) Mixing KeyedResourceReloadListenerClientMixin from fabric-resource-loader-v0.client.mixins.json into net.minecraft.client.sound.SoundManager
[21:22:52] [Render thread/DEBUG] (FabricLoader/Mixin) fabric-resource-loader-v0.client.mixins.json:KeyedResourceReloadListenerClientMixin from mod fabric-resource-loader-v0: Class version 65 required is higher than the class version supported by the current version of Mixin (JAVA_17 supports class version 61)
[21:22:52] [Render thread/DEBUG] (FabricLoader/Mixin) Mixing modification.DynamicRegistryManagerImmutableImplMixin from fabric-biome-api-v1.mixins.json into net.minecraft.registry.DynamicRegistryManager$ImmutableImpl
[21:22:52] [Render thread/DEBUG] (FabricLoader/Mixin) fabric-biome-api-v1.mixins.json:modification.DynamicRegistryManagerImmutableImplMixin from mod fabric-biome-api-v1: Class version 65 required is higher than the class version supported by the current version of Mixin (JAVA_17 supports class version 61)
[21:22:52] [Render thread/DEBUG] (FabricLoader/Mixin) Mixing SoundSystemMixin from fabric-sound-api-v1.mixins.json into net.minecraft.client.sound.SoundSystem
[21:22:52] [Render thread/DEBUG] (FabricLoader/Mixin) fabric-sound-api-v1.mixins.json:SoundSystemMixin from mod fabric-sound-api-v1: Class version 65 required is higher than the class version supported by the current version of Mixin (JAVA_17 supports class version 61)
[21:22:52] [ModMenu/Update Checker/Fabric Loader/DEBUG] (Mod Menu/Fabric Update Checker) Fabric Loader is up to date.
[21:22:52] [Render thread/DEBUG] (FabricLoader/Mixin) Mixing FontManagerMixin from fabric-resource-loader-v0.client.mixins.json into net.minecraft.client.font.FontManager
[21:22:52] [Render thread/DEBUG] (FabricLoader/Mixin) fabric-resource-loader-v0.client.mixins.json:FontManagerMixin from mod fabric-resource-loader-v0: Class version 65 required is higher than the class version supported by the current version of Mixin (JAVA_17 supports class version 61)
[21:22:52] [ModMenu/Update Checker/2/DEBUG] (Mod Menu/Update Checker) Status: 200
[21:22:52] [ModMenu/Update Checker/2/DEBUG] (Mod Menu/Update Checker) {"ffa4134d0aa4b11439f94a78a7fe3e6f6077bfefff4d9a9365eb793913dc76b0c13d99162a84fc384a969495fafcf710098e606d692f41b87202c19b9a452943":{"game_versions":["1.21.1"],"loaders":["fabric","quilt"],"environment":"client_only","id":"UvDJxEv7","project_id":"cudtvDnd","author_id":"7nbTzIvd","featured":false,"name":"IAS 9.0.7+1.21.1-fabric","version_number":"9.0.7+1.21.1-fabric","changelog":"What's new:\n\n- Added 26.2 support.\n- Improved compatibility with mods that disable chat restrictions.\n  - IAS by itself doesn't disable chat restrictions.\n- Internal code changes.\n\n**Full Changelog**: [9.0.6...9.0.7](https://github.com/The-Fireplace-Minecraft-Mods/In-Game-Account-Switcher/compare/9.0.6...9.0.7)\n","changelog_url":null,"date_published":"2026-06-25T22:04:04.218155Z","downloads":30664,"version_type":"release","status":"listed","requested_status":null,"files":[{"id":"8f7mjUOD","hashes":{"sha1":"694e28ff522a50ff7c503d9fe1238ccdd3ede056","sha512":"ffa4134d0aa4b11439f94a78a7fe3e6f6077bfefff4d9a9365eb793913dc76b0c13d99162a84fc384a969495fafcf710098e606d692f41b87202c19b9a452943"},"url":"https://cdn.modrinth.com/data/cudtvDnd/versions/UvDJxEv7/IAS-9.0.7%2B1.21.1-fabric.jar","filename":"IAS-9.0.7+1.21.1-fabric.jar","primary":true,"size":302195,"file_type":null}],"dependencies":[{"version_id":null,"project_id":"mOgUt4GM","file_name":null,"dependency_type":"optional"},{"version_id":null,"project_id":"P7dR8mSH","file_name":null,"dependency_type":"required"}]},"45ea8f7e0749bc0eb98900f94486e323f153b199617fa43977b46472e4196ee5a6739f41a1e7f68e270f84a367df5f7f53c2a1f46145ad7d349ede4297895396":{"game_versions":["1.21","1.21.1"],"loaders":["fabric","quilt"],"environment":"client_only","id":"v6Xx3fbU","project_id":"mOgUt4GM","author_id":"uF4fzWRt","featured":false,"name":"v11.0.4 for 1.21","version_number":"11.0.4","changelog":"- Fix inversion of config mode (thanks sisby-folk)","changelog_url":null,"date_published":"2026-03-25T00:45:03.878787Z","downloads":3560592,"version_type":"release","status":"listed","requested_status":null,"files":[{"id":"dUoRkqI7","hashes":{"sha512":"45ea8f7e0749bc0eb98900f94486e323f153b199617fa43977b46472e4196ee5a6739f41a1e7f68e270f84a367df5f7f53c2a1f46145ad7d349ede4297895396","sha1":"8af1b0b9ee18eab5cd5e5c97c497f0e473c49e9a"},"url":"https://cdn.modrinth.com/data/mOgUt4GM/versions/v6Xx3fbU/modmenu-11.0.4.jar","filename":"modmenu-11.0.4.jar","primary":true,"size":973059,"file_type":null}],"dependencies":[{"version_id":null,"project_id":"eXts2L7r","file_name":null,"dependency_type":"required"},{"version_id":null,"project_id":"P7dR8mSH","file_name":null,"dependency_type":"required"}]},"fc13d3a5c048dbaab86318edaf8b6c6b46ef9f1d367e8f063d19f5a9b0da66c5ae419d92c8c4608edc89a01eb44d91ffcf017fea73f39b222cbd85e82f70a233":{"game_versions":["1.21","1.21.1"],"loaders":["fabric","quilt"],"environment":"client_or_server","id":"U5bhVym2","project_id":"eXts2L7r","author_id":"L8RLwrF2","featured":false,"name":"2.4.2+1.21","version_number":"2.4.2+1.21","changelog":"**Full Changelog**: https://github.com/Patbox/TextPlaceholderAPI/compare/2.4.1+1.21...2.4.2+1.21","changelog_url":null,"date_published":"2025-01-27T19:08:23.196696Z","downloads":7161463,"version_type":"release","status":"listed","requested_status":null,"files":[{"id":"PAtPY6Wg","hashes":{"sha1":"aa1b9a49f9f190dfe4825c502b150817dd2998c3","sha512":"fc13d3a5c048dbaab86318edaf8b6c6b46ef9f1d367e8f063d19f5a9b0da66c5ae419d92c8c4608edc89a01eb44d91ffcf017fea73f39b222cbd85e82f70a233"},"url":"https://cdn.modrinth.com/data/eXts2L7r/versions/U5bhVym2/placeholder-api-2.4.2%2B1.21.jar","filename":"placeholder-api-2.4.2+1.21.jar","primary":true,"size":232325,"file_type":null}],"dependencies":[]}}
[21:22:52] [Render thread/DEBUG] (FabricLoader/Mixin) Mixing BlockColorsMixin from fabric-rendering-v1.mixins.json into net.minecraft.client.color.block.BlockColors
[21:22:52] [Render thread/DEBUG] (FabricLoader/Mixin) fabric-rendering-v1.mixins.json:BlockColorsMixin from mod fabric-rendering-v1: Class version 65 required is higher than the class version supported by the current version of Mixin (JAVA_17 supports class version 61)
[21:22:52] [Render thread/DEBUG] (FabricLoader/Mixin) Mixing BlockColorsMixin from fabric-registry-sync-v0.client.mixins.json into net.minecraft.client.color.block.BlockColors
[21:22:52] [Render thread/DEBUG] (FabricLoader/Mixin) fabric-registry-sync-v0.client.mixins.json:BlockColorsMixin from mod fabric-registry-sync-v0: Class version 65 required is higher than the class version supported by the current version of Mixin (JAVA_17 supports class version 61)
[21:22:52] [Render thread/DEBUG] (FabricLoader/Mixin) fabric-rendering-v1.mixins.json:BlockColorsMixin from mod fabric-rendering-v1->@Inject::create(Lorg/spongepowered/asm/mixin/injection/callback/CallbackInfoReturnable;)V does use it's CallbackInfoReturnable
[21:22:52] [Render thread/DEBUG] (FabricLoader/Mixin) fabric-registry-sync-v0.client.mixins.json:BlockColorsMixin from mod fabric-registry-sync-v0->@Inject::create(Lorg/spongepowered/asm/mixin/injection/callback/CallbackInfo;)V doesn't use it's CallbackInfo
[21:22:52] [Render thread/DEBUG] (FabricLoader/Mixin) fabric-registry-sync-v0.client.mixins.json:BlockColorsMixin from mod fabric-registry-sync-v0->@Inject::create(Lorg/spongepowered/asm/mixin/injection/callback/CallbackInfo;)V has 0 override(s) in child classes
[21:22:52] [Render thread/DEBUG] (FabricLoader/Mixin) fabric-registry-sync-v0.client.mixins.json:BlockColorsMixin from mod fabric-registry-sync-v0->@Inject::create(Lorg/spongepowered/asm/mixin/injection/callback/CallbackInfo;)V won't be passed a CallbackInfo as a result
[21:22:52] [Render thread/DEBUG] (FabricLoader/Mixin) Mixing ItemColorsMixin from fabric-rendering-v1.mixins.json into net.minecraft.client.color.item.ItemColors
[21:22:52] [Render thread/DEBUG] (FabricLoader/Mixin) fabric-rendering-v1.mixins.json:ItemColorsMixin from mod fabric-rendering-v1: Class version 65 required is higher than the class version supported by the current version of Mixin (JAVA_17 supports class version 61)
[21:22:52] [Render thread/DEBUG] (FabricLoader/Mixin) Mixing ItemColorsMixin from fabric-registry-sync-v0.client.mixins.json into net.minecraft.client.color.item.ItemColors
[21:22:52] [Render thread/DEBUG] (FabricLoader/Mixin) fabric-registry-sync-v0.client.mixins.json:ItemColorsMixin from mod fabric-registry-sync-v0: Class version 65 required is higher than the class version supported by the current version of Mixin (JAVA_17 supports class version 61)
[21:22:52] [Render thread/DEBUG] (FabricLoader/Mixin) fabric-rendering-v1.mixins.json:ItemColorsMixin from mod fabric-rendering-v1->@Inject::create(Lnet/minecraft/client/color/block/BlockColors;Lorg/spongepowered/asm/mixin/injection/callback/CallbackInfoReturnable;)V does use it's CallbackInfoReturnable
[21:22:52] [Render thread/DEBUG] (FabricLoader/Mixin) fabric-registry-sync-v0.client.mixins.json:ItemColorsMixin from mod fabric-registry-sync-v0->@Inject::create(Lorg/spongepowered/asm/mixin/injection/callback/CallbackInfo;)V doesn't use it's CallbackInfo
[21:22:52] [Render thread/DEBUG] (FabricLoader/Mixin) fabric-registry-sync-v0.client.mixins.json:ItemColorsMixin from mod fabric-registry-sync-v0->@Inject::create(Lorg/spongepowered/asm/mixin/injection/callback/CallbackInfo;)V has 0 override(s) in child classes
[21:22:52] [Render thread/DEBUG] (FabricLoader/Mixin) fabric-registry-sync-v0.client.mixins.json:ItemColorsMixin from mod fabric-registry-sync-v0->@Inject::create(Lorg/spongepowered/asm/mixin/injection/callback/CallbackInfo;)V won't be passed a CallbackInfo as a result
[21:22:52] [Render thread/DEBUG] (FabricLoader/Mixin) Mixing BakedModelManagerMixin from fabric-model-loading-api-v1.mixins.json into net.minecraft.client.render.model.BakedModelManager
[21:22:52] [Render thread/DEBUG] (FabricLoader/Mixin) fabric-model-loading-api-v1.mixins.json:BakedModelManagerMixin from mod fabric-model-loading-api-v1: Class version 65 required is higher than the class version supported by the current version of Mixin (JAVA_17 supports class version 61)
[21:22:52] [Render thread/DEBUG] (FabricLoader/Mixin) Renaming synthetic method lambda$loadModelPluginData$0(Ljava/util/function/BiFunction;Lnet/minecraft/util/Pair;Ljava/util/List;)Lnet/minecraft/client/render/model/ModelLoader; to md164862$fabric-model-loading-api-v1$lambda$loadModelPluginData$0$0 in fabric-model-loading-api-v1.mixins.json:BakedModelManagerMixin from mod fabric-model-loading-api-v1
[21:22:52] [Render thread/DEBUG] (FabricLoader/Mixin) Mixing KeyedResourceReloadListenerClientMixin from fabric-resource-loader-v0.client.mixins.json into net.minecraft.client.render.model.BakedModelManager
[21:22:52] [Render thread/DEBUG] (FabricLoader/Mixin) fabric-resource-loader-v0.client.mixins.json:KeyedResourceReloadListenerClientMixin from mod fabric-resource-loader-v0: Class version 65 required is higher than the class version supported by the current version of Mixin (JAVA_17 supports class version 61)
[21:22:52] [Render thread/DEBUG] (FabricLoader/Mixin) Mixing TexturedRenderLayersMixin from fabric-object-builder-v1.client.mixins.json into net.minecraft.client.render.TexturedRenderLayers
[21:22:52] [Render thread/DEBUG] (FabricLoader/Mixin) fabric-object-builder-v1.client.mixins.json:TexturedRenderLayersMixin from mod fabric-object-builder-api-v1: Class version 65 required is higher than the class version supported by the current version of Mixin (JAVA_17 supports class version 61)
[21:22:52] [Render thread/DEBUG] (FabricLoader/Mixin) fabric-object-builder-v1.client.mixins.json:TexturedRenderLayersMixin from mod fabric-object-builder-api-v1->@Inject::modifyTextureId(Lnet/minecraft/block/WoodType;Lorg/spongepowered/asm/mixin/injection/callback/CallbackInfoReturnable;)V does use it's CallbackInfoReturnable
[21:22:52] [Render thread/DEBUG] (FabricLoader/Mixin) fabric-object-builder-v1.client.mixins.json:TexturedRenderLayersMixin from mod fabric-object-builder-api-v1->@Inject::modifyHangingTextureId(Lnet/minecraft/block/WoodType;Lorg/spongepowered/asm/mixin/injection/callback/CallbackInfoReturnable;)V does use it's CallbackInfoReturnable
[21:22:52] [Render thread/DEBUG] (FabricLoader/Mixin) Mixing KeyedResourceReloadListenerClientMixin from fabric-resource-loader-v0.client.mixins.json into net.minecraft.client.render.block.BlockRenderManager
[21:22:52] [Render thread/DEBUG] (FabricLoader/Mixin) fabric-resource-loader-v0.client.mixins.json:KeyedResourceReloadListenerClientMixin from mod fabric-resource-loader-v0: Class version 65 required is higher than the class version supported by the current version of Mixin (JAVA_17 supports class version 61)
[21:22:52] [Render thread/DEBUG] (FabricLoader/Mixin) Mixing BuiltinModelItemRendererMixin from fabric-rendering-v1.mixins.json into net.minecraft.client.render.item.BuiltinModelItemRenderer
[21:22:52] [Render thread/DEBUG] (FabricLoader/Mixin) fabric-rendering-v1.mixins.json:BuiltinModelItemRendererMixin from mod fabric-rendering-v1: Class version 65 required is higher than the class version supported by the current version of Mixin (JAVA_17 supports class version 61)
[21:22:52] [Render thread/DEBUG] (FabricLoader/Mixin) fabric-rendering-v1.mixins.json:BuiltinModelItemRendererMixin from mod fabric-rendering-v1->@Inject::fabric_onRender(Lnet/minecraft/item/ItemStack;Lnet/minecraft/client/render/model/json/ModelTransformationMode;Lnet/minecraft/client/util/math/MatrixStack;Lnet/minecraft/client/render/VertexConsumerProvider;IILorg/spongepowered/asm/mixin/injection/callback/CallbackInfo;)V does use it's CallbackInfo
[21:22:52] [Render thread/DEBUG] (FabricLoader/Mixin) Mixing ItemModelsMixin from fabric-registry-sync-v0.client.mixins.json into net.minecraft.client.render.item.ItemModels
[21:22:52] [Render thread/DEBUG] (FabricLoader/Mixin) fabric-registry-sync-v0.client.mixins.json:ItemModelsMixin from mod fabric-registry-sync-v0: Class version 65 required is higher than the class version supported by the current version of Mixin (JAVA_17 supports class version 61)
[21:22:52] [Render thread/DEBUG] (FabricLoader/Mixin) fabric-registry-sync-v0.client.mixins.json:ItemModelsMixin from mod fabric-registry-sync-v0->@Inject::onInit(Lnet/minecraft/client/render/model/BakedModelManager;Lorg/spongepowered/asm/mixin/injection/callback/CallbackInfo;)V doesn't use it's CallbackInfo
[21:22:52] [Render thread/DEBUG] (FabricLoader/Mixin) fabric-registry-sync-v0.client.mixins.json:ItemModelsMixin from mod fabric-registry-sync-v0->@Inject::onInit(Lnet/minecraft/client/render/model/BakedModelManager;Lorg/spongepowered/asm/mixin/injection/callback/CallbackInfo;)V has 0 override(s) in child classes
[21:22:52] [Render thread/DEBUG] (FabricLoader/Mixin) fabric-registry-sync-v0.client.mixins.json:ItemModelsMixin from mod fabric-registry-sync-v0->@Inject::onInit(Lnet/minecraft/client/render/model/BakedModelManager;Lorg/spongepowered/asm/mixin/injection/callback/CallbackInfo;)V won't be passed a CallbackInfo as a result
[21:22:52] [Render thread/DEBUG] (FabricLoader/Mixin) Mixing ModelLoaderMixin from fabric-model-loading-api-v1.mixins.json into net.minecraft.client.render.model.ModelLoader
[21:22:52] [Render thread/DEBUG] (FabricLoader/Mixin) fabric-model-loading-api-v1.mixins.json:ModelLoaderMixin from mod fabric-model-loading-api-v1: Class version 65 required is higher than the class version supported by the current version of Mixin (JAVA_17 supports class version 61)
[21:22:52] [Render thread/DEBUG] (FabricLoader/Mixin) Renaming synthetic method lambda$allowRecursiveLoading$0(Lnet/minecraft/util/Identifier;)Ljava/lang/String; to md164862$fabric-model-loading-api-v1$lambda$allowRecursiveLoading$0$0 in fabric-model-loading-api-v1.mixins.json:ModelLoaderMixin from mod fabric-model-loading-api-v1
[21:22:52] [Render thread/DEBUG] (FabricLoader/Mixin) fabric-model-loading-api-v1.mixins.json:ModelLoaderMixin from mod fabric-model-loading-api-v1->@Inject::afterMissingModelInit(Lnet/minecraft/client/color/block/BlockColors;Lnet/minecraft/util/profiler/Profiler;Ljava/util/Map;Ljava/util/Map;Lorg/spongepowered/asm/mixin/injection/callback/CallbackInfo;)V doesn't use it's CallbackInfo
[21:22:52] [Render thread/DEBUG] (FabricLoader/Mixin) fabric-model-loading-api-v1.mixins.json:ModelLoaderMixin from mod fabric-model-loading-api-v1->@Inject::afterMissingModelInit(Lnet/minecraft/client/color/block/BlockColors;Lnet/minecraft/util/profiler/Profiler;Ljava/util/Map;Ljava/util/Map;Lorg/spongepowered/asm/mixin/injection/callback/CallbackInfo;)V has 0 override(s) in child classes
[21:22:52] [Render thread/DEBUG] (FabricLoader/Mixin) fabric-model-loading-api-v1.mixins.json:ModelLoaderMixin from mod fabric-model-loading-api-v1->@Inject::afterMissingModelInit(Lnet/minecraft/client/color/block/BlockColors;Lnet/minecraft/util/profiler/Profiler;Ljava/util/Map;Ljava/util/Map;Lorg/spongepowered/asm/mixin/injection/callback/CallbackInfo;)V won't be passed a CallbackInfo as a result
[21:22:52] [Render thread/DEBUG] (FabricLoader/Mixin) fabric-model-loading-api-v1.mixins.json:ModelLoaderMixin from mod fabric-model-loading-api-v1->@Inject::allowRecursiveLoading(Lnet/minecraft/util/Identifier;Lorg/spongepowered/asm/mixin/injection/callback/CallbackInfoReturnable;)V does use it's CallbackInfoReturnable
[21:22:52] [Render thread/DEBUG] (FabricLoader/Mixin) Mixing client.BakedModelMixin from fabric-renderer-api-v1.mixins.json into net.minecraft.client.render.model.BakedModel
[21:22:52] [Render thread/DEBUG] (FabricLoader/Mixin) Mixing BlockModelRendererMixin from fabric-renderer-indigo.mixins.json into net.minecraft.client.render.block.BlockModelRenderer
[21:22:52] [Render thread/DEBUG] (FabricLoader/Mixin) fabric-renderer-indigo.mixins.json:BlockModelRendererMixin from mod fabric-renderer-indigo->@Inject::hookRender(Lnet/minecraft/world/BlockRenderView;Lnet/minecraft/client/render/model/BakedModel;Lnet/minecraft/block/BlockState;Lnet/minecraft/util/math/BlockPos;Lnet/minecraft/client/util/math/MatrixStack;Lnet/minecraft/client/render/VertexConsumer;ZLnet/minecraft/util/math/random/Random;JILorg/spongepowered/asm/mixin/injection/callback/CallbackInfo;)V does use it's CallbackInfo
[21:22:52] [Render thread/DEBUG] (FabricLoader/Mixin) fabric-renderer-indigo.mixins.json:BlockModelRendererMixin from mod fabric-renderer-indigo->@Inject::onInit(Lorg/spongepowered/asm/mixin/injection/callback/CallbackInfo;)V doesn't use it's CallbackInfo
[21:22:52] [Render thread/DEBUG] (FabricLoader/Mixin) fabric-renderer-indigo.mixins.json:BlockModelRendererMixin from mod fabric-renderer-indigo->@Inject::onInit(Lorg/spongepowered/asm/mixin/injection/callback/CallbackInfo;)V has 0 override(s) in child classes
[21:22:52] [Render thread/DEBUG] (FabricLoader/Mixin) fabric-renderer-indigo.mixins.json:BlockModelRendererMixin from mod fabric-renderer-indigo->@Inject::onInit(Lorg/spongepowered/asm/mixin/injection/callback/CallbackInfo;)V won't be passed a CallbackInfo as a result
[21:22:52] [Render thread/DEBUG] (FabricLoader/Mixin) Mixing FluidRendererMixin from fabric-rendering-fluids-v1.mixins.json into net.minecraft.client.render.block.FluidRenderer
[21:22:52] [Render thread/DEBUG] (FabricLoader/Mixin) fabric-rendering-fluids-v1.mixins.json:FluidRendererMixin from mod fabric-rendering-fluids-v1: Class version 65 required is higher than the class version supported by the current version of Mixin (JAVA_17 supports class version 61)
[21:22:52] [Render thread/DEBUG] (FabricLoader/Mixin) fabric-rendering-fluids-v1.mixins.json:FluidRendererMixin from mod fabric-rendering-fluids-v1->@Inject::onResourceReloadReturn(Lorg/spongepowered/asm/mixin/injection/callback/CallbackInfo;)V doesn't use it's CallbackInfo
[21:22:52] [Render thread/DEBUG] (FabricLoader/Mixin) fabric-rendering-fluids-v1.mixins.json:FluidRendererMixin from mod fabric-rendering-fluids-v1->@Inject::onResourceReloadReturn(Lorg/spongepowered/asm/mixin/injection/callback/CallbackInfo;)V has 0 override(s) in child classes
[21:22:52] [Render thread/DEBUG] (FabricLoader/Mixin) fabric-rendering-fluids-v1.mixins.json:FluidRendererMixin from mod fabric-rendering-fluids-v1->@Inject::onResourceReloadReturn(Lorg/spongepowered/asm/mixin/injection/callback/CallbackInfo;)V won't be passed a CallbackInfo as a result
[21:22:52] [Render thread/DEBUG] (FabricLoader/Mixin) fabric-rendering-fluids-v1.mixins.json:FluidRendererMixin from mod fabric-rendering-fluids-v1->@Inject::onHeadRender(Lnet/minecraft/world/BlockRenderView;Lnet/minecraft/util/math/BlockPos;Lnet/minecraft/client/render/VertexConsumer;Lnet/minecraft/block/BlockState;Lnet/minecraft/fluid/FluidState;Lorg/spongepowered/asm/mixin/injection/callback/CallbackInfo;)V does use it's CallbackInfo
[21:22:52] [Render thread/DEBUG] (FabricLoader/Mixin) Mixing HeldItemRendererMixin from fabric-item-api-v1.client.mixins.json into net.minecraft.client.render.item.HeldItemRenderer
[21:22:52] [Render thread/DEBUG] (FabricLoader/Mixin) fabric-item-api-v1.client.mixins.json:HeldItemRendererMixin from mod fabric-item-api-v1: Class version 65 required is higher than the class version supported by the current version of Mixin (JAVA_17 supports class version 61)
[21:22:52] [Render thread/DEBUG] (FabricLoader/Mixin) fabric-item-api-v1.client.mixins.json:HeldItemRendererMixin from mod fabric-item-api-v1->@Inject::modifyProgressAnimation(Lorg/spongepowered/asm/mixin/injection/callback/CallbackInfo;)V doesn't use it's CallbackInfo
[21:22:52] [Render thread/DEBUG] (FabricLoader/Mixin) fabric-item-api-v1.client.mixins.json:HeldItemRendererMixin from mod fabric-item-api-v1->@Inject::modifyProgressAnimation(Lorg/spongepowered/asm/mixin/injection/callback/CallbackInfo;)V has 0 override(s) in child classes
[21:22:52] [Render thread/DEBUG] (FabricLoader/Mixin) fabric-item-api-v1.client.mixins.json:HeldItemRendererMixin from mod fabric-item-api-v1->@Inject::modifyProgressAnimation(Lorg/spongepowered/asm/mixin/injection/callback/CallbackInfo;)V won't be passed a CallbackInfo as a result
[21:22:52] [Render thread/DEBUG] (FabricLoader/Mixin) Mixing ParticleManagerMixin from fabric-particles-v1.client.mixins.json into net.minecraft.client.particle.ParticleManager
[21:22:52] [Render thread/DEBUG] (FabricLoader/Mixin) fabric-particles-v1.client.mixins.json:ParticleManagerMixin from mod fabric-particles-v1: Class version 65 required is higher than the class version supported by the current version of Mixin (JAVA_17 supports class version 61)
[21:22:52] [Render thread/DEBUG] (FabricLoader/Mixin) Mixing ParticleManagerAccessor from fabric-particles-v1.client.mixins.json into net.minecraft.client.particle.ParticleManager
[21:22:52] [Render thread/DEBUG] (FabricLoader/Mixin) fabric-particles-v1.client.mixins.json:ParticleManagerAccessor from mod fabric-particles-v1: Class version 65 required is higher than the class version supported by the current version of Mixin (JAVA_17 supports class version 61)
[21:22:52] [Render thread/DEBUG] (FabricLoader/Mixin) Mixing ParticleManagerMixin from fabric-registry-sync-v0.client.mixins.json into net.minecraft.client.particle.ParticleManager
[21:22:52] [Render thread/DEBUG] (FabricLoader/Mixin) fabric-registry-sync-v0.client.mixins.json:ParticleManagerMixin from mod fabric-registry-sync-v0: Class version 65 required is higher than the class version supported by the current version of Mixin (JAVA_17 supports class version 61)
[21:22:52] [Render thread/DEBUG] (FabricLoader/Mixin) fabric-particles-v1.client.mixins.json:ParticleManagerMixin from mod fabric-particles-v1->@Inject::onRegisterDefaultFactories(Lorg/spongepowered/asm/mixin/injection/callback/CallbackInfo;)V doesn't use it's CallbackInfo
[21:22:52] [Render thread/DEBUG] (FabricLoader/Mixin) fabric-particles-v1.client.mixins.json:ParticleManagerMixin from mod fabric-particles-v1->@Inject::onRegisterDefaultFactories(Lorg/spongepowered/asm/mixin/injection/callback/CallbackInfo;)V has 0 override(s) in child classes
[21:22:52] [Render thread/DEBUG] (FabricLoader/Mixin) fabric-particles-v1.client.mixins.json:ParticleManagerMixin from mod fabric-particles-v1->@Inject::onRegisterDefaultFactories(Lorg/spongepowered/asm/mixin/injection/callback/CallbackInfo;)V won't be passed a CallbackInfo as a result
[21:22:52] [Render thread/DEBUG] (FabricLoader/Mixin) fabric-registry-sync-v0.client.mixins.json:ParticleManagerMixin from mod fabric-registry-sync-v0->@Inject::onInit(Lnet/minecraft/client/world/ClientWorld;Lnet/minecraft/client/texture/TextureManager;Lorg/spongepowered/asm/mixin/injection/callback/CallbackInfo;)V doesn't use it's CallbackInfo
[21:22:52] [Render thread/DEBUG] (FabricLoader/Mixin) fabric-registry-sync-v0.client.mixins.json:ParticleManagerMixin from mod fabric-registry-sync-v0->@Inject::onInit(Lnet/minecraft/client/world/ClientWorld;Lnet/minecraft/client/texture/TextureManager;Lorg/spongepowered/asm/mixin/injection/callback/CallbackInfo;)V has 0 override(s) in child classes
[21:22:52] [Render thread/DEBUG] (FabricLoader/Mixin) fabric-registry-sync-v0.client.mixins.json:ParticleManagerMixin from mod fabric-registry-sync-v0->@Inject::onInit(Lnet/minecraft/client/world/ClientWorld;Lnet/minecraft/client/texture/TextureManager;Lorg/spongepowered/asm/mixin/injection/callback/CallbackInfo;)V won't be passed a CallbackInfo as a result
[21:22:52] [Render thread/DEBUG] (FabricLoader/Mixin) Mixing BlockDustParticleMixin from fabric-particles-v1.client.mixins.json into net.minecraft.client.particle.BlockDustParticle
[21:22:52] [Render thread/DEBUG] (FabricLoader/Mixin) fabric-particles-v1.client.mixins.json:BlockDustParticleMixin from mod fabric-particles-v1: Class version 65 required is higher than the class version supported by the current version of Mixin (JAVA_17 supports class version 61)
[21:22:52] [Render thread/DEBUG] (FabricLoader/Mixin) Mixing ParticleManagerAccessor$SimpleSpriteProviderAccessor from fabric-particles-v1.client.mixins.json into net.minecraft.client.particle.ParticleManager$SimpleSpriteProvider
[21:22:52] [Render thread/DEBUG] (FabricLoader/Mixin) fabric-particles-v1.client.mixins.json:ParticleManagerAccessor$SimpleSpriteProviderAccessor from mod fabric-particles-v1: Class version 65 required is higher than the class version supported by the current version of Mixin (JAVA_17 supports class version 61)
[21:22:52] [Render thread/DEBUG] (com.mojang.blaze3d.systems.RenderSystem) Growing IndexBuffer: Old limit 0, new limit 9360.
[21:22:52] [Render thread/DEBUG] (com.mojang.blaze3d.systems.RenderSystem) Growing IndexBuffer: Old limit 0, new limit 20.
[21:22:52] [Render thread/DEBUG] (FabricLoader/Mixin) Mixing InGameHudMixin from fabric-rendering-v1.mixins.json into net.minecraft.client.gui.hud.InGameHud
[21:22:52] [Render thread/DEBUG] (FabricLoader/Mixin) fabric-rendering-v1.mixins.json:InGameHudMixin from mod fabric-rendering-v1: Class version 65 required is higher than the class version supported by the current version of Mixin (JAVA_17 supports class version 61)
[21:22:52] [Render thread/DEBUG] (FabricLoader/Mixin) Mixing InGameHudMixin from stafftools.client.mixins.json into net.minecraft.client.gui.hud.InGameHud
[21:22:52] [Render thread/DEBUG] (FabricLoader/Mixin) fabric-rendering-v1.mixins.json:InGameHudMixin from mod fabric-rendering-v1->@Inject::render(Lnet/minecraft/client/gui/DrawContext;Lnet/minecraft/client/render/RenderTickCounter;Lorg/spongepowered/asm/mixin/injection/callback/CallbackInfo;)V doesn't use it's CallbackInfo
[21:22:52] [Render thread/DEBUG] (FabricLoader/Mixin) fabric-rendering-v1.mixins.json:InGameHudMixin from mod fabric-rendering-v1->@Inject::render(Lnet/minecraft/client/gui/DrawContext;Lnet/minecraft/client/render/RenderTickCounter;Lorg/spongepowered/asm/mixin/injection/callback/CallbackInfo;)V has 0 override(s) in child classes
[21:22:52] [Render thread/DEBUG] (FabricLoader/Mixin) fabric-rendering-v1.mixins.json:InGameHudMixin from mod fabric-rendering-v1->@Inject::render(Lnet/minecraft/client/gui/DrawContext;Lnet/minecraft/client/render/RenderTickCounter;Lorg/spongepowered/asm/mixin/injection/callback/CallbackInfo;)V won't be passed a CallbackInfo as a result
[21:22:52] [Render thread/DEBUG] (FabricLoader/Mixin) stafftools.client.mixins.json:InGameHudMixin from mod stafftools->@Inject::stafftools$renderToasts(Lnet/minecraft/client/gui/DrawContext;Lnet/minecraft/client/render/RenderTickCounter;Lorg/spongepowered/asm/mixin/injection/callback/CallbackInfo;)V doesn't use it's CallbackInfo
[21:22:52] [Render thread/DEBUG] (FabricLoader/Mixin) stafftools.client.mixins.json:InGameHudMixin from mod stafftools->@Inject::stafftools$renderToasts(Lnet/minecraft/client/gui/DrawContext;Lnet/minecraft/client/render/RenderTickCounter;Lorg/spongepowered/asm/mixin/injection/callback/CallbackInfo;)V has 0 override(s) in child classes
[21:22:52] [Render thread/DEBUG] (FabricLoader/Mixin) stafftools.client.mixins.json:InGameHudMixin from mod stafftools->@Inject::stafftools$renderToasts(Lnet/minecraft/client/gui/DrawContext;Lnet/minecraft/client/render/RenderTickCounter;Lorg/spongepowered/asm/mixin/injection/callback/CallbackInfo;)V won't be passed a CallbackInfo as a result
[21:22:52] [Render thread/DEBUG] (FabricLoader/Mixin) Mixing DebugHudMixin from fabric-renderer-api-v1.debughud.mixins.json into net.minecraft.client.gui.hud.DebugHud
[21:22:52] [Render thread/DEBUG] (FabricLoader/Mixin) fabric-renderer-api-v1.debughud.mixins.json:DebugHudMixin from mod fabric-renderer-api-v1: Class version 65 required is higher than the class version supported by the current version of Mixin (JAVA_17 supports class version 61)
[21:22:52] [Render thread/DEBUG] (FabricLoader/Mixin) fabric-renderer-api-v1.debughud.mixins.json:DebugHudMixin from mod fabric-renderer-api-v1->@Inject::getLeftText(Lorg/spongepowered/asm/mixin/injection/callback/CallbackInfoReturnable;)V does use it's CallbackInfoReturnable
[21:22:52] [Render thread/DEBUG] (FabricLoader/Mixin) fabric-renderer-api-v1.debughud.mixins.json:DebugHudMixin from mod fabric-renderer-api-v1->@Inject::getLeftText(Lorg/spongepowered/asm/mixin/injection/callback/CallbackInfoReturnable;)V does use it's CallbackInfoReturnable
[21:22:52] [Render thread/DEBUG] (FabricLoader/Mixin) Mixing shader.ShaderProgramImportProcessorMixin from fabric-rendering-v1.mixins.json into net.minecraft.client.gl.ShaderProgram$1
[21:22:52] [Render thread/DEBUG] (FabricLoader/Mixin) fabric-rendering-v1.mixins.json:shader.ShaderProgramImportProcessorMixin from mod fabric-rendering-v1: Class version 65 required is higher than the class version supported by the current version of Mixin (JAVA_17 supports class version 61)
[21:22:52] [Render thread/DEBUG] (FabricLoader/Mixin) fabric-rendering-v1.mixins.json:shader.ShaderProgramImportProcessorMixin from mod fabric-rendering-v1->@Inject::captureImport(ZLjava/lang/String;Lorg/spongepowered/asm/mixin/injection/callback/CallbackInfoReturnable;)V doesn't use it's CallbackInfoReturnable
[21:22:52] [Render thread/DEBUG] (FabricLoader/Mixin) fabric-rendering-v1.mixins.json:shader.ShaderProgramImportProcessorMixin from mod fabric-rendering-v1->@Inject::captureImport(ZLjava/lang/String;Lorg/spongepowered/asm/mixin/injection/callback/CallbackInfoReturnable;)V has 0 override(s) in child classes
[21:22:52] [Render thread/DEBUG] (FabricLoader/Mixin) fabric-rendering-v1.mixins.json:shader.ShaderProgramImportProcessorMixin from mod fabric-rendering-v1->@Inject::captureImport(ZLjava/lang/String;Lorg/spongepowered/asm/mixin/injection/callback/CallbackInfoReturnable;)V won't be passed a CallbackInfoReturnable as a result
[21:22:52] [Render thread/DEBUG] (FabricLoader/Mixin) fabric-rendering-v1.mixins.json:shader.ShaderProgramImportProcessorMixin from mod fabric-rendering-v1->@Inject::uncaptureImport(ZLjava/lang/String;Lorg/spongepowered/asm/mixin/injection/callback/CallbackInfoReturnable;)V doesn't use it's CallbackInfoReturnable
[21:22:52] [Render thread/DEBUG] (FabricLoader/Mixin) fabric-rendering-v1.mixins.json:shader.ShaderProgramImportProcessorMixin from mod fabric-rendering-v1->@Inject::uncaptureImport(ZLjava/lang/String;Lorg/spongepowered/asm/mixin/injection/callback/CallbackInfoReturnable;)V has 0 override(s) in child classes
[21:22:52] [Render thread/DEBUG] (FabricLoader/Mixin) fabric-rendering-v1.mixins.json:shader.ShaderProgramImportProcessorMixin from mod fabric-rendering-v1->@Inject::uncaptureImport(ZLjava/lang/String;Lorg/spongepowered/asm/mixin/injection/callback/CallbackInfoReturnable;)V won't be passed a CallbackInfoReturnable as a result
[21:22:52] [Render thread/DEBUG] (FabricLoader/Mixin) fabric-rendering-v1.mixins.json:shader.ShaderProgramImportProcessorMixin from mod fabric-rendering-v1->@Inject::uncaptureImport(ZLjava/lang/String;Lorg/spongepowered/asm/mixin/injection/callback/CallbackInfoReturnable;)V doesn't use it's CallbackInfoReturnable
[21:22:52] [Render thread/DEBUG] (FabricLoader/Mixin) fabric-rendering-v1.mixins.json:shader.ShaderProgramImportProcessorMixin from mod fabric-rendering-v1->@Inject::uncaptureImport(ZLjava/lang/String;Lorg/spongepowered/asm/mixin/injection/callback/CallbackInfoReturnable;)V has 0 override(s) in child classes
[21:22:52] [Render thread/DEBUG] (FabricLoader/Mixin) fabric-rendering-v1.mixins.json:shader.ShaderProgramImportProcessorMixin from mod fabric-rendering-v1->@Inject::uncaptureImport(ZLjava/lang/String;Lorg/spongepowered/asm/mixin/injection/callback/CallbackInfoReturnable;)V won't be passed a CallbackInfoReturnable as a result
[21:22:52] [Render thread/DEBUG] (FabricLoader/Mixin) fabric-rendering-v1.mixins.json:shader.ShaderProgramImportProcessorMixin from mod fabric-rendering-v1->@Inject::uncaptureImport(ZLjava/lang/String;Lorg/spongepowered/asm/mixin/injection/callback/CallbackInfoReturnable;)V doesn't use it's CallbackInfoReturnable
[21:22:52] [Render thread/DEBUG] (FabricLoader/Mixin) fabric-rendering-v1.mixins.json:shader.ShaderProgramImportProcessorMixin from mod fabric-rendering-v1->@Inject::uncaptureImport(ZLjava/lang/String;Lorg/spongepowered/asm/mixin/injection/callback/CallbackInfoReturnable;)V has 0 override(s) in child classes
[21:22:52] [Render thread/DEBUG] (FabricLoader/Mixin) fabric-rendering-v1.mixins.json:shader.ShaderProgramImportProcessorMixin from mod fabric-rendering-v1->@Inject::uncaptureImport(ZLjava/lang/String;Lorg/spongepowered/asm/mixin/injection/callback/CallbackInfoReturnable;)V won't be passed a CallbackInfoReturnable as a result
[21:22:52] [Render thread/DEBUG] (FabricLoader/Mixin) Mixing ResourceMixin from fabric-resource-loader-v0.mixins.json into net.minecraft.resource.Resource
[21:22:52] [Render thread/DEBUG] (FabricLoader/Mixin) fabric-resource-loader-v0.mixins.json:ResourceMixin from mod fabric-resource-loader-v0: Class version 65 required is higher than the class version supported by the current version of Mixin (JAVA_17 supports class version 61)
[21:22:52] [Render thread/DEBUG] (FabricLoader/Mixin) Mixing MessageHandlerMixin from fabric-message-api-v1.client.mixins.json into net.minecraft.client.network.message.MessageHandler
[21:22:52] [Render thread/DEBUG] (FabricLoader/Mixin) fabric-message-api-v1.client.mixins.json:MessageHandlerMixin from mod fabric-message-api-v1: Class version 65 required is higher than the class version supported by the current version of Mixin (JAVA_17 supports class version 61)
[21:22:52] [Render thread/DEBUG] (FabricLoader/Mixin) fabric-message-api-v1.client.mixins.json:MessageHandlerMixin from mod fabric-message-api-v1->@Inject::fabric_onSignedChatMessage(Lnet/minecraft/network/message/MessageType$Parameters;Lnet/minecraft/network/message/SignedMessage;Lnet/minecraft/text/Text;Lcom/mojang/authlib/GameProfile;ZLjava/time/Instant;Lorg/spongepowered/asm/mixin/injection/callback/CallbackInfoReturnable;)V does use it's CallbackInfoReturnable
[21:22:52] [Render thread/DEBUG] (FabricLoader/Mixin) fabric-message-api-v1.client.mixins.json:MessageHandlerMixin from mod fabric-message-api-v1->@Inject::fabric_onFilteredSignedChatMessage(Lnet/minecraft/network/message/MessageType$Parameters;Lnet/minecraft/network/message/SignedMessage;Lnet/minecraft/text/Text;Lcom/mojang/authlib/GameProfile;ZLjava/time/Instant;Lorg/spongepowered/asm/mixin/injection/callback/CallbackInfoReturnable;)V does use it's CallbackInfoReturnable
[21:22:52] [Render thread/DEBUG] (FabricLoader/Mixin) fabric-message-api-v1.client.mixins.json:MessageHandlerMixin from mod fabric-message-api-v1->@Inject::fabric_onProfilelessChatMessage(Lnet/minecraft/network/message/MessageType$Parameters;Lnet/minecraft/text/Text;Ljava/time/Instant;Lorg/spongepowered/asm/mixin/injection/callback/CallbackInfoReturnable;)V does use it's CallbackInfoReturnable
[21:22:52] [Render thread/DEBUG] (FabricLoader/Mixin) fabric-message-api-v1.client.mixins.json:MessageHandlerMixin from mod fabric-message-api-v1->@Inject::fabric_allowGameMessage(Lnet/minecraft/text/Text;ZLorg/spongepowered/asm/mixin/injection/callback/CallbackInfo;)V does use it's CallbackInfo
[21:22:52] [Render thread/DEBUG] (FabricLoader/Mixin) Mixing accessor.ConnectScreenAccessor from fabric-networking-api-v1.client.mixins.json into net.minecraft.client.gui.screen.multiplayer.ConnectScreen
[21:22:52] [Render thread/DEBUG] (FabricLoader/Mixin) fabric-networking-api-v1.client.mixins.json:accessor.ConnectScreenAccessor from mod fabric-networking-api-v1: Class version 65 required is higher than the class version supported by the current version of Mixin (JAVA_17 supports class version 61)
[21:22:52] [Render thread/INFO] (net.minecraft.resource.ReloadableResourceManagerImpl) Reloading ResourceManager: vanilla, fabric, fabric-api, fabric-api-base, fabric-api-lookup-api-v1, fabric-biome-api-v1, fabric-block-api-v1, fabric-block-view-api-v2, fabric-blockrenderlayer-v1, fabric-client-tags-api-v1, fabric-command-api-v1, fabric-command-api-v2, fabric-commands-v0, fabric-content-registries-v0, fabric-convention-tags-v1, fabric-convention-tags-v2, fabric-crash-report-info-v1, fabric-data-attachment-api-v1, fabric-data-generation-api-v1, fabric-dimensions-v1, fabric-entity-events-v1, fabric-events-interaction-v0, fabric-game-rule-api-v1, fabric-gametest-api-v1, fabric-item-api-v1, fabric-item-group-api-v1, fabric-key-binding-api-v1, fabric-keybindings-v0, fabric-lifecycle-events-v1, fabric-loot-api-v2, fabric-loot-api-v3, fabric-message-api-v1, fabric-model-loading-api-v1, fabric-networking-api-v1, fabric-object-builder-api-v1, fabric-particles-v1, fabric-recipe-api-v1, fabric-registry-sync-v0, fabric-renderer-api-v1, fabric-renderer-indigo, fabric-renderer-registries-v1, fabric-rendering-data-attachment-v1, fabric-rendering-fluids-v1, fabric-rendering-v0, fabric-rendering-v1, fabric-resource-conditions-api-v1, fabric-resource-loader-v0, fabric-screen-api-v1, fabric-screen-handler-api-v1, fabric-sound-api-v1, fabric-tag-api-v1, fabric-transfer-api-v1, fabric-transitive-access-wideners-v1, fabricloader, ias, modmenu, placeholder-api
[21:22:52] [Render thread/DEBUG] (FabricLoader/Mixin) Mixing SimpleResourceReloadMixin from fabric-resource-loader-v0.mixins.json into net.minecraft.resource.SimpleResourceReload
[21:22:52] [Render thread/DEBUG] (FabricLoader/Mixin) fabric-resource-loader-v0.mixins.json:SimpleResourceReloadMixin from mod fabric-resource-loader-v0: Class version 65 required is higher than the class version supported by the current version of Mixin (JAVA_17 supports class version 61)
[21:22:52] [Render thread/DEBUG] (FabricLoader/Mixin) fabric-resource-loader-v0.mixins.json:SimpleResourceReloadMixin from mod fabric-resource-loader-v0->@Inject::method_40087(Lnet/minecraft/resource/ResourceManager;Ljava/util/List;Ljava/util/concurrent/Executor;Ljava/util/concurrent/Executor;Ljava/util/concurrent/CompletableFuture;ZLorg/spongepowered/asm/mixin/injection/callback/CallbackInfoReturnable;)V doesn't use it's CallbackInfoReturnable
[21:22:52] [Worker-Main-3/DEBUG] (FabricLoader/Mixin) Mixing BlockStatesLoaderMixin from fabric-model-loading-api-v1.mixins.json into net.minecraft.client.render.model.BlockStatesLoader
[21:22:52] [Worker-Main-3/DEBUG] (FabricLoader/Mixin) fabric-model-loading-api-v1.mixins.json:BlockStatesLoaderMixin from mod fabric-model-loading-api-v1: Class version 65 required is higher than the class version supported by the current version of Mixin (JAVA_17 supports class version 61)
[21:22:52] [Worker-Main-3/DEBUG] (FabricLoader/Mixin) fabric-model-loading-api-v1.mixins.json:BlockStatesLoaderMixin from mod fabric-model-loading-api-v1->@Inject::onHeadLoadBlockStates(Lnet/minecraft/util/Identifier;Lnet/minecraft/state/StateManager;Lorg/spongepowered/asm/mixin/injection/callback/CallbackInfo;)V does use it's CallbackInfo
[21:22:52] [Worker-Main-9/DEBUG] (FabricLoader/Mixin) Mixing AtlasSourceManagerAccessor from fabric-rendering-v1.mixins.json into net.minecraft.client.texture.atlas.AtlasSourceManager
[21:22:52] [Worker-Main-9/DEBUG] (FabricLoader/Mixin) fabric-rendering-v1.mixins.json:AtlasSourceManagerAccessor from mod fabric-rendering-v1: Class version 65 required is higher than the class version supported by the current version of Mixin (JAVA_17 supports class version 61)
[21:22:52] [Worker-Main-9/DEBUG] (FabricLoader/Mixin) Renaming @Accessor method getSourceTypeById()Lcom/google/common/collect/BiMap; to getSourceTypeById$fabric-rendering-v1_$md$164862$0 in fabric-rendering-v1.mixins.json:AtlasSourceManagerAccessor from mod fabric-rendering-v1
[21:22:52] [Worker-Main-4/INFO] (net.minecraft.client.font.UnihexFont) Found unifont_all_no_pua-15.1.05.hex, loading
[21:22:52] [Worker-Main-1/INFO] (net.minecraft.client.font.UnihexFont) Found unifont_jp_patch-15.1.05.hex, loading
[21:22:53] [Worker-Main-2/DEBUG] (FabricLoader/Mixin) Mixing ModelLoaderBakerImplMixin from fabric-model-loading-api-v1.mixins.json into net.minecraft.client.render.model.ModelLoader$BakerImpl
[21:22:53] [Worker-Main-2/DEBUG] (FabricLoader/Mixin) fabric-model-loading-api-v1.mixins.json:ModelLoaderBakerImplMixin from mod fabric-model-loading-api-v1: Class version 65 required is higher than the class version supported by the current version of Mixin (JAVA_17 supports class version 61)
[21:22:53] [Worker-Main-2/DEBUG] (FabricLoader/Mixin) Mixing client.MultipartBakedModelMixin from fabric-renderer-api-v1.mixins.json into net.minecraft.client.render.model.MultipartBakedModel
[21:22:53] [Worker-Main-2/DEBUG] (FabricLoader/Mixin) Renaming synthetic method lambda$emitBlockQuads$0(Lnet/minecraft/util/math/random/Random;J)Lnet/minecraft/util/math/random/Random; to md164862$fabric-renderer-api-v1$lambda$emitBlockQuads$0$0 in fabric-renderer-api-v1.mixins.json:client.MultipartBakedModelMixin from mod fabric-renderer-api-v1
[21:22:53] [Worker-Main-2/DEBUG] (FabricLoader/Mixin) fabric-renderer-api-v1.mixins.json:client.MultipartBakedModelMixin from mod fabric-renderer-api-v1->@Inject::onInit(Ljava/util/List;Lorg/spongepowered/asm/mixin/injection/callback/CallbackInfo;)V doesn't use it's CallbackInfo
[21:22:53] [Worker-Main-2/DEBUG] (FabricLoader/Mixin) fabric-renderer-api-v1.mixins.json:client.MultipartBakedModelMixin from mod fabric-renderer-api-v1->@Inject::onInit(Ljava/util/List;Lorg/spongepowered/asm/mixin/injection/callback/CallbackInfo;)V has 0 override(s) in child classes
[21:22:53] [Worker-Main-2/DEBUG] (FabricLoader/Mixin) fabric-renderer-api-v1.mixins.json:client.MultipartBakedModelMixin from mod fabric-renderer-api-v1->@Inject::onInit(Ljava/util/List;Lorg/spongepowered/asm/mixin/injection/callback/CallbackInfo;)V won't be passed a CallbackInfo as a result
[21:22:53] [Worker-Main-2/DEBUG] (FabricLoader/Mixin) Mixing client.WeightedBakedModelMixin from fabric-renderer-api-v1.mixins.json into net.minecraft.client.render.model.WeightedBakedModel
[21:22:53] [Worker-Main-2/DEBUG] (FabricLoader/Mixin) Renaming synthetic method lambda$emitItemQuads$1(Ljava/util/function/Supplier;)Lnet/minecraft/util/math/random/Random; to md164862$fabric-renderer-api-v1$lambda$emitItemQuads$1$0 in fabric-renderer-api-v1.mixins.json:client.WeightedBakedModelMixin from mod fabric-renderer-api-v1
[21:22:53] [Worker-Main-2/DEBUG] (FabricLoader/Mixin) Renaming synthetic method lambda$emitBlockQuads$0(Ljava/util/function/Supplier;)Lnet/minecraft/util/math/random/Random; to md164862$fabric-renderer-api-v1$lambda$emitBlockQuads$0$1 in fabric-renderer-api-v1.mixins.json:client.WeightedBakedModelMixin from mod fabric-renderer-api-v1
[21:22:53] [Worker-Main-2/DEBUG] (FabricLoader/Mixin) fabric-renderer-api-v1.mixins.json:client.WeightedBakedModelMixin from mod fabric-renderer-api-v1->@Inject::onInit(Ljava/util/List;Lorg/spongepowered/asm/mixin/injection/callback/CallbackInfo;)V doesn't use it's CallbackInfo
[21:22:53] [Worker-Main-2/DEBUG] (FabricLoader/Mixin) fabric-renderer-api-v1.mixins.json:client.WeightedBakedModelMixin from mod fabric-renderer-api-v1->@Inject::onInit(Ljava/util/List;Lorg/spongepowered/asm/mixin/injection/callback/CallbackInfo;)V has 0 override(s) in child classes
[21:22:53] [Worker-Main-2/DEBUG] (FabricLoader/Mixin) fabric-renderer-api-v1.mixins.json:client.WeightedBakedModelMixin from mod fabric-renderer-api-v1->@Inject::onInit(Ljava/util/List;Lorg/spongepowered/asm/mixin/injection/callback/CallbackInfo;)V won't be passed a CallbackInfo as a result
[21:22:53] [Render thread/WARN] (net.minecraft.client.sound.SoundSystem) Missing sound for event: minecraft:item.goat_horn.play
[21:22:53] [Render thread/WARN] (net.minecraft.client.sound.SoundSystem) Missing sound for event: minecraft:entity.goat.screaming.horn_break
[21:22:54] [Render thread/INFO] (net.minecraft.client.sound.SoundEngine) OpenAL initialized on device OpenAL Soft on Наушники (Nothing Ear (a))
[21:22:54] [Render thread/INFO] (net.minecraft.client.sound.SoundSystem) Sound engine started
[21:22:54] [Render thread/INFO] (net.minecraft.client.texture.SpriteAtlasTexture) Created: 1024x512x0 minecraft:textures/atlas/blocks.png-atlas
[21:22:54] [Render thread/INFO] (net.minecraft.client.texture.SpriteAtlasTexture) Created: 256x256x0 minecraft:textures/atlas/signs.png-atlas
[21:22:54] [Render thread/INFO] (net.minecraft.client.texture.SpriteAtlasTexture) Created: 512x512x0 minecraft:textures/atlas/shield_patterns.png-atlas
[21:22:54] [Render thread/INFO] (net.minecraft.client.texture.SpriteAtlasTexture) Created: 512x512x0 minecraft:textures/atlas/banner_patterns.png-atlas
[21:22:54] [Render thread/INFO] (net.minecraft.client.texture.SpriteAtlasTexture) Created: 1024x1024x0 minecraft:textures/atlas/armor_trims.png-atlas
[21:22:54] [Render thread/INFO] (net.minecraft.client.texture.SpriteAtlasTexture) Created: 128x64x0 minecraft:textures/atlas/decorated_pot.png-atlas
[21:22:54] [Render thread/INFO] (net.minecraft.client.texture.SpriteAtlasTexture) Created: 256x256x0 minecraft:textures/atlas/chest.png-atlas
[21:22:54] [Render thread/INFO] (net.minecraft.client.texture.SpriteAtlasTexture) Created: 512x256x0 minecraft:textures/atlas/shulker_boxes.png-atlas
[21:22:54] [Render thread/INFO] (net.minecraft.client.texture.SpriteAtlasTexture) Created: 512x256x0 minecraft:textures/atlas/beds.png-atlas
[21:22:54] [Render thread/DEBUG] (FabricLoader/Mixin) Mixing EntityModelsMixin from fabric-rendering-v1.mixins.json into net.minecraft.client.render.entity.model.EntityModels
[21:22:54] [Render thread/DEBUG] (FabricLoader/Mixin) fabric-rendering-v1.mixins.json:EntityModelsMixin from mod fabric-rendering-v1: Class version 65 required is higher than the class version supported by the current version of Mixin (JAVA_17 supports class version 61)
[21:22:54] [Render thread/DEBUG] (FabricLoader/Mixin) fabric-rendering-v1.mixins.json:EntityModelsMixin from mod fabric-rendering-v1->@Inject::registerExtraModelData(Lorg/spongepowered/asm/mixin/injection/callback/CallbackInfoReturnable;Lcom/google/common/collect/ImmutableMap$Builder;)V doesn't use it's CallbackInfoReturnable
[21:22:54] [Render thread/DEBUG] (FabricLoader/Mixin) Mixing EntityModelLayersMixin from fabric-object-builder-v1.client.mixins.json into net.minecraft.client.render.entity.model.EntityModelLayers
[21:22:54] [Render thread/DEBUG] (FabricLoader/Mixin) fabric-object-builder-v1.client.mixins.json:EntityModelLayersMixin from mod fabric-object-builder-api-v1: Class version 65 required is higher than the class version supported by the current version of Mixin (JAVA_17 supports class version 61)
[21:22:54] [Render thread/DEBUG] (FabricLoader/Mixin) Mixing EntityModelLayersAccessor from fabric-rendering-v1.mixins.json into net.minecraft.client.render.entity.model.EntityModelLayers
[21:22:54] [Render thread/DEBUG] (FabricLoader/Mixin) fabric-rendering-v1.mixins.json:EntityModelLayersAccessor from mod fabric-rendering-v1: Class version 65 required is higher than the class version supported by the current version of Mixin (JAVA_17 supports class version 61)
[21:22:54] [Render thread/DEBUG] (FabricLoader/Mixin) Renaming @Accessor method getLayers()Ljava/util/Set; to getLayers$fabric-rendering-v1_$md$164862$0 in fabric-rendering-v1.mixins.json:EntityModelLayersAccessor from mod fabric-rendering-v1
[21:22:54] [Render thread/DEBUG] (FabricLoader/Mixin) fabric-object-builder-v1.client.mixins.json:EntityModelLayersMixin from mod fabric-object-builder-api-v1->@Inject::createSign(Lnet/minecraft/block/WoodType;Lorg/spongepowered/asm/mixin/injection/callback/CallbackInfoReturnable;)V does use it's CallbackInfoReturnable
[21:22:54] [Render thread/DEBUG] (FabricLoader/Mixin) fabric-object-builder-v1.client.mixins.json:EntityModelLayersMixin from mod fabric-object-builder-api-v1->@Inject::createHangingSign(Lnet/minecraft/block/WoodType;Lorg/spongepowered/asm/mixin/injection/callback/CallbackInfoReturnable;)V does use it's CallbackInfoReturnable
[21:22:54] [Render thread/DEBUG] (FabricLoader/Mixin) Mixing BlockEntityRendererFactoriesMixin from fabric-rendering-v1.mixins.json into net.minecraft.client.render.block.entity.BlockEntityRendererFactories
[21:22:54] [Render thread/DEBUG] (FabricLoader/Mixin) fabric-rendering-v1.mixins.json:BlockEntityRendererFactoriesMixin from mod fabric-rendering-v1: Class version 65 required is higher than the class version supported by the current version of Mixin (JAVA_17 supports class version 61)
[21:22:54] [Render thread/DEBUG] (FabricLoader/Mixin) Renaming synthetic method lambda$init$0(Lnet/minecraft/block/entity/BlockEntityType;Lnet/minecraft/client/render/block/entity/BlockEntityRendererFactory;)V to md164862$fabric-rendering-v1$lambda$init$0$0 in fabric-rendering-v1.mixins.json:BlockEntityRendererFactoriesMixin from mod fabric-rendering-v1
[21:22:54] [Render thread/DEBUG] (FabricLoader/Mixin) fabric-rendering-v1.mixins.json:BlockEntityRendererFactoriesMixin from mod fabric-rendering-v1->@Inject::init(Lorg/spongepowered/asm/mixin/injection/callback/CallbackInfo;)V doesn't use it's CallbackInfo
[21:22:54] [Render thread/DEBUG] (FabricLoader/Mixin) Mixing EntityRenderersMixin from fabric-rendering-v1.mixins.json into net.minecraft.client.render.entity.EntityRenderers
[21:22:54] [Render thread/DEBUG] (FabricLoader/Mixin) fabric-rendering-v1.mixins.json:EntityRenderersMixin from mod fabric-rendering-v1: Class version 65 required is higher than the class version supported by the current version of Mixin (JAVA_17 supports class version 61)
[21:22:54] [Render thread/DEBUG] (FabricLoader/Mixin) Renaming synthetic method lambda$onRegisterRenderers$0(Lnet/minecraft/entity/EntityType;Lnet/minecraft/client/render/entity/EntityRendererFactory;)V to md164862$fabric-rendering-v1$lambda$onRegisterRenderers$0$0 in fabric-rendering-v1.mixins.json:EntityRenderersMixin from mod fabric-rendering-v1
[21:22:54] [Render thread/DEBUG] (FabricLoader/Mixin) fabric-rendering-v1.mixins.json:EntityRenderersMixin from mod fabric-rendering-v1->@Inject::onRegisterRenderers(Lorg/spongepowered/asm/mixin/injection/callback/CallbackInfo;)V doesn't use it's CallbackInfo
[21:22:54] [Render thread/DEBUG] (FabricLoader/Mixin) Mixing LivingEntityRendererAccessor from fabric-rendering-v1.mixins.json into net.minecraft.client.render.entity.LivingEntityRenderer
[21:22:54] [Render thread/DEBUG] (FabricLoader/Mixin) fabric-rendering-v1.mixins.json:LivingEntityRendererAccessor from mod fabric-rendering-v1: Class version 65 required is higher than the class version supported by the current version of Mixin (JAVA_17 supports class version 61)
[21:22:54] [Render thread/DEBUG] (FabricLoader/Mixin) Mixing ArmorFeatureRendererMixin from fabric-rendering-v1.mixins.json into net.minecraft.client.render.entity.feature.ArmorFeatureRenderer
[21:22:54] [Render thread/DEBUG] (FabricLoader/Mixin) fabric-rendering-v1.mixins.json:ArmorFeatureRendererMixin from mod fabric-rendering-v1: Class version 65 required is higher than the class version supported by the current version of Mixin (JAVA_17 supports class version 61)
[21:22:54] [Render thread/DEBUG] (FabricLoader/Mixin) fabric-rendering-v1.mixins.json:ArmorFeatureRendererMixin from mod fabric-rendering-v1->@Inject::renderArmor(Lnet/minecraft/client/util/math/MatrixStack;Lnet/minecraft/client/render/VertexConsumerProvider;Lnet/minecraft/entity/LivingEntity;Lnet/minecraft/entity/EquipmentSlot;ILnet/minecraft/client/render/entity/model/BipedEntityModel;Lorg/spongepowered/asm/mixin/injection/callback/CallbackInfo;)V does use it's CallbackInfo
[21:22:54] [Render thread/DEBUG] (FabricLoader/Mixin) Mixing HeadFeatureRendererMixin from fabric-rendering-v1.mixins.json into net.minecraft.client.render.entity.feature.HeadFeatureRenderer
[21:22:54] [Render thread/DEBUG] (FabricLoader/Mixin) fabric-rendering-v1.mixins.json:HeadFeatureRendererMixin from mod fabric-rendering-v1: Class version 65 required is higher than the class version supported by the current version of Mixin (JAVA_17 supports class version 61)
[21:22:54] [Render thread/DEBUG] (FabricLoader/Mixin) fabric-rendering-v1.mixins.json:HeadFeatureRendererMixin from mod fabric-rendering-v1->@Inject::disableRenderingForCustomArmor(Lnet/minecraft/client/util/math/MatrixStack;Lnet/minecraft/client/render/VertexConsumerProvider;ILnet/minecraft/entity/LivingEntity;FFFFFFLorg/spongepowered/asm/mixin/injection/callback/CallbackInfo;)V does use it's CallbackInfo
[21:22:55] [Render thread/DEBUG] (FabricLoader/Mixin) Mixing CapeFeatureRendererMixin from fabric-rendering-v1.mixins.json into net.minecraft.client.render.entity.feature.CapeFeatureRenderer
[21:22:55] [Render thread/DEBUG] (FabricLoader/Mixin) fabric-rendering-v1.mixins.json:CapeFeatureRendererMixin from mod fabric-rendering-v1: Class version 65 required is higher than the class version supported by the current version of Mixin (JAVA_17 supports class version 61)
[21:22:55] [Render thread/DEBUG] (FabricLoader/Mixin) fabric-rendering-v1.mixins.json:CapeFeatureRendererMixin from mod fabric-rendering-v1->@Inject::injectCapeRenderCheck(Lnet/minecraft/client/util/math/MatrixStack;Lnet/minecraft/client/render/VertexConsumerProvider;ILnet/minecraft/client/network/AbstractClientPlayerEntity;FFFFFFLorg/spongepowered/asm/mixin/injection/callback/CallbackInfo;)V does use it's CallbackInfo
[21:22:55] [Render thread/INFO] (net.minecraft.client.texture.SpriteAtlasTexture) Created: 512x256x0 minecraft:textures/atlas/particles.png-atlas
[21:22:55] [Render thread/INFO] (net.minecraft.client.texture.SpriteAtlasTexture) Created: 512x256x0 minecraft:textures/atlas/paintings.png-atlas
[21:22:55] [Render thread/INFO] (net.minecraft.client.texture.SpriteAtlasTexture) Created: 256x128x0 minecraft:textures/atlas/mob_effects.png-atlas
[21:22:55] [Render thread/INFO] (net.minecraft.client.texture.SpriteAtlasTexture) Created: 64x64x0 minecraft:textures/atlas/map_decorations.png-atlas
[21:22:55] [Render thread/INFO] (net.minecraft.client.texture.SpriteAtlasTexture) Created: 1024x512x0 minecraft:textures/atlas/gui.png-atlas
[21:22:55] [Render thread/WARN] (net.minecraft.client.gl.ShaderProgram) Shader rendertype_entity_translucent_emissive could not find sampler named Sampler2 in the specified shader program.
[21:23:38] [Render thread/DEBUG] (FabricLoader/Mixin) Mixing AccessorGridWidget from mixins.modmenu.json into net.minecraft.client.gui.widget.GridWidget
[21:23:38] [Render thread/DEBUG] (FabricLoader/Mixin) mixins.modmenu.json:AccessorGridWidget from mod modmenu: Class version 65 required is higher than the class version supported by the current version of Mixin (JAVA_16 supports class version 60)
[21:23:39] [Server Pinger #0/DEBUG] (FabricLoader/Mixin) Mixing ingredient.EncoderHandlerMixin from fabric-recipe-api-v1.mixins.json into net.minecraft.network.handler.EncoderHandler
[21:23:39] [Server Pinger #0/DEBUG] (FabricLoader/Mixin) fabric-recipe-api-v1.mixins.json:ingredient.EncoderHandlerMixin from mod fabric-recipe-api-v1: Class version 65 required is higher than the class version supported by the current version of Mixin (JAVA_17 supports class version 61)
[21:23:39] [Server Pinger #0/DEBUG] (FabricLoader/Mixin) fabric-recipe-api-v1.mixins.json:ingredient.EncoderHandlerMixin from mod fabric-recipe-api-v1->@Inject::capturePacketEncoder(Lio/netty/channel/ChannelHandlerContext;Lnet/minecraft/network/packet/Packet;Lio/netty/buffer/ByteBuf;Lorg/spongepowered/asm/mixin/injection/callback/CallbackInfo;)V doesn't use it's CallbackInfo
[21:23:39] [Server Pinger #0/DEBUG] (FabricLoader/Mixin) fabric-recipe-api-v1.mixins.json:ingredient.EncoderHandlerMixin from mod fabric-recipe-api-v1->@Inject::capturePacketEncoder(Lio/netty/channel/ChannelHandlerContext;Lnet/minecraft/network/packet/Packet;Lio/netty/buffer/ByteBuf;Lorg/spongepowered/asm/mixin/injection/callback/CallbackInfo;)V has 0 override(s) in child classes
[21:23:39] [Server Pinger #0/DEBUG] (FabricLoader/Mixin) fabric-recipe-api-v1.mixins.json:ingredient.EncoderHandlerMixin from mod fabric-recipe-api-v1->@Inject::capturePacketEncoder(Lio/netty/channel/ChannelHandlerContext;Lnet/minecraft/network/packet/Packet;Lio/netty/buffer/ByteBuf;Lorg/spongepowered/asm/mixin/injection/callback/CallbackInfo;)V won't be passed a CallbackInfo as a result
[21:23:39] [Server Pinger #0/DEBUG] (FabricLoader/Mixin) fabric-recipe-api-v1.mixins.json:ingredient.EncoderHandlerMixin from mod fabric-recipe-api-v1->@Inject::releasePacketEncoder(Lio/netty/channel/ChannelHandlerContext;Lnet/minecraft/network/packet/Packet;Lio/netty/buffer/ByteBuf;Lorg/spongepowered/asm/mixin/injection/callback/CallbackInfo;)V doesn't use it's CallbackInfo
[21:23:39] [Server Pinger #0/DEBUG] (FabricLoader/Mixin) fabric-recipe-api-v1.mixins.json:ingredient.EncoderHandlerMixin from mod fabric-recipe-api-v1->@Inject::releasePacketEncoder(Lio/netty/channel/ChannelHandlerContext;Lnet/minecraft/network/packet/Packet;Lio/netty/buffer/ByteBuf;Lorg/spongepowered/asm/mixin/injection/callback/CallbackInfo;)V has 0 override(s) in child classes
[21:23:39] [Server Pinger #0/DEBUG] (FabricLoader/Mixin) fabric-recipe-api-v1.mixins.json:ingredient.EncoderHandlerMixin from mod fabric-recipe-api-v1->@Inject::releasePacketEncoder(Lio/netty/channel/ChannelHandlerContext;Lnet/minecraft/network/packet/Packet;Lio/netty/buffer/ByteBuf;Lorg/spongepowered/asm/mixin/injection/callback/CallbackInfo;)V won't be passed a CallbackInfo as a result
[21:23:39] [Server Pinger #0/DEBUG] (FabricLoader/Mixin) fabric-recipe-api-v1.mixins.json:ingredient.EncoderHandlerMixin from mod fabric-recipe-api-v1->@Inject::releasePacketEncoder(Lio/netty/channel/ChannelHandlerContext;Lnet/minecraft/network/packet/Packet;Lio/netty/buffer/ByteBuf;Lorg/spongepowered/asm/mixin/injection/callback/CallbackInfo;)V doesn't use it's CallbackInfo
[21:23:39] [Server Pinger #0/DEBUG] (FabricLoader/Mixin) fabric-recipe-api-v1.mixins.json:ingredient.EncoderHandlerMixin from mod fabric-recipe-api-v1->@Inject::releasePacketEncoder(Lio/netty/channel/ChannelHandlerContext;Lnet/minecraft/network/packet/Packet;Lio/netty/buffer/ByteBuf;Lorg/spongepowered/asm/mixin/injection/callback/CallbackInfo;)V has 0 override(s) in child classes
[21:23:39] [Server Pinger #0/DEBUG] (FabricLoader/Mixin) fabric-recipe-api-v1.mixins.json:ingredient.EncoderHandlerMixin from mod fabric-recipe-api-v1->@Inject::releasePacketEncoder(Lio/netty/channel/ChannelHandlerContext;Lnet/minecraft/network/packet/Packet;Lio/netty/buffer/ByteBuf;Lorg/spongepowered/asm/mixin/injection/callback/CallbackInfo;)V won't be passed a CallbackInfo as a result
[21:23:39] [Server Pinger #0/DEBUG] (FabricLoader/Mixin) Mixing PacketCodecDispatcherMixin from fabric-networking-api-v1.mixins.json into net.minecraft.network.handler.PacketCodecDispatcher
[21:23:39] [Server Pinger #0/DEBUG] (FabricLoader/Mixin) fabric-networking-api-v1.mixins.json:PacketCodecDispatcherMixin from mod fabric-networking-api-v1: Class version 65 required is higher than the class version supported by the current version of Mixin (JAVA_17 supports class version 61)
[21:23:39] [Server Pinger #0/DEBUG] (FabricLoader/Mixin) fabric-networking-api-v1.mixins.json:PacketCodecDispatcherMixin from mod fabric-networking-api-v1->@Inject::encode(Lio/netty/buffer/ByteBuf;Ljava/lang/Object;Lorg/spongepowered/asm/mixin/injection/callback/CallbackInfo;)V doesn't use it's CallbackInfo
[21:23:39] [Server Pinger #0/DEBUG] (FabricLoader/Mixin) fabric-networking-api-v1.mixins.json:PacketCodecDispatcherMixin from mod fabric-networking-api-v1->@Inject::encode(Lio/netty/buffer/ByteBuf;Ljava/lang/Object;Lorg/spongepowered/asm/mixin/injection/callback/CallbackInfo;)V has 0 override(s) in child classes
[21:23:39] [Server Pinger #0/DEBUG] (FabricLoader/Mixin) fabric-networking-api-v1.mixins.json:PacketCodecDispatcherMixin from mod fabric-networking-api-v1->@Inject::encode(Lio/netty/buffer/ByteBuf;Ljava/lang/Object;Lorg/spongepowered/asm/mixin/injection/callback/CallbackInfo;)V won't be passed a CallbackInfo as a result
[21:23:39] [Server Pinger #0/DEBUG] (io.netty.util.internal.InternalThreadLocalMap) -Dio.netty.threadLocalMap.stringBuilder.initialSize: 1024
[21:23:39] [Server Pinger #0/DEBUG] (io.netty.util.internal.InternalThreadLocalMap) -Dio.netty.threadLocalMap.stringBuilder.maxSize: 4096
[21:23:39] [Server Pinger #0/DEBUG] (io.netty.util.internal.PlatformDependent0) -Dio.netty.noUnsafe: false
[21:23:39] [Server Pinger #0/DEBUG] (io.netty.util.internal.PlatformDependent0) Java version: 21
[21:23:39] [Server Pinger #0/DEBUG] (io.netty.util.internal.PlatformDependent0) sun.misc.Unsafe.theUnsafe: available
[21:23:39] [Server Pinger #0/DEBUG] (io.netty.util.internal.PlatformDependent0) sun.misc.Unsafe.copyMemory: available
[21:23:39] [Server Pinger #0/DEBUG] (io.netty.util.internal.PlatformDependent0) sun.misc.Unsafe.storeFence: available
[21:23:39] [Server Pinger #0/DEBUG] (io.netty.util.internal.PlatformDependent0) java.nio.Buffer.address: available
[21:23:39] [Server Pinger #0/DEBUG] (io.netty.util.internal.PlatformDependent0) direct buffer constructor: unavailable: Reflective setAccessible(true) disabled
[21:23:39] [Server Pinger #0/DEBUG] (io.netty.util.internal.PlatformDependent0) java.nio.Bits.unaligned: available, true
[21:23:39] [Server Pinger #0/DEBUG] (io.netty.util.internal.PlatformDependent0) jdk.internal.misc.Unsafe.allocateUninitializedArray(int): unavailable: class io.netty.util.internal.PlatformDependent0$7 cannot access class jdk.internal.misc.Unsafe (in module java.base) because module java.base does not export jdk.internal.misc to unnamed module @29d89d5d
[21:23:39] [Server Pinger #0/DEBUG] (io.netty.util.internal.PlatformDependent0) java.nio.DirectByteBuffer.<init>(long, {int,long}): unavailable
[21:23:39] [Server Pinger #0/DEBUG] (io.netty.util.internal.PlatformDependent) sun.misc.Unsafe: available
[21:23:39] [Server Pinger #0/DEBUG] (io.netty.util.internal.PlatformDependent) maxDirectMemory: 4078960640 bytes (maybe)
[21:23:39] [Server Pinger #0/DEBUG] (io.netty.util.internal.PlatformDependent) -Dio.netty.tmpdir: C:\Users\73B5~1\AppData\Local\Temp (java.io.tmpdir)
[21:23:39] [Server Pinger #0/DEBUG] (io.netty.util.internal.PlatformDependent) -Dio.netty.bitMode: 64 (sun.arch.data.model)
[21:23:39] [Server Pinger #0/DEBUG] (io.netty.util.internal.PlatformDependent) Platform: Windows
[21:23:39] [Server Pinger #0/DEBUG] (io.netty.util.internal.PlatformDependent) -Dio.netty.maxDirectMemory: -1 bytes
[21:23:39] [Server Pinger #0/DEBUG] (io.netty.util.internal.PlatformDependent) -Dio.netty.uninitializedArrayAllocationThreshold: -1
[21:23:39] [Server Pinger #0/DEBUG] (io.netty.util.internal.CleanerJava9) java.nio.ByteBuffer.cleaner(): available
[21:23:39] [Server Pinger #0/DEBUG] (io.netty.util.internal.PlatformDependent) -Dio.netty.noPreferDirect: false
[21:23:39] [Server Pinger #0/DEBUG] (io.netty.channel.MultithreadEventLoopGroup) -Dio.netty.eventLoopThreads: 24
[21:23:40] [Server Pinger #0/DEBUG] (io.netty.util.concurrent.GlobalEventExecutor) -Dio.netty.globalEventExecutor.quietPeriodSeconds: 1
[21:23:40] [Server Pinger #0/DEBUG] (io.netty.channel.nio.NioEventLoop) -Dio.netty.noKeySetOptimization: false
[21:23:40] [Server Pinger #0/DEBUG] (io.netty.channel.nio.NioEventLoop) -Dio.netty.selectorAutoRebuildThreshold: 512
[21:23:40] [Server Pinger #0/DEBUG] (io.netty.util.internal.PlatformDependent) org.jctools-core.MpscChunkedArrayQueue: available
[21:23:40] [Server Pinger #0/DEBUG] (io.netty.channel.DefaultChannelId) -Dio.netty.processId: 19268 (auto-detected)
[21:23:40] [Server Pinger #0/DEBUG] (io.netty.util.NetUtil) -Djava.net.preferIPv4Stack: false
[21:23:40] [Server Pinger #0/DEBUG] (io.netty.util.NetUtil) -Djava.net.preferIPv6Addresses: false
[21:23:40] [Server Pinger #0/DEBUG] (io.netty.util.NetUtilInitializations) Loopback interface: loopback_0 (Software Loopback Interface 1, 0:0:0:0:0:0:0:1)
[21:23:40] [Server Pinger #0/DEBUG] (io.netty.util.NetUtil) Failed to get SOMAXCONN from sysctl and file \proc\sys\net\core\somaxconn. Default: 200
[21:23:40] [Server Pinger #0/DEBUG] (io.netty.channel.DefaultChannelId) -Dio.netty.machineId: 48:45:e6:ff:fe:9f:78:fc (auto-detected)
[21:23:40] [Server Pinger #0/DEBUG] (io.netty.buffer.PooledByteBufAllocator) -Dio.netty.allocator.numHeapArenas: 24
[21:23:40] [Server Pinger #0/DEBUG] (io.netty.buffer.PooledByteBufAllocator) -Dio.netty.allocator.numDirectArenas: 24
[21:23:40] [Server Pinger #0/DEBUG] (io.netty.buffer.PooledByteBufAllocator) -Dio.netty.allocator.pageSize: 8192
[21:23:40] [Server Pinger #0/DEBUG] (io.netty.buffer.PooledByteBufAllocator) -Dio.netty.allocator.maxOrder: 9
[21:23:40] [Server Pinger #0/DEBUG] (io.netty.buffer.PooledByteBufAllocator) -Dio.netty.allocator.chunkSize: 4194304
[21:23:40] [Server Pinger #0/DEBUG] (io.netty.buffer.PooledByteBufAllocator) -Dio.netty.allocator.smallCacheSize: 256
[21:23:40] [Server Pinger #0/DEBUG] (io.netty.buffer.PooledByteBufAllocator) -Dio.netty.allocator.normalCacheSize: 64
[21:23:40] [Server Pinger #0/DEBUG] (io.netty.buffer.PooledByteBufAllocator) -Dio.netty.allocator.maxCachedBufferCapacity: 32768
[21:23:40] [Server Pinger #0/DEBUG] (io.netty.buffer.PooledByteBufAllocator) -Dio.netty.allocator.cacheTrimInterval: 8192
[21:23:40] [Server Pinger #0/DEBUG] (io.netty.buffer.PooledByteBufAllocator) -Dio.netty.allocator.cacheTrimIntervalMillis: 0
[21:23:40] [Server Pinger #0/DEBUG] (io.netty.buffer.PooledByteBufAllocator) -Dio.netty.allocator.useCacheForAllThreads: false
[21:23:40] [Server Pinger #0/DEBUG] (io.netty.buffer.PooledByteBufAllocator) -Dio.netty.allocator.maxCachedByteBuffersPerChunk: 1023
[21:23:40] [Server Pinger #0/DEBUG] (io.netty.buffer.ByteBufUtil) -Dio.netty.allocator.type: pooled
[21:23:40] [Server Pinger #0/DEBUG] (io.netty.buffer.ByteBufUtil) -Dio.netty.threadLocalDirectBufferSize: 0
[21:23:40] [Server Pinger #0/DEBUG] (io.netty.buffer.ByteBufUtil) -Dio.netty.maxThreadLocalCharBufferSize: 16384
[21:23:40] [Netty Client IO #0/DEBUG] (io.netty.buffer.AbstractByteBuf) -Dio.netty.buffer.checkAccessible: true
[21:23:40] [Netty Client IO #0/DEBUG] (io.netty.buffer.AbstractByteBuf) -Dio.netty.buffer.checkBounds: true
[21:23:40] [Netty Client IO #0/DEBUG] (io.netty.util.ResourceLeakDetectorFactory) Loaded default ResourceLeakDetector: io.netty.util.ResourceLeakDetector@ce9dae4
[21:23:40] [Server Pinger #0/DEBUG] (io.netty.util.Recycler) -Dio.netty.recycler.maxCapacityPerThread: 4096
[21:23:40] [Server Pinger #0/DEBUG] (io.netty.util.Recycler) -Dio.netty.recycler.ratio: 8
[21:23:40] [Server Pinger #0/DEBUG] (io.netty.util.Recycler) -Dio.netty.recycler.chunkSize: 32
[21:23:40] [Server Pinger #0/DEBUG] (io.netty.util.Recycler) -Dio.netty.recycler.blocking: false
[21:23:40] [Server Pinger #0/DEBUG] (io.netty.util.Recycler) -Dio.netty.recycler.batchFastThreadLocalOnly: true
[21:23:40] [Netty Client IO #0/DEBUG] (FabricLoader/Mixin) Mixing VarIntsAccessor from fabric-data-attachment-api-v1.mixins.json into net.minecraft.network.encoding.VarInts
[21:23:40] [Netty Client IO #0/DEBUG] (FabricLoader/Mixin) fabric-data-attachment-api-v1.mixins.json:VarIntsAccessor from mod fabric-data-attachment-api-v1: Class version 65 required is higher than the class version supported by the current version of Mixin (JAVA_17 supports class version 61)
[21:23:40] [Netty Client IO #0/DEBUG] (FabricLoader/Mixin) Renaming @Accessor method getMaxByteSize()I to getMaxByteSize$fabric-data-attachment-api-v1_$md$164862$0 in fabric-data-attachment-api-v1.mixins.json:VarIntsAccessor from mod fabric-data-attachment-api-v1
[21:23:40] [Render thread/INFO] (IAS/IASMinecraft) IAS: Received login request: LoginData{name='uwdie', uuid=c77ee886-9cc2-36bf-8e8e-7c124b270e04, token=[TOKEN], online=false}
[21:23:40] [IAS/INFO] (IAS/IASMinecraft) IAS: Creating user...
[21:23:40] [IAS/INFO] (com.mojang.authlib.yggdrasil.YggdrasilAuthenticationService) Environment: Environment[sessionHost=https://sessionserver.mojang.com, servicesHost=https://api.minecraftservices.com, name=PROD]
[21:23:40] [Yggdrasil Key Fetcher/DEBUG] (com.mojang.authlib.minecraft.client.MinecraftClient) Connecting to https://api.minecraftservices.com/publickeys
[21:23:40] [Render thread/INFO] (IAS/IASMinecraft) IAS: Flushing user...
[21:23:40] [Render thread/INFO] (IAS/IASMinecraft) IAS: Flushed user.
[21:23:45] [Render thread/INFO] (net.minecraft.client.gui.screen.multiplayer.ConnectScreen) Connecting to 5.83.140.205, 25651
[21:23:45] [Server Connector #1/DEBUG] (FabricLoader/Mixin) Mixing LoginQueryResponseC2SPacketMixin from fabric-networking-api-v1.mixins.json into net.minecraft.network.packet.c2s.login.LoginQueryResponseC2SPacket
[21:23:45] [Server Connector #1/DEBUG] (FabricLoader/Mixin) fabric-networking-api-v1.mixins.json:LoginQueryResponseC2SPacketMixin from mod fabric-networking-api-v1: Class version 65 required is higher than the class version supported by the current version of Mixin (JAVA_17 supports class version 61)
[21:23:45] [Server Connector #1/DEBUG] (FabricLoader/Mixin) fabric-networking-api-v1.mixins.json:LoginQueryResponseC2SPacketMixin from mod fabric-networking-api-v1->@Inject::readResponse(ILnet/minecraft/network/PacketByteBuf;Lorg/spongepowered/asm/mixin/injection/callback/CallbackInfoReturnable;)V does use it's CallbackInfoReturnable
[21:23:45] [Server Connector #1/DEBUG] (FabricLoader/Mixin) Mixing LoginQueryRequestS2CPacketMixin from fabric-networking-api-v1.mixins.json into net.minecraft.network.packet.s2c.login.LoginQueryRequestS2CPacket
[21:23:45] [Server Connector #1/DEBUG] (FabricLoader/Mixin) fabric-networking-api-v1.mixins.json:LoginQueryRequestS2CPacketMixin from mod fabric-networking-api-v1: Class version 65 required is higher than the class version supported by the current version of Mixin (JAVA_17 supports class version 61)
[21:23:45] [Server Connector #1/DEBUG] (FabricLoader/Mixin) fabric-networking-api-v1.mixins.json:LoginQueryRequestS2CPacketMixin from mod fabric-networking-api-v1->@Inject::readPayload(Lnet/minecraft/util/Identifier;Lnet/minecraft/network/PacketByteBuf;Lorg/spongepowered/asm/mixin/injection/callback/CallbackInfoReturnable;)V does use it's CallbackInfoReturnable
[21:23:45] [Netty Client IO #4/DEBUG] (FabricLoader/Mixin) Mixing SelectKnownPacksC2SPacketMixin from fabric-resource-loader-v0.mixins.json into net.minecraft.network.packet.c2s.config.SelectKnownPacksC2SPacket
[21:23:45] [Netty Client IO #4/DEBUG] (FabricLoader/Mixin) fabric-resource-loader-v0.mixins.json:SelectKnownPacksC2SPacketMixin from mod fabric-resource-loader-v0: Class version 65 required is higher than the class version supported by the current version of Mixin (JAVA_17 supports class version 61)
[21:23:45] [Netty Client IO #4/DEBUG] (FabricLoader/Mixin) Mixing CustomPayloadS2CPacketMixin from fabric-networking-api-v1.mixins.json into net.minecraft.network.packet.s2c.common.CustomPayloadS2CPacket
[21:23:45] [Netty Client IO #4/DEBUG] (FabricLoader/Mixin) fabric-networking-api-v1.mixins.json:CustomPayloadS2CPacketMixin from mod fabric-networking-api-v1: Class version 65 required is higher than the class version supported by the current version of Mixin (JAVA_17 supports class version 61)
[21:23:45] [Netty Client IO #4/DEBUG] (FabricLoader/Mixin) Renaming synthetic method lambda$wrapConfigCodec$1(Lnet/minecraft/network/PacketByteBuf;Lnet/minecraft/util/Identifier;)Lnet/minecraft/network/packet/CustomPayload$Type; to md164862$fabric-networking-api-v1$lambda$wrapConfigCodec$1$0 in fabric-networking-api-v1.mixins.json:CustomPayloadS2CPacketMixin from mod fabric-networking-api-v1
[21:23:45] [Netty Client IO #4/DEBUG] (FabricLoader/Mixin) Renaming synthetic method lambda$wrapPlayCodec$0(Lnet/minecraft/network/RegistryByteBuf;Lnet/minecraft/util/Identifier;)Lnet/minecraft/network/packet/CustomPayload$Type; to md164862$fabric-networking-api-v1$lambda$wrapPlayCodec$0$1 in fabric-networking-api-v1.mixins.json:CustomPayloadS2CPacketMixin from mod fabric-networking-api-v1
[21:23:45] [Netty Client IO #4/DEBUG] (FabricLoader/Mixin) Mixing SerializableRegistriesMixin from fabric-registry-sync-v0.mixins.json into net.minecraft.registry.SerializableRegistries
[21:23:45] [Netty Client IO #4/DEBUG] (FabricLoader/Mixin) fabric-registry-sync-v0.mixins.json:SerializableRegistriesMixin from mod fabric-registry-sync-v0: Class version 65 required is higher than the class version supported by the current version of Mixin (JAVA_17 supports class version 61)
[21:23:45] [Netty Client IO #4/DEBUG] (FabricLoader/Mixin) fabric-registry-sync-v0.mixins.json:SerializableRegistriesMixin from mod fabric-registry-sync-v0->@Inject::filterNonSyncedEntries(Lnet/minecraft/registry/DynamicRegistryManager$Entry;Lorg/spongepowered/asm/mixin/injection/callback/CallbackInfoReturnable;)V does use it's CallbackInfoReturnable
[21:23:45] [Netty Client IO #4/DEBUG] (FabricLoader/Mixin) fabric-registry-sync-v0.mixins.json:SerializableRegistriesMixin from mod fabric-registry-sync-v0->@Inject::filterNonSyncedEntriesAgain(Ljava/util/Set;Lnet/minecraft/registry/RegistryLoader$Entry;Lcom/mojang/serialization/DynamicOps;Ljava/util/function/BiConsumer;Lnet/minecraft/registry/Registry;Lorg/spongepowered/asm/mixin/injection/callback/CallbackInfo;)V does use it's CallbackInfo
[21:23:46] [Netty Client IO #4/DEBUG] (ClientPlayNetworkAddon for uwdie) Handling inbound packet from channel with name "minecraft:brand"
[21:23:46] [Render thread/DEBUG] (ClientPlayNetworkAddon for uwdie) Handling inbound packet from channel with name "minecraft:brand"
[21:23:46] [Render thread/DEBUG] (FabricLoader/Mixin) Mixing ClientDataPackManagerMixin from fabric-resource-loader-v0.client.mixins.json into net.minecraft.client.resource.ClientDataPackManager
[21:23:46] [Render thread/DEBUG] (FabricLoader/Mixin) fabric-resource-loader-v0.client.mixins.json:ClientDataPackManagerMixin from mod fabric-resource-loader-v0: Class version 65 required is higher than the class version supported by the current version of Mixin (JAVA_17 supports class version 61)
[21:23:46] [Render thread/DEBUG] (net.fabricmc.fabric.impl.resource.loader.ModResourcePackUtil) [Fabric] Starting internal pack sorting with: []
[21:23:46] [Render thread/DEBUG] (net.fabricmc.fabric.impl.resource.loader.ModResourcePackUtil) [Fabric] Removed all internal packs, result: []
[21:23:46] [Render thread/DEBUG] (net.fabricmc.fabric.impl.resource.loader.ModResourcePackUtil) [Fabric] Final sorting result: []
[21:23:46] [Render thread/DEBUG] (net.fabricmc.fabric.impl.resource.loader.ModResourcePackUtil) [Fabric] Starting internal pack sorting with: []
[21:23:46] [Render thread/DEBUG] (net.fabricmc.fabric.impl.resource.loader.ModResourcePackUtil) [Fabric] Removed all internal packs, result: []
[21:23:46] [Render thread/DEBUG] (net.fabricmc.fabric.impl.resource.loader.ModResourcePackUtil) [Fabric] Final sorting result: []
[21:23:46] [Render thread/DEBUG] (FabricLoader/Mixin) Mixing ClientRegistriesDynamicRegistriesMixin from fabric-registry-sync-v0.client.mixins.json into net.minecraft.client.network.ClientRegistries$DynamicRegistries
[21:23:46] [Render thread/DEBUG] (FabricLoader/Mixin) fabric-registry-sync-v0.client.mixins.json:ClientRegistriesDynamicRegistriesMixin from mod fabric-registry-sync-v0: Class version 65 required is higher than the class version supported by the current version of Mixin (JAVA_17 supports class version 61)
[21:23:46] [Render thread/DEBUG] (FabricLoader/Mixin) Renaming synthetic method lambda$skipEmptyRegistries$0(Lnet/minecraft/registry/RegistryLoader$Entry;)Z to md164862$fabric-registry-sync-v0$lambda$skipEmptyRegistries$0$0 in fabric-registry-sync-v0.client.mixins.json:ClientRegistriesDynamicRegistriesMixin from mod fabric-registry-sync-v0
[21:23:46] [Render thread/DEBUG] (FabricLoader/Mixin) Mixing ClientTagLoaderMixin from fabric-lifecycle-events-v1.client.mixins.json into net.minecraft.client.network.ClientTagLoader
[21:23:46] [Render thread/DEBUG] (FabricLoader/Mixin) fabric-lifecycle-events-v1.client.mixins.json:ClientTagLoaderMixin from mod fabric-lifecycle-events-v1: Class version 65 required is higher than the class version supported by the current version of Mixin (JAVA_17 supports class version 61)
[21:23:46] [Render thread/DEBUG] (FabricLoader/Mixin) fabric-lifecycle-events-v1.client.mixins.json:ClientTagLoaderMixin from mod fabric-lifecycle-events-v1->@Inject::invokeTagsLoaded(Lnet/minecraft/registry/DynamicRegistryManager;ZLorg/spongepowered/asm/mixin/injection/callback/CallbackInfo;)V doesn't use it's CallbackInfo
[21:23:46] [Render thread/DEBUG] (FabricLoader/Mixin) fabric-lifecycle-events-v1.client.mixins.json:ClientTagLoaderMixin from mod fabric-lifecycle-events-v1->@Inject::invokeTagsLoaded(Lnet/minecraft/registry/DynamicRegistryManager;ZLorg/spongepowered/asm/mixin/injection/callback/CallbackInfo;)V has 0 override(s) in child classes
[21:23:46] [Render thread/DEBUG] (FabricLoader/Mixin) fabric-lifecycle-events-v1.client.mixins.json:ClientTagLoaderMixin from mod fabric-lifecycle-events-v1->@Inject::invokeTagsLoaded(Lnet/minecraft/registry/DynamicRegistryManager;ZLorg/spongepowered/asm/mixin/injection/callback/CallbackInfo;)V won't be passed a CallbackInfo as a result
[21:23:46] [Render thread/DEBUG] (FabricLoader/Mixin) Mixing RegistryLoaderMixin from fabric-resource-conditions-api-v1.mixins.json into net.minecraft.registry.RegistryLoader
[21:23:46] [Render thread/DEBUG] (FabricLoader/Mixin) fabric-resource-conditions-api-v1.mixins.json:RegistryLoaderMixin from mod fabric-resource-conditions-api-v1: Class version 65 required is higher than the class version supported by the current version of Mixin (JAVA_17 supports class version 61)
[21:23:46] [Render thread/DEBUG] (FabricLoader/Mixin) Mixing RegistryLoaderMixin from fabric-registry-sync-v0.mixins.json into net.minecraft.registry.RegistryLoader
[21:23:46] [Render thread/DEBUG] (FabricLoader/Mixin) fabric-registry-sync-v0.mixins.json:RegistryLoaderMixin from mod fabric-registry-sync-v0: Class version 65 required is higher than the class version supported by the current version of Mixin (JAVA_17 supports class version 61)
[21:23:46] [Render thread/DEBUG] (FabricLoader/Mixin) Renaming synthetic method lambda$static$0()Ljava/lang/Boolean; to md164862$fabric-registry-sync-v0$lambda$static$0$0 in fabric-registry-sync-v0.mixins.json:RegistryLoaderMixin from mod fabric-registry-sync-v0
[21:23:46] [Render thread/DEBUG] (FabricLoader/Mixin) Mixing RegistryLoaderMixin from fabric-item-api-v1.mixins.json into net.minecraft.registry.RegistryLoader
[21:23:46] [Render thread/DEBUG] (FabricLoader/Mixin) fabric-item-api-v1.mixins.json:RegistryLoaderMixin from mod fabric-item-api-v1: Class version 65 required is higher than the class version supported by the current version of Mixin (JAVA_17 supports class version 61)
[21:23:46] [Render thread/DEBUG] (FabricLoader/Mixin) fabric-resource-conditions-api-v1.mixins.json:RegistryLoaderMixin from mod fabric-resource-conditions-api-v1->@Inject::checkResourceCondition(Lnet/minecraft/registry/MutableRegistry;Lcom/mojang/serialization/Decoder;Lnet/minecraft/registry/RegistryOps;Lnet/minecraft/registry/RegistryKey;Lnet/minecraft/resource/Resource;Lnet/minecraft/registry/entry/RegistryEntryInfo;Lorg/spongepowered/asm/mixin/injection/callback/CallbackInfo;)V does use it's CallbackInfo
[21:23:46] [Render thread/DEBUG] (FabricLoader/Mixin) fabric-registry-sync-v0.mixins.json:RegistryLoaderMixin from mod fabric-registry-sync-v0->@Inject::beforeLoad(Ljava/lang/Object;Lnet/minecraft/registry/DynamicRegistryManager;Ljava/util/List;Lorg/spongepowered/asm/mixin/injection/callback/CallbackInfoReturnable;)V doesn't use it's CallbackInfoReturnable
[21:23:46] [Render thread/DEBUG] (FabricLoader/Mixin) Mixing ClientCommandSourceMixin from fabric-command-api-v2.client.mixins.json into net.minecraft.client.network.ClientCommandSource
[21:23:46] [Render thread/DEBUG] (FabricLoader/Mixin) fabric-command-api-v2.client.mixins.json:ClientCommandSourceMixin from mod fabric-command-api-v2: Class version 65 required is higher than the class version supported by the current version of Mixin (JAVA_17 supports class version 61)
[21:23:46] [Render thread/DEBUG] (FabricLoader/Mixin) Mixing RecipeManagerMixin from fabric-resource-conditions-api-v1.mixins.json into net.minecraft.recipe.RecipeManager
[21:23:46] [Render thread/DEBUG] (FabricLoader/Mixin) fabric-resource-conditions-api-v1.mixins.json:RecipeManagerMixin from mod fabric-resource-conditions-api-v1: Class version 65 required is higher than the class version supported by the current version of Mixin (JAVA_17 supports class version 61)
[21:23:46] [Render thread/DEBUG] (FabricLoader/Mixin) Mixing KeyedResourceReloadListenerMixin from fabric-resource-loader-v0.mixins.json into net.minecraft.recipe.RecipeManager
[21:23:46] [Render thread/DEBUG] (FabricLoader/Mixin) fabric-resource-loader-v0.mixins.json:KeyedResourceReloadListenerMixin from mod fabric-resource-loader-v0: Class version 65 required is higher than the class version supported by the current version of Mixin (JAVA_17 supports class version 61)
[21:23:46] [Render thread/DEBUG] (FabricLoader/Mixin) Mixing JsonDataLoaderMixin from fabric-resource-conditions-api-v1.mixins.json into net.minecraft.resource.JsonDataLoader
[21:23:46] [Render thread/DEBUG] (FabricLoader/Mixin) fabric-resource-conditions-api-v1.mixins.json:JsonDataLoaderMixin from mod fabric-resource-conditions-api-v1: Class version 65 required is higher than the class version supported by the current version of Mixin (JAVA_17 supports class version 61)
[21:23:46] [Render thread/DEBUG] (FabricLoader/Mixin) Mixing JsonDataLoaderMixin from fabric-loot-api-v3.mixins.json into net.minecraft.resource.JsonDataLoader
[21:23:46] [Render thread/DEBUG] (FabricLoader/Mixin) fabric-loot-api-v3.mixins.json:JsonDataLoaderMixin from mod fabric-loot-api-v3: Class version 65 required is higher than the class version supported by the current version of Mixin (JAVA_17 supports class version 61)
[21:23:46] [Render thread/DEBUG] (FabricLoader/Mixin) fabric-loot-api-v3.mixins.json:JsonDataLoaderMixin from mod fabric-loot-api-v3->@Inject::fillSourceMap(Lnet/minecraft/resource/ResourceManager;Ljava/lang/String;Lcom/google/gson/Gson;Ljava/util/Map;Lorg/spongepowered/asm/mixin/injection/callback/CallbackInfo;)V doesn't use it's CallbackInfo
[21:23:46] [Render thread/DEBUG] (FabricLoader/Mixin) Mixing BrewingRecipeRegistryBuilderMixin from fabric-content-registries-v0.mixins.json into net.minecraft.recipe.BrewingRecipeRegistry$Builder
[21:23:46] [Render thread/DEBUG] (FabricLoader/Mixin) fabric-content-registries-v0.mixins.json:BrewingRecipeRegistryBuilderMixin from mod fabric-content-registries-v0: Class version 65 required is higher than the class version supported by the current version of Mixin (JAVA_17 supports class version 61)
[21:23:46] [Render thread/DEBUG] (FabricLoader/Mixin) fabric-content-registries-v0.mixins.json:BrewingRecipeRegistryBuilderMixin from mod fabric-content-registries-v0->@Inject::build(Lorg/spongepowered/asm/mixin/injection/callback/CallbackInfoReturnable;)V doesn't use it's CallbackInfoReturnable
[21:23:46] [Render thread/DEBUG] (FabricLoader/Mixin) fabric-content-registries-v0.mixins.json:BrewingRecipeRegistryBuilderMixin from mod fabric-content-registries-v0->@Inject::build(Lorg/spongepowered/asm/mixin/injection/callback/CallbackInfoReturnable;)V has 0 override(s) in child classes
[21:23:46] [Render thread/DEBUG] (FabricLoader/Mixin) fabric-content-registries-v0.mixins.json:BrewingRecipeRegistryBuilderMixin from mod fabric-content-registries-v0->@Inject::build(Lorg/spongepowered/asm/mixin/injection/callback/CallbackInfoReturnable;)V won't be passed a CallbackInfoReturnable as a result
[21:23:47] [Netty Client IO #4/DEBUG] (ClientPlayNetworkAddon for uwdie) Handling inbound packet from channel with name "minecraft:register"
[21:23:47] [Render thread/DEBUG] (FabricLoader/Mixin) Mixing ClientPlayerInteractionManagerMixin from fabric-item-api-v1.client.mixins.json into net.minecraft.client.network.ClientPlayerInteractionManager
[21:23:47] [Render thread/DEBUG] (FabricLoader/Mixin) fabric-item-api-v1.client.mixins.json:ClientPlayerInteractionManagerMixin from mod fabric-item-api-v1: Class version 65 required is higher than the class version supported by the current version of Mixin (JAVA_17 supports class version 61)
[21:23:47] [Render thread/DEBUG] (FabricLoader/Mixin) Mixing ClientPlayerInteractionManagerMixin from fabric-events-interaction-v0.client.mixins.json into net.minecraft.client.network.ClientPlayerInteractionManager
[21:23:47] [Render thread/DEBUG] (FabricLoader/Mixin) fabric-events-interaction-v0.client.mixins.json:ClientPlayerInteractionManagerMixin from mod fabric-events-interaction-v0: Class version 65 required is higher than the class version supported by the current version of Mixin (JAVA_17 supports class version 61)
[21:23:47] [Render thread/DEBUG] (FabricLoader/Mixin) Renaming synthetic method lambda$interactItem$2(Lnet/minecraft/util/Hand;Lnet/minecraft/entity/player/PlayerEntity;I)Lnet/minecraft/network/packet/Packet; to md164862$fabric-events-interaction-v0$lambda$interactItem$2$0 in fabric-events-interaction-v0.client.mixins.json:ClientPlayerInteractionManagerMixin from mod fabric-events-interaction-v0
[21:23:47] [Render thread/DEBUG] (FabricLoader/Mixin) Renaming synthetic method lambda$interactBlock$1(Lnet/minecraft/util/Hand;Lnet/minecraft/util/hit/BlockHitResult;I)Lnet/minecraft/network/packet/Packet; to md164862$fabric-events-interaction-v0$lambda$interactBlock$1$1 in fabric-events-interaction-v0.client.mixins.json:ClientPlayerInteractionManagerMixin from mod fabric-events-interaction-v0
[21:23:47] [Render thread/DEBUG] (FabricLoader/Mixin) Renaming synthetic method lambda$fabric_fireAttackBlockCallback$0(Lnet/minecraft/util/math/BlockPos;Lnet/minecraft/util/math/Direction;I)Lnet/minecraft/network/packet/Packet; to md164862$fabric-events-interaction-v0$lambda$fabric_fireAttackBlockCallback$0$2 in fabric-events-interaction-v0.client.mixins.json:ClientPlayerInteractionManagerMixin from mod fabric-events-interaction-v0
[21:23:47] [Render thread/DEBUG] (FabricLoader/Mixin) fabric-events-interaction-v0.client.mixins.json:ClientPlayerInteractionManagerMixin from mod fabric-events-interaction-v0->@Inject::attackBlock(Lnet/minecraft/util/math/BlockPos;Lnet/minecraft/util/math/Direction;Lorg/spongepowered/asm/mixin/injection/callback/CallbackInfoReturnable;)V does use it's CallbackInfoReturnable
[21:23:47] [Render thread/DEBUG] (FabricLoader/Mixin) fabric-events-interaction-v0.client.mixins.json:ClientPlayerInteractionManagerMixin from mod fabric-events-interaction-v0->@Inject::method_2902(Lnet/minecraft/util/math/BlockPos;Lnet/minecraft/util/math/Direction;Lorg/spongepowered/asm/mixin/injection/callback/CallbackInfoReturnable;)V does use it's CallbackInfoReturnable
[21:23:47] [Render thread/DEBUG] (FabricLoader/Mixin) fabric-events-interaction-v0.client.mixins.json:ClientPlayerInteractionManagerMixin from mod fabric-events-interaction-v0->@Inject::fabric$onBlockBroken(Lnet/minecraft/util/math/BlockPos;Lorg/spongepowered/asm/mixin/injection/callback/CallbackInfoReturnable;Lnet/minecraft/world/World;Lnet/minecraft/block/BlockState;)V doesn't use it's CallbackInfoReturnable
[21:23:47] [Render thread/DEBUG] (FabricLoader/Mixin) fabric-events-interaction-v0.client.mixins.json:ClientPlayerInteractionManagerMixin from mod fabric-events-interaction-v0->@Inject::fabric$onBlockBroken(Lnet/minecraft/util/math/BlockPos;Lorg/spongepowered/asm/mixin/injection/callback/CallbackInfoReturnable;Lnet/minecraft/world/World;Lnet/minecraft/block/BlockState;)V has 0 override(s) in child classes
[21:23:47] [Render thread/DEBUG] (FabricLoader/Mixin) fabric-events-interaction-v0.client.mixins.json:ClientPlayerInteractionManagerMixin from mod fabric-events-interaction-v0->@Inject::fabric$onBlockBroken(Lnet/minecraft/util/math/BlockPos;Lorg/spongepowered/asm/mixin/injection/callback/CallbackInfoReturnable;Lnet/minecraft/world/World;Lnet/minecraft/block/BlockState;)V won't be passed a CallbackInfoReturnable as a result
[21:23:47] [Render thread/DEBUG] (FabricLoader/Mixin) fabric-events-interaction-v0.client.mixins.json:ClientPlayerInteractionManagerMixin from mod fabric-events-interaction-v0->@Inject::interactBlock(Lnet/minecraft/client/network/ClientPlayerEntity;Lnet/minecraft/util/Hand;Lnet/minecraft/util/hit/BlockHitResult;Lorg/spongepowered/asm/mixin/injection/callback/CallbackInfoReturnable;)V does use it's CallbackInfoReturnable
[21:23:47] [Render thread/DEBUG] (FabricLoader/Mixin) fabric-events-interaction-v0.client.mixins.json:ClientPlayerInteractionManagerMixin from mod fabric-events-interaction-v0->@Inject::interactItem(Lnet/minecraft/entity/player/PlayerEntity;Lnet/minecraft/util/Hand;Lorg/spongepowered/asm/mixin/injection/callback/CallbackInfoReturnable;)V does use it's CallbackInfoReturnable
[21:23:47] [Render thread/DEBUG] (FabricLoader/Mixin) fabric-events-interaction-v0.client.mixins.json:ClientPlayerInteractionManagerMixin from mod fabric-events-interaction-v0->@Inject::attackEntity(Lnet/minecraft/entity/player/PlayerEntity;Lnet/minecraft/entity/Entity;Lorg/spongepowered/asm/mixin/injection/callback/CallbackInfo;)V does use it's CallbackInfo
[21:23:47] [Render thread/DEBUG] (FabricLoader/Mixin) Mixing GameRulesAccessor from fabric-game-rule-api-v1.mixins.json into net.minecraft.world.GameRules
[21:23:47] [Render thread/DEBUG] (FabricLoader/Mixin) fabric-game-rule-api-v1.mixins.json:GameRulesAccessor from mod fabric-game-rule-api-v1: Class version 65 required is higher than the class version supported by the current version of Mixin (JAVA_17 supports class version 61)
[21:23:47] [Render thread/DEBUG] (FabricLoader/Mixin) Renaming @Invoker method callRegister(Ljava/lang/String;Lnet/minecraft/world/GameRules$Category;Lnet/minecraft/world/GameRules$Type;)Lnet/minecraft/world/GameRules$Key; to callRegister$fabric-game-rule-api-v1_$md$164862$0 in fabric-game-rule-api-v1.mixins.json:GameRulesAccessor from mod fabric-game-rule-api-v1
[21:23:47] [Render thread/DEBUG] (FabricLoader/Mixin) Renaming @Accessor method getRuleTypes()Ljava/util/Map; to getRuleTypes$fabric-game-rule-api-v1_$md$164862$1 in fabric-game-rule-api-v1.mixins.json:GameRulesAccessor from mod fabric-game-rule-api-v1
[21:23:47] [Render thread/DEBUG] (FabricLoader/Mixin) Mixing GameRulesKeyMixin from fabric-game-rule-api-v1.mixins.json into net.minecraft.world.GameRules$Key
[21:23:47] [Render thread/DEBUG] (FabricLoader/Mixin) fabric-game-rule-api-v1.mixins.json:GameRulesKeyMixin from mod fabric-game-rule-api-v1: Class version 65 required is higher than the class version supported by the current version of Mixin (JAVA_17 supports class version 61)
[21:23:47] [Render thread/DEBUG] (FabricLoader/Mixin) Mixing GameRulesBooleanRuleAccessor from fabric-game-rule-api-v1.mixins.json into net.minecraft.world.GameRules$BooleanRule
[21:23:47] [Render thread/DEBUG] (FabricLoader/Mixin) fabric-game-rule-api-v1.mixins.json:GameRulesBooleanRuleAccessor from mod fabric-game-rule-api-v1: Class version 65 required is higher than the class version supported by the current version of Mixin (JAVA_17 supports class version 61)
[21:23:47] [Render thread/DEBUG] (FabricLoader/Mixin) Renaming @Invoker method invokeCreate(ZLjava/util/function/BiConsumer;)Lnet/minecraft/world/GameRules$Type; to invokeCreate$fabric-game-rule-api-v1_$md$164862$0 in fabric-game-rule-api-v1.mixins.json:GameRulesBooleanRuleAccessor from mod fabric-game-rule-api-v1
[21:23:47] [Render thread/DEBUG] (FabricLoader/Mixin) Mixing GameRulesIntRuleAccessor from fabric-game-rule-api-v1.mixins.json into net.minecraft.world.GameRules$IntRule
[21:23:47] [Render thread/DEBUG] (FabricLoader/Mixin) fabric-game-rule-api-v1.mixins.json:GameRulesIntRuleAccessor from mod fabric-game-rule-api-v1: Class version 65 required is higher than the class version supported by the current version of Mixin (JAVA_17 supports class version 61)
[21:23:47] [Render thread/DEBUG] (FabricLoader/Mixin) Mixing ClientChunkManagerMixin from fabric-lifecycle-events-v1.client.mixins.json into net.minecraft.client.world.ClientChunkManager
[21:23:47] [Render thread/DEBUG] (FabricLoader/Mixin) fabric-lifecycle-events-v1.client.mixins.json:ClientChunkManagerMixin from mod fabric-lifecycle-events-v1: Class version 65 required is higher than the class version supported by the current version of Mixin (JAVA_17 supports class version 61)
[21:23:47] [Render thread/DEBUG] (FabricLoader/Mixin) fabric-lifecycle-events-v1.client.mixins.json:ClientChunkManagerMixin from mod fabric-lifecycle-events-v1->@Inject::onChunkLoad(IILnet/minecraft/network/PacketByteBuf;Lnet/minecraft/nbt/NbtCompound;Ljava/util/function/Consumer;Lorg/spongepowered/asm/mixin/injection/callback/CallbackInfoReturnable;)V does use it's CallbackInfoReturnable
[21:23:47] [Render thread/DEBUG] (FabricLoader/Mixin) fabric-lifecycle-events-v1.client.mixins.json:ClientChunkManagerMixin from mod fabric-lifecycle-events-v1->@Inject::onChunkUnload(IILnet/minecraft/network/PacketByteBuf;Lnet/minecraft/nbt/NbtCompound;Ljava/util/function/Consumer;Lorg/spongepowered/asm/mixin/injection/callback/CallbackInfoReturnable;ILnet/minecraft/world/chunk/WorldChunk;Lnet/minecraft/util/math/ChunkPos;)V doesn't use it's CallbackInfoReturnable
[21:23:47] [Render thread/DEBUG] (FabricLoader/Mixin) fabric-lifecycle-events-v1.client.mixins.json:ClientChunkManagerMixin from mod fabric-lifecycle-events-v1->@Inject::onChunkUnload(IILnet/minecraft/network/PacketByteBuf;Lnet/minecraft/nbt/NbtCompound;Ljava/util/function/Consumer;Lorg/spongepowered/asm/mixin/injection/callback/CallbackInfoReturnable;ILnet/minecraft/world/chunk/WorldChunk;Lnet/minecraft/util/math/ChunkPos;)V has 0 override(s) in child classes
[21:23:47] [Render thread/DEBUG] (FabricLoader/Mixin) fabric-lifecycle-events-v1.client.mixins.json:ClientChunkManagerMixin from mod fabric-lifecycle-events-v1->@Inject::onChunkUnload(IILnet/minecraft/network/PacketByteBuf;Lnet/minecraft/nbt/NbtCompound;Ljava/util/function/Consumer;Lorg/spongepowered/asm/mixin/injection/callback/CallbackInfoReturnable;ILnet/minecraft/world/chunk/WorldChunk;Lnet/minecraft/util/math/ChunkPos;)V won't be passed a CallbackInfoReturnable as a result
[21:23:47] [Render thread/DEBUG] (FabricLoader/Mixin) fabric-lifecycle-events-v1.client.mixins.json:ClientChunkManagerMixin from mod fabric-lifecycle-events-v1->@Inject::onChunkUnload(Lnet/minecraft/util/math/ChunkPos;Lorg/spongepowered/asm/mixin/injection/callback/CallbackInfo;ILnet/minecraft/world/chunk/WorldChunk;)V doesn't use it's CallbackInfo
[21:23:47] [Render thread/DEBUG] (FabricLoader/Mixin) fabric-lifecycle-events-v1.client.mixins.json:ClientChunkManagerMixin from mod fabric-lifecycle-events-v1->@Inject::onChunkUnload(Lnet/minecraft/util/math/ChunkPos;Lorg/spongepowered/asm/mixin/injection/callback/CallbackInfo;ILnet/minecraft/world/chunk/WorldChunk;)V has 0 override(s) in child classes
[21:23:47] [Render thread/DEBUG] (FabricLoader/Mixin) fabric-lifecycle-events-v1.client.mixins.json:ClientChunkManagerMixin from mod fabric-lifecycle-events-v1->@Inject::onChunkUnload(Lnet/minecraft/util/math/ChunkPos;Lorg/spongepowered/asm/mixin/injection/callback/CallbackInfo;ILnet/minecraft/world/chunk/WorldChunk;)V won't be passed a CallbackInfo as a result
[21:23:47] [Render thread/DEBUG] (FabricLoader/Mixin) fabric-lifecycle-events-v1.client.mixins.json:ClientChunkManagerMixin from mod fabric-lifecycle-events-v1->@Inject::onUpdateLoadDistance(ILorg/spongepowered/asm/mixin/injection/callback/CallbackInfo;IILnet/minecraft/client/world/ClientChunkManager$ClientChunkMap;ILnet/minecraft/world/chunk/WorldChunk;Lnet/minecraft/util/math/ChunkPos;)V doesn't use it's CallbackInfo
[21:23:47] [Render thread/DEBUG] (FabricLoader/Mixin) fabric-lifecycle-events-v1.client.mixins.json:ClientChunkManagerMixin from mod fabric-lifecycle-events-v1->@Inject::onUpdateLoadDistance(ILorg/spongepowered/asm/mixin/injection/callback/CallbackInfo;IILnet/minecraft/client/world/ClientChunkManager$ClientChunkMap;ILnet/minecraft/world/chunk/WorldChunk;Lnet/minecraft/util/math/ChunkPos;)V has 0 override(s) in child classes
[21:23:47] [Render thread/DEBUG] (FabricLoader/Mixin) fabric-lifecycle-events-v1.client.mixins.json:ClientChunkManagerMixin from mod fabric-lifecycle-events-v1->@Inject::onUpdateLoadDistance(ILorg/spongepowered/asm/mixin/injection/callback/CallbackInfo;IILnet/minecraft/client/world/ClientChunkManager$ClientChunkMap;ILnet/minecraft/world/chunk/WorldChunk;Lnet/minecraft/util/math/ChunkPos;)V won't be passed a CallbackInfo as a result
[21:23:47] [Render thread/DEBUG] (FabricLoader/Mixin) Mixing ClientWorldClientEntityHandlerMixin from fabric-lifecycle-events-v1.client.mixins.json into net.minecraft.client.world.ClientWorld$ClientEntityHandler
[21:23:47] [Render thread/DEBUG] (FabricLoader/Mixin) fabric-lifecycle-events-v1.client.mixins.json:ClientWorldClientEntityHandlerMixin from mod fabric-lifecycle-events-v1: Class version 65 required is higher than the class version supported by the current version of Mixin (JAVA_17 supports class version 61)
[21:23:47] [Render thread/DEBUG] (FabricLoader/Mixin) fabric-lifecycle-events-v1.client.mixins.json:ClientWorldClientEntityHandlerMixin from mod fabric-lifecycle-events-v1->@Inject::invokeLoadEntity(Lnet/minecraft/entity/Entity;Lorg/spongepowered/asm/mixin/injection/callback/CallbackInfo;)V doesn't use it's CallbackInfo
[21:23:47] [Render thread/DEBUG] (FabricLoader/Mixin) fabric-lifecycle-events-v1.client.mixins.json:ClientWorldClientEntityHandlerMixin from mod fabric-lifecycle-events-v1->@Inject::invokeUnloadEntity(Lnet/minecraft/entity/Entity;Lorg/spongepowered/asm/mixin/injection/callback/CallbackInfo;)V doesn't use it's CallbackInfo
[21:23:47] [Render thread/DEBUG] (FabricLoader/Mixin) Mixing ChunkSectionMixin from fabric-block-api-v1.mixins.json into net.minecraft.world.chunk.ChunkSection
[21:23:47] [Render thread/DEBUG] (FabricLoader/Mixin) fabric-block-api-v1.mixins.json:ChunkSectionMixin from mod fabric-block-api-v1: Class version 65 required is higher than the class version supported by the current version of Mixin (JAVA_17 supports class version 61)
[21:23:47] [Render thread/DEBUG] (FabricLoader/Mixin) Mixing DimensionEffectsAccessor from fabric-rendering-v1.mixins.json into net.minecraft.client.render.DimensionEffects
[21:23:47] [Render thread/DEBUG] (FabricLoader/Mixin) fabric-rendering-v1.mixins.json:DimensionEffectsAccessor from mod fabric-rendering-v1: Class version 65 required is higher than the class version supported by the current version of Mixin (JAVA_17 supports class version 61)
[21:23:47] [Render thread/DEBUG] (FabricLoader/Mixin) Renaming @Accessor method getIdentifierMap()Lit/unimi/dsi/fastutil/objects/Object2ObjectMap; to getIdentifierMap$fabric-rendering-v1_$md$164862$0 in fabric-rendering-v1.mixins.json:DimensionEffectsAccessor from mod fabric-rendering-v1
[21:23:47] [Render thread/DEBUG] (FabricLoader/Mixin) Mixing SectionBuilderMixin from fabric-renderer-indigo.mixins.json into net.minecraft.client.render.chunk.SectionBuilder
[21:23:47] [Render thread/DEBUG] (FabricLoader/Mixin) Renaming synthetic method lambda$hookBuild$0(Ljava/util/Map;Lnet/minecraft/client/render/chunk/BlockBufferAllocatorStorage;Lnet/minecraft/client/render/RenderLayer;)Lnet/minecraft/client/render/BufferBuilder; to md164862$fabric-renderer-indigo$lambda$hookBuild$0$0 in fabric-renderer-indigo.mixins.json:SectionBuilderMixin from mod fabric-renderer-indigo
[21:23:47] [Render thread/DEBUG] (FabricLoader/Mixin) fabric-renderer-indigo.mixins.json:SectionBuilderMixin from mod fabric-renderer-indigo->@Inject::hookBuild(Lnet/minecraft/util/math/ChunkSectionPos;Lnet/minecraft/client/render/chunk/ChunkRendererRegion;Lcom/mojang/blaze3d/systems/VertexSorter;Lnet/minecraft/client/render/chunk/BlockBufferAllocatorStorage;Lorg/spongepowered/asm/mixin/injection/callback/CallbackInfoReturnable;)V doesn't use it's CallbackInfoReturnable
[21:23:47] [Render thread/DEBUG] (FabricLoader/Mixin) fabric-renderer-indigo.mixins.json:SectionBuilderMixin from mod fabric-renderer-indigo->@Inject::hookBuild(Lnet/minecraft/util/math/ChunkSectionPos;Lnet/minecraft/client/render/chunk/ChunkRendererRegion;Lcom/mojang/blaze3d/systems/VertexSorter;Lnet/minecraft/client/render/chunk/BlockBufferAllocatorStorage;Lorg/spongepowered/asm/mixin/injection/callback/CallbackInfoReturnable;)V has 0 override(s) in child classes
[21:23:47] [Render thread/DEBUG] (FabricLoader/Mixin) fabric-renderer-indigo.mixins.json:SectionBuilderMixin from mod fabric-renderer-indigo->@Inject::hookBuild(Lnet/minecraft/util/math/ChunkSectionPos;Lnet/minecraft/client/render/chunk/ChunkRendererRegion;Lcom/mojang/blaze3d/systems/VertexSorter;Lnet/minecraft/client/render/chunk/BlockBufferAllocatorStorage;Lorg/spongepowered/asm/mixin/injection/callback/CallbackInfoReturnable;)V won't be passed a CallbackInfoReturnable as a result
[21:23:47] [Render thread/DEBUG] (FabricLoader/Mixin) fabric-renderer-indigo.mixins.json:SectionBuilderMixin from mod fabric-renderer-indigo->@Inject::hookBuildReturn(Lnet/minecraft/util/math/ChunkSectionPos;Lnet/minecraft/client/render/chunk/ChunkRendererRegion;Lcom/mojang/blaze3d/systems/VertexSorter;Lnet/minecraft/client/render/chunk/BlockBufferAllocatorStorage;Lorg/spongepowered/asm/mixin/injection/callback/CallbackInfoReturnable;)V doesn't use it's CallbackInfoReturnable
[21:23:47] [Render thread/DEBUG] (FabricLoader/Mixin) fabric-renderer-indigo.mixins.json:SectionBuilderMixin from mod fabric-renderer-indigo->@Inject::hookBuildReturn(Lnet/minecraft/util/math/ChunkSectionPos;Lnet/minecraft/client/render/chunk/ChunkRendererRegion;Lcom/mojang/blaze3d/systems/VertexSorter;Lnet/minecraft/client/render/chunk/BlockBufferAllocatorStorage;Lorg/spongepowered/asm/mixin/injection/callback/CallbackInfoReturnable;)V has 0 override(s) in child classes
[21:23:47] [Render thread/DEBUG] (FabricLoader/Mixin) fabric-renderer-indigo.mixins.json:SectionBuilderMixin from mod fabric-renderer-indigo->@Inject::hookBuildReturn(Lnet/minecraft/util/math/ChunkSectionPos;Lnet/minecraft/client/render/chunk/ChunkRendererRegion;Lcom/mojang/blaze3d/systems/VertexSorter;Lnet/minecraft/client/render/chunk/BlockBufferAllocatorStorage;Lorg/spongepowered/asm/mixin/injection/callback/CallbackInfoReturnable;)V won't be passed a CallbackInfoReturnable as a result
[21:23:47] [Render thread/DEBUG] (FabricLoader/Mixin) Mixing RenderLayersMixin from fabric-blockrenderlayer-v1.mixins.json into net.minecraft.client.render.RenderLayers
[21:23:47] [Render thread/DEBUG] (FabricLoader/Mixin) fabric-blockrenderlayer-v1.mixins.json:RenderLayersMixin from mod fabric-blockrenderlayer-v1: Class version 65 required is higher than the class version supported by the current version of Mixin (JAVA_17 supports class version 61)
[21:23:47] [Render thread/DEBUG] (FabricLoader/Mixin) fabric-blockrenderlayer-v1.mixins.json:RenderLayersMixin from mod fabric-blockrenderlayer-v1->@Inject::onInitialize(Lorg/spongepowered/asm/mixin/injection/callback/CallbackInfo;)V doesn't use it's CallbackInfo
[21:23:47] [Netty Client IO #4/DEBUG] (ClientPlayNetworkAddon for uwdie) Handling inbound packet from channel with name "minecraft:brand"
[21:23:47] [Render thread/DEBUG] (FabricLoader/Mixin) Mixing HangingSignEditScreenMixin from fabric-object-builder-v1.client.mixins.json into net.minecraft.client.gui.screen.ingame.HangingSignEditScreen
[21:23:47] [Render thread/DEBUG] (FabricLoader/Mixin) fabric-object-builder-v1.client.mixins.json:HangingSignEditScreenMixin from mod fabric-object-builder-api-v1: Class version 65 required is higher than the class version supported by the current version of Mixin (JAVA_17 supports class version 61)
[21:23:47] [Render thread/DEBUG] (FabricLoader/Mixin) Renaming synthetic method lambda$init$0(Ljava/lang/String;)Ljava/lang/String; to md164862$fabric-object-builder-api-v1$lambda$init$0$0 in fabric-object-builder-v1.client.mixins.json:HangingSignEditScreenMixin from mod fabric-object-builder-api-v1
[21:23:47] [Render thread/INFO] (net.minecraft.client.gui.hud.ChatHud) [System] [CHAT] Grim » Alerts enabled
[21:23:47] [Render thread/INFO] (net.minecraft.client.gui.hud.ChatHud) [System] [CHAT] Grim » Verbose enabled
[21:23:47] [Render thread/INFO] (net.minecraft.client.gui.hud.ChatHud) [System] [CHAT] Grim » Brands enabled
[21:23:47] [Render thread/INFO] (net.minecraft.client.gui.hud.ChatHud) [System] [CHAT] (FAWE) An update for FastAsyncWorldEdit is available. You are 283 build(s) behind.\nYou are running build 1089, the latest build is 1372.\nUpdate at https://ci.athion.net/job/FastAsyncWorldEdit
[21:23:47] [Render thread/INFO] (net.minecraft.client.gui.hud.ChatHud) [System] [CHAT] (FAWE) A new release for FastAsyncWorldEdit is available: 2.15.4. You are currently on 2.13.1. Download from Modrinth, Hangar or SpigotMC.
[21:23:47] [Render thread/DEBUG] (ClientPlayNetworkAddon for uwdie) Handling inbound packet from channel with name "minecraft:brand"
[21:23:47] [Render thread/INFO] (net.minecraft.client.gui.hud.ChatHud) [System] [CHAT] An update for PlaceholderAPI (PlaceholderAPI v2.12.3)
[21:23:47] [Render thread/INFO] (net.minecraft.client.gui.hud.ChatHud) [System] [CHAT] is available at https://www.spigotmc.org/resources/placeholderapi.6245/
[21:23:47] [Render thread/WARN] (net.minecraft.client.network.ClientPlayNetworkHandler) Ignoring player info update for unknown player c77ee886-9cc2-36bf-8e8e-7c124b270e04 ([UPDATE_DISPLAY_NAME])
[21:23:47] [Render thread/DEBUG] (FabricLoader/Mixin) Mixing CreativeInventoryScreenMixin from fabric-item-group-api-v1.client.mixins.json into net.minecraft.client.gui.screen.ingame.CreativeInventoryScreen
[21:23:47] [Render thread/DEBUG] (FabricLoader/Mixin) fabric-item-group-api-v1.client.mixins.json:CreativeInventoryScreenMixin from mod fabric-item-group-api-v1: Class version 65 required is higher than the class version supported by the current version of Mixin (JAVA_17 supports class version 61)
[21:23:47] [Render thread/DEBUG] (FabricLoader/Mixin) Renaming synthetic method lambda$getItemGroupsOnPage$3(Lnet/minecraft/item/ItemGroup;Lnet/minecraft/item/ItemGroup;)I to md164862$fabric-item-group-api-v1$lambda$getItemGroupsOnPage$3$0 in fabric-item-group-api-v1.client.mixins.json:CreativeInventoryScreenMixin from mod fabric-item-group-api-v1
[21:23:47] [Render thread/DEBUG] (FabricLoader/Mixin) Renaming synthetic method lambda$getItemGroupsOnPage$2(ILnet/minecraft/item/ItemGroup;)Z to md164862$fabric-item-group-api-v1$lambda$getItemGroupsOnPage$2$1 in fabric-item-group-api-v1.client.mixins.json:CreativeInventoryScreenMixin from mod fabric-item-group-api-v1
[21:23:47] [Render thread/DEBUG] (FabricLoader/Mixin) Renaming synthetic method lambda$hasGroupForPage$1(ILnet/minecraft/item/ItemGroup;)Z to md164862$fabric-item-group-api-v1$lambda$hasGroupForPage$1$2 in fabric-item-group-api-v1.client.mixins.json:CreativeInventoryScreenMixin from mod fabric-item-group-api-v1
[21:23:47] [Render thread/DEBUG] (FabricLoader/Mixin) Renaming synthetic method lambda$updateSelection$0(Lnet/minecraft/item/ItemGroup;Lnet/minecraft/item/ItemGroup;)I to md164862$fabric-item-group-api-v1$lambda$updateSelection$0$3 in fabric-item-group-api-v1.client.mixins.json:CreativeInventoryScreenMixin from mod fabric-item-group-api-v1
[21:23:47] [Render thread/DEBUG] (FabricLoader/Mixin) fabric-item-group-api-v1.client.mixins.json:CreativeInventoryScreenMixin from mod fabric-item-group-api-v1->@Inject::init(Lorg/spongepowered/asm/mixin/injection/callback/CallbackInfo;)V doesn't use it's CallbackInfo
[21:23:47] [Render thread/DEBUG] (FabricLoader/Mixin) fabric-item-group-api-v1.client.mixins.json:CreativeInventoryScreenMixin from mod fabric-item-group-api-v1->@Inject::init(Lorg/spongepowered/asm/mixin/injection/callback/CallbackInfo;)V has 0 override(s) in child classes
[21:23:47] [Render thread/DEBUG] (FabricLoader/Mixin) fabric-item-group-api-v1.client.mixins.json:CreativeInventoryScreenMixin from mod fabric-item-group-api-v1->@Inject::init(Lorg/spongepowered/asm/mixin/injection/callback/CallbackInfo;)V won't be passed a CallbackInfo as a result
[21:23:47] [Render thread/DEBUG] (FabricLoader/Mixin) fabric-item-group-api-v1.client.mixins.json:CreativeInventoryScreenMixin from mod fabric-item-group-api-v1->@Inject::setSelectedTab(Lnet/minecraft/item/ItemGroup;Lorg/spongepowered/asm/mixin/injection/callback/CallbackInfo;)V does use it's CallbackInfo
[21:23:47] [Render thread/DEBUG] (FabricLoader/Mixin) fabric-item-group-api-v1.client.mixins.json:CreativeInventoryScreenMixin from mod fabric-item-group-api-v1->@Inject::renderTabTooltipIfHovered(Lnet/minecraft/client/gui/DrawContext;Lnet/minecraft/item/ItemGroup;IILorg/spongepowered/asm/mixin/injection/callback/CallbackInfoReturnable;)V does use it's CallbackInfoReturnable
[21:23:47] [Render thread/DEBUG] (FabricLoader/Mixin) fabric-item-group-api-v1.client.mixins.json:CreativeInventoryScreenMixin from mod fabric-item-group-api-v1->@Inject::isClickInTab(Lnet/minecraft/item/ItemGroup;DDLorg/spongepowered/asm/mixin/injection/callback/CallbackInfoReturnable;)V does use it's CallbackInfoReturnable
[21:23:47] [Render thread/DEBUG] (FabricLoader/Mixin) fabric-item-group-api-v1.client.mixins.json:CreativeInventoryScreenMixin from mod fabric-item-group-api-v1->@Inject::renderTabIcon(Lnet/minecraft/client/gui/DrawContext;Lnet/minecraft/item/ItemGroup;Lorg/spongepowered/asm/mixin/injection/callback/CallbackInfo;)V does use it's CallbackInfo
[21:23:47] [Render thread/INFO] (net.minecraft.client.gui.hud.ChatHud) [System] [CHAT] ⚠ Вы используете пиратский Minecraft. TLauncher и SKLauncher мешают отображению скинов SkinsRestorer. Вы можете проигнорировать это сообщение, если используете безопасный лаунчер, например Prism, или уже исправили эту проблему. Чтобы узнать, как это исправить, посетите эту страницу: https://skinsrestorer.net/docs/troubleshooting/launcher-issues [игнорировать]
[21:23:47] [Worker-Main-11/DEBUG] (FabricLoader/Mixin) Mixing EnchantmentHelperMixin from fabric-item-api-v1.mixins.json into net.minecraft.enchantment.EnchantmentHelper
[21:23:47] [Worker-Main-11/DEBUG] (FabricLoader/Mixin) fabric-item-api-v1.mixins.json:EnchantmentHelperMixin from mod fabric-item-api-v1: Class version 65 required is higher than the class version supported by the current version of Mixin (JAVA_17 supports class version 61)
[21:23:47] [Render thread/INFO] (net.minecraft.client.gui.hud.ChatHud) [System] [CHAT] → ᴀᴅᴍɪɴ sosal ᴀʀᴛᴇʀʏ
[21:23:47] [Render thread/DEBUG] (FabricLoader/Mixin) Mixing ChunkRendererRegionBuilderMixin from fabric-block-view-api-v2.client.mixins.json into net.minecraft.client.render.chunk.ChunkRendererRegionBuilder
[21:23:47] [Render thread/DEBUG] (FabricLoader/Mixin) fabric-block-view-api-v2.client.mixins.json:ChunkRendererRegionBuilderMixin from mod fabric-block-view-api-v2: Class version 65 required is higher than the class version supported by the current version of Mixin (JAVA_17 supports class version 61)
[21:23:47] [Render thread/DEBUG] (FabricLoader/Mixin) fabric-block-view-api-v2.client.mixins.json:ChunkRendererRegionBuilderMixin from mod fabric-block-view-api-v2->@Inject::copyDataForChunk(Lnet/minecraft/world/World;Lnet/minecraft/util/math/ChunkSectionPos;Lorg/spongepowered/asm/mixin/injection/callback/CallbackInfoReturnable;)V doesn't use it's CallbackInfoReturnable
[21:23:47] [Render thread/DEBUG] (FabricLoader/Mixin) fabric-block-view-api-v2.client.mixins.json:ChunkRendererRegionBuilderMixin from mod fabric-block-view-api-v2->@Inject::copyDataForChunk(Lnet/minecraft/world/World;Lnet/minecraft/util/math/ChunkSectionPos;Lorg/spongepowered/asm/mixin/injection/callback/CallbackInfoReturnable;)V has 0 override(s) in child classes
[21:23:47] [Render thread/DEBUG] (FabricLoader/Mixin) fabric-block-view-api-v2.client.mixins.json:ChunkRendererRegionBuilderMixin from mod fabric-block-view-api-v2->@Inject::copyDataForChunk(Lnet/minecraft/world/World;Lnet/minecraft/util/math/ChunkSectionPos;Lorg/spongepowered/asm/mixin/injection/callback/CallbackInfoReturnable;)V won't be passed a CallbackInfoReturnable as a result
[21:23:47] [Render thread/DEBUG] (FabricLoader/Mixin) fabric-block-view-api-v2.client.mixins.json:ChunkRendererRegionBuilderMixin from mod fabric-block-view-api-v2->@Inject::createDataMap(Lnet/minecraft/world/World;Lnet/minecraft/util/math/ChunkSectionPos;Lorg/spongepowered/asm/mixin/injection/callback/CallbackInfoReturnable;)V does use it's CallbackInfoReturnable
[21:23:47] [Render thread/INFO] (net.minecraft.client.gui.hud.ChatHud) [System] [CHAT] ══════════════════════════════
[21:23:47] [Render thread/INFO] (net.minecraft.client.gui.hud.ChatHud) [System] [CHAT]      Привет, sosal!
[21:23:47] [Render thread/INFO] (net.minecraft.client.gui.hud.ChatHud) [System] [CHAT]      Ты на [ᴏɴɪꜱʟᴀɴᴅ] — место твоих приключений!
[21:23:47] [Render thread/INFO] (net.minecraft.client.gui.hud.ChatHud) [System] [CHAT]      Начни с /menu и создавай историю!
[21:23:47] [Render thread/INFO] (net.minecraft.client.gui.hud.ChatHud) [System] [CHAT] 
[21:23:47] [Render thread/INFO] (net.minecraft.client.gui.hud.ChatHud) [System] [CHAT]      Наши контакты:
[21:23:47] [Render thread/INFO] (net.minecraft.client.gui.hud.ChatHud) [System] [CHAT]      □ Discord: discord.gg/example
[21:23:47] [Render thread/INFO] (net.minecraft.client.gui.hud.ChatHud) [System] [CHAT]      □ Telegram: t.me/example
[21:23:47] [Render thread/INFO] (net.minecraft.client.gui.hud.ChatHud) [System] [CHAT]      □ ВКонтакте: vk.com/example
[21:23:47] [Render thread/INFO] (net.minecraft.client.gui.hud.ChatHud) [System] [CHAT]      Присоединяйся к нашему сообществу!
[21:23:47] [Render thread/INFO] (net.minecraft.client.gui.hud.ChatHud) [System] [CHAT] ══════════════════════════════
[21:23:47] [Render thread/INFO] (net.minecraft.client.gui.hud.ChatHud) [System] [CHAT] You have no new mail.
[21:23:47] [Render thread/INFO] (net.minecraft.advancement.AdvancementManager) Loaded 744 advancements
[21:23:47] [Render thread/INFO] (net.minecraft.client.gui.hud.ChatHud) [System] [CHAT] Update checking disabled in config.
[21:23:47] [Render thread/INFO] (net.minecraft.client.gui.hud.ChatHud) [System] [CHAT] [sCheckPlayer] - Доступна новая версия плагина: 4.9. Ваша текущая версия: 4.4.
[21:23:47] [Render thread/INFO] (net.minecraft.client.gui.hud.ChatHud) [System] [CHAT] [sCheckPlayer] - Вы можете скачать её по ссылке: https://black-minecraft.com/resources/scheckplayer.4418/updates
[21:23:47] [Render thread/INFO] (net.minecraft.client.gui.hud.ChatHud) [System] [CHAT] [ViaVersion] There is a newer plugin version available: 5.11.0, you're on: 5.3.2
[21:23:47] [Render thread/DEBUG] (FabricLoader/Mixin) Mixing ChunkRendererRegionMixin from fabric-rendering-data-attachment-v1.client.mixins.json into net.minecraft.client.render.chunk.ChunkRendererRegion
[21:23:47] [Render thread/DEBUG] (FabricLoader/Mixin) fabric-rendering-data-attachment-v1.client.mixins.json:ChunkRendererRegionMixin from mod fabric-rendering-data-attachment-v1: Class version 65 required is higher than the class version supported by the current version of Mixin (JAVA_17 supports class version 61)
[21:23:47] [Render thread/DEBUG] (FabricLoader/Mixin) Mixing ChunkRendererRegionMixin from fabric-renderer-indigo.mixins.json into net.minecraft.client.render.chunk.ChunkRendererRegion
[21:23:47] [Render thread/DEBUG] (FabricLoader/Mixin) Mixing ChunkRendererRegionMixin from fabric-block-view-api-v2.client.mixins.json into net.minecraft.client.render.chunk.ChunkRendererRegion
[21:23:47] [Render thread/DEBUG] (FabricLoader/Mixin) fabric-block-view-api-v2.client.mixins.json:ChunkRendererRegionMixin from mod fabric-block-view-api-v2: Class version 65 required is higher than the class version supported by the current version of Mixin (JAVA_17 supports class version 61)
[21:23:47] [Render thread/DEBUG] (com.mojang.blaze3d.systems.RenderSystem) Growing IndexBuffer: Old limit 0, new limit 144.
[21:23:48] [Render thread/DEBUG] (FabricLoader/Mixin) Mixing LandPathNodeMakerMixin from fabric-content-registries-v0.mixins.json into net.minecraft.entity.ai.pathing.LandPathNodeMaker
[21:23:48] [Render thread/DEBUG] (FabricLoader/Mixin) fabric-content-registries-v0.mixins.json:LandPathNodeMakerMixin from mod fabric-content-registries-v0: Class version 65 required is higher than the class version supported by the current version of Mixin (JAVA_17 supports class version 61)
[21:23:48] [Render thread/DEBUG] (FabricLoader/Mixin) fabric-content-registries-v0.mixins.json:LandPathNodeMakerMixin from mod fabric-content-registries-v0->@Inject::getCommonNodeType(Lnet/minecraft/world/BlockView;Lnet/minecraft/util/math/BlockPos;Lorg/spongepowered/asm/mixin/injection/callback/CallbackInfoReturnable;)V does use it's CallbackInfoReturnable
[21:23:49] [Render thread/DEBUG] (com.mojang.blaze3d.systems.RenderSystem) Growing IndexBuffer: Old limit 9360, new limit 23184.
[21:23:51] [Netty Client IO #4/DEBUG] (ClientPlayNetworkAddon for uwdie) Handling inbound packet from channel with name "minecraft:brand"
[21:23:51] [Render thread/DEBUG] (ClientPlayNetworkAddon for uwdie) Handling inbound packet from channel with name "minecraft:brand"
[21:23:56] [Netty Client IO #4/DEBUG] (ClientPlayNetworkAddon for uwdie) Handling inbound packet from channel with name "minecraft:brand"
[21:23:56] [Render thread/DEBUG] (ClientPlayNetworkAddon for uwdie) Handling inbound packet from channel with name "minecraft:brand"
[21:23:58] [Netty Client IO #4/DEBUG] (ClientPlayNetworkAddon for uwdie) Handling inbound packet from channel with name "minecraft:brand"
[21:23:58] [Render thread/DEBUG] (ClientPlayNetworkAddon for uwdie) Handling inbound packet from channel with name "minecraft:brand"
[21:24:03] [Render thread/INFO] (net.minecraft.client.gui.hud.ChatHud) [System] [CHAT] ʟ ┃ ꜱᴛᴀꜰꜰ ┃ ᴀᴅᴍɪɴ sosal ᴀʀᴛᴇʀʏ » Я ПИДАРАС
[21:24:03] [Netty Client IO #4/DEBUG] (ClientPlayNetworkAddon for uwdie) Handling inbound packet from channel with name "minecraft:brand"
[21:24:03] [Render thread/DEBUG] (ClientPlayNetworkAddon for uwdie) Handling inbound packet from channel with name "minecraft:brand"
[21:24:03] [Render thread/INFO] (net.minecraft.client.gui.hud.ChatHud) [System] [CHAT] ⁉ Тебя никто не услышал
[21:24:05] [Render thread/DEBUG] (FabricLoader/Mixin) Mixing TooltipComponentMixin from fabric-rendering-v1.mixins.json into net.minecraft.client.gui.tooltip.TooltipComponent
[21:24:05] [Render thread/DEBUG] (FabricLoader/Mixin) fabric-rendering-v1.mixins.json:TooltipComponentMixin from mod fabric-rendering-v1: Class version 65 required is higher than the class version supported by the current version of Mixin (JAVA_17 supports class version 61)
[21:24:05] [Render thread/DEBUG] (FabricLoader/Mixin) fabric-rendering-v1.mixins.json:TooltipComponentMixin from mod fabric-rendering-v1->@Inject::convertCustomTooltipData(Lnet/minecraft/item/tooltip/TooltipData;Lorg/spongepowered/asm/mixin/injection/callback/CallbackInfoReturnable;)V does use it's CallbackInfoReturnable
[21:24:08] [Netty Client IO #4/DEBUG] (ClientPlayNetworkAddon for uwdie) Handling inbound packet from channel with name "minecraft:brand"
[21:24:08] [Render thread/DEBUG] (ClientPlayNetworkAddon for uwdie) Handling inbound packet from channel with name "minecraft:brand"
[21:24:13] [Netty Client IO #4/DEBUG] (ClientPlayNetworkAddon for uwdie) Handling inbound packet from channel with name "minecraft:brand"
[21:24:13] [Render thread/DEBUG] (ClientPlayNetworkAddon for uwdie) Handling inbound packet from channel with name "minecraft:brand"
[21:24:28] [Netty Client IO #4/DEBUG] (ClientPlayNetworkAddon for uwdie) Handling inbound packet from channel with name "minecraft:brand"
[21:24:28] [Render thread/DEBUG] (ClientPlayNetworkAddon for uwdie) Handling inbound packet from channel with name "minecraft:brand"
[21:24:28] [Netty Client IO #4/DEBUG] (ClientPlayNetworkAddon for uwdie) Handling inbound packet from channel with name "minecraft:brand"
[21:24:28] [Render thread/DEBUG] (ClientPlayNetworkAddon for uwdie) Handling inbound packet from channel with name "minecraft:brand"
[21:24:29] [Netty Client IO #4/DEBUG] (ClientPlayNetworkAddon for uwdie) Handling inbound packet from channel with name "minecraft:brand"
[21:24:29] [Render thread/DEBUG] (ClientPlayNetworkAddon for uwdie) Handling inbound packet from channel with name "minecraft:brand"
[21:24:33] [Netty Client IO #4/DEBUG] (ClientPlayNetworkAddon for uwdie) Handling inbound packet from channel with name "minecraft:brand"
[21:24:33] [Render thread/DEBUG] (ClientPlayNetworkAddon for uwdie) Handling inbound packet from channel with name "minecraft:brand"
[21:24:38] [Netty Client IO #4/DEBUG] (ClientPlayNetworkAddon for uwdie) Handling inbound packet from channel with name "minecraft:brand"
[21:24:38] [Render thread/DEBUG] (ClientPlayNetworkAddon for uwdie) Handling inbound packet from channel with name "minecraft:brand"
[21:24:43] [Netty Client IO #4/DEBUG] (ClientPlayNetworkAddon for uwdie) Handling inbound packet from channel with name "minecraft:brand"
[21:24:43] [Render thread/DEBUG] (ClientPlayNetworkAddon for uwdie) Handling inbound packet from channel with name "minecraft:brand"
[21:24:48] [Netty Client IO #4/DEBUG] (ClientPlayNetworkAddon for uwdie) Handling inbound packet from channel with name "minecraft:brand"
[21:24:48] [Render thread/DEBUG] (ClientPlayNetworkAddon for uwdie) Handling inbound packet from channel with name "minecraft:brand"
[21:24:53] [Netty Client IO #4/DEBUG] (ClientPlayNetworkAddon for uwdie) Handling inbound packet from channel with name "minecraft:brand"
[21:24:53] [Render thread/DEBUG] (ClientPlayNetworkAddon for uwdie) Handling inbound packet from channel with name "minecraft:brand"
[21:24:58] [Netty Client IO #4/DEBUG] (ClientPlayNetworkAddon for uwdie) Handling inbound packet from channel with name "minecraft:brand"
[21:24:58] [Render thread/DEBUG] (ClientPlayNetworkAddon for uwdie) Handling inbound packet from channel with name "minecraft:brand"
[21:25:03] [Netty Client IO #4/DEBUG] (ClientPlayNetworkAddon for uwdie) Handling inbound packet from channel with name "minecraft:brand"
[21:25:03] [Render thread/DEBUG] (ClientPlayNetworkAddon for uwdie) Handling inbound packet from channel with name "minecraft:brand"
[21:25:08] [Netty Client IO #4/DEBUG] (ClientPlayNetworkAddon for uwdie) Handling inbound packet from channel with name "minecraft:brand"
[21:25:08] [Render thread/DEBUG] (ClientPlayNetworkAddon for uwdie) Handling inbound packet from channel with name "minecraft:brand"
[21:25:13] [Netty Client IO #4/DEBUG] (ClientPlayNetworkAddon for uwdie) Handling inbound packet from channel with name "minecraft:brand"
[21:25:13] [Render thread/DEBUG] (ClientPlayNetworkAddon for uwdie) Handling inbound packet from channel with name "minecraft:brand"
[21:25:18] [Netty Client IO #4/DEBUG] (ClientPlayNetworkAddon for uwdie) Handling inbound packet from channel with name "minecraft:brand"
[21:25:18] [Render thread/DEBUG] (ClientPlayNetworkAddon for uwdie) Handling inbound packet from channel with name "minecraft:brand"
[21:25:23] [Netty Client IO #4/DEBUG] (ClientPlayNetworkAddon for uwdie) Handling inbound packet from channel with name "minecraft:brand"
[21:25:23] [Render thread/DEBUG] (ClientPlayNetworkAddon for uwdie) Handling inbound packet from channel with name "minecraft:brand"
[21:25:28] [Netty Client IO #4/DEBUG] (ClientPlayNetworkAddon for uwdie) Handling inbound packet from channel with name "minecraft:brand"
[21:25:28] [Render thread/DEBUG] (ClientPlayNetworkAddon for uwdie) Handling inbound packet from channel with name "minecraft:brand"
[21:25:33] [Netty Client IO #4/DEBUG] (ClientPlayNetworkAddon for uwdie) Handling inbound packet from channel with name "minecraft:brand"
[21:25:33] [Render thread/DEBUG] (ClientPlayNetworkAddon for uwdie) Handling inbound packet from channel with name "minecraft:brand"
[21:25:38] [Netty Client IO #4/DEBUG] (ClientPlayNetworkAddon for uwdie) Handling inbound packet from channel with name "minecraft:brand"
[21:25:38] [Render thread/DEBUG] (ClientPlayNetworkAddon for uwdie) Handling inbound packet from channel with name "minecraft:brand"
[21:25:43] [Netty Client IO #4/DEBUG] (ClientPlayNetworkAddon for uwdie) Handling inbound packet from channel with name "minecraft:brand"
[21:25:43] [Render thread/DEBUG] (ClientPlayNetworkAddon for uwdie) Handling inbound packet from channel with name "minecraft:brand"
[21:25:45] [Render thread/DEBUG] (net.fabricmc.fabric.impl.command.client.ClientCommandInternals) Syntax exception for client-sided command 'mute uwdie 30m flood'
com.mojang.brigadier.exceptions.CommandSyntaxException: Неизвестная или неполная команда; см. ниже, чтобы найти ошибку at position 0: <--[HERE]
[21:25:45] [Render thread/INFO] (net.minecraft.client.gui.hud.ChatHud) [System] [CHAT] Игрок uwdie получил  верменный мут от uwdie на 30 мин.
[21:25:45] [Render thread/INFO] (net.minecraft.client.gui.hud.ChatHud) [System] [CHAT] По причине: flood
[21:25:45] [Render thread/INFO] (net.minecraft.client.gui.hud.ChatHud) [System] [CHAT] Вы получили мут от uwdie До окончания: 30 мин.
[21:25:45] [Render thread/INFO] (net.minecraft.client.gui.hud.ChatHud) [System] [CHAT] По причине: flood
[21:25:48] [Netty Client IO #4/DEBUG] (ClientPlayNetworkAddon for uwdie) Handling inbound packet from channel with name "minecraft:brand"
[21:25:48] [Render thread/DEBUG] (ClientPlayNetworkAddon for uwdie) Handling inbound packet from channel with name "minecraft:brand"
[21:25:53] [Netty Client IO #4/DEBUG] (ClientPlayNetworkAddon for uwdie) Handling inbound packet from channel with name "minecraft:brand"
[21:25:53] [Render thread/DEBUG] (ClientPlayNetworkAddon for uwdie) Handling inbound packet from channel with name "minecraft:brand"
[21:25:58] [Netty Client IO #4/DEBUG] (ClientPlayNetworkAddon for uwdie) Handling inbound packet from channel with name "minecraft:brand"
[21:25:58] [Render thread/DEBUG] (ClientPlayNetworkAddon for uwdie) Handling inbound packet from channel with name "minecraft:brand"
[21:26:03] [Netty Client IO #4/DEBUG] (ClientPlayNetworkAddon for uwdie) Handling inbound packet from channel with name "minecraft:brand"
[21:26:03] [Render thread/DEBUG] (ClientPlayNetworkAddon for uwdie) Handling inbound packet from channel with name "minecraft:brand"
[21:26:29] [Render thread/WARN] (net.minecraft.client.network.ClientCommonNetworkHandler) Client disconnected with reason: Отключение
[21:30:24] [Render thread/INFO] (net.minecraft.client.gui.screen.multiplayer.ConnectScreen) Connecting to mineblaze.net, 25565
[21:30:25] [Netty Client IO #5/DEBUG] (ClientPlayNetworkAddon for uwdie) Handling inbound packet from channel with name "minecraft:brand"
[21:30:25] [Netty Client IO #5/WARN] (net.minecraft.resource.featuretoggle.FeatureManager) Unknown feature flag: minecraft:winter_drop
[21:30:25] [Render thread/DEBUG] (ClientPlayNetworkAddon for uwdie) Handling inbound packet from channel with name "minecraft:brand"
[21:30:25] [Render thread/DEBUG] (net.fabricmc.fabric.impl.resource.loader.ModResourcePackUtil) [Fabric] Starting internal pack sorting with: []
[21:30:25] [Render thread/DEBUG] (net.fabricmc.fabric.impl.resource.loader.ModResourcePackUtil) [Fabric] Removed all internal packs, result: []
[21:30:25] [Render thread/DEBUG] (net.fabricmc.fabric.impl.resource.loader.ModResourcePackUtil) [Fabric] Final sorting result: []
[21:30:25] [Render thread/DEBUG] (net.fabricmc.fabric.impl.resource.loader.ModResourcePackUtil) [Fabric] Starting internal pack sorting with: []
[21:30:25] [Render thread/DEBUG] (net.fabricmc.fabric.impl.resource.loader.ModResourcePackUtil) [Fabric] Removed all internal packs, result: []
[21:30:25] [Render thread/DEBUG] (net.fabricmc.fabric.impl.resource.loader.ModResourcePackUtil) [Fabric] Final sorting result: []
[21:30:25] [Render thread/WARN] (net.minecraft.registry.SimpleRegistry) Not all defined tags for registry ResourceKey[minecraft:root / minecraft:item] are present in data pack: minecraft:enchantable/sword, minecraft:music_discs, minecraft:trim_templates
[21:30:25] [Render thread/WARN] (net.minecraft.registry.SimpleRegistry) Not all defined tags for registry ResourceKey[minecraft:root / minecraft:block] are present in data pack: minecraft:dead_bush_may_place_on, minecraft:snow_layer_can_survive_on, minecraft:snow_layer_cannot_survive_on
[21:30:25] [Render thread/INFO] (net.minecraft.client.gui.hud.ChatHud) [System] [CHAT] §8§m                                \n§c§lВажно для вашей безопасности!!! \n§a§lПривяжите аккаунт к соц. сети командой:\n\n§a§l▪ §fВКонтакте §8- §a§l/2fa addvk\n§a§l▪ §fТелеграм §8- §a§l/2fa addtg\n\n§7Для чего это нужно (Наведи мышкой)\n§8§m                               
[21:30:25] [Netty Client IO #5/DEBUG] (ClientPlayNetworkAddon for uwdie) Handling inbound packet from channel with name "minecraft:register"
[21:30:25] [Netty Client IO #5/DEBUG] (ClientPlayNetworkAddon for uwdie) Handling inbound packet from channel with name "minecraft:brand"
[21:30:25] [Netty Client IO #5/DEBUG] (ClientPlayNetworkAddon for uwdie) Handling inbound packet from channel with name "minecraft:register"
[21:30:25] [Render thread/DEBUG] (ClientPlayNetworkAddon for uwdie) Handling inbound packet from channel with name "minecraft:brand"
[21:30:25] [Render thread/INFO] (net.minecraft.advancement.AdvancementManager) Loaded 2 advancements
[21:30:25] [Render thread/DEBUG] (FabricLoader/Mixin) Mixing ModelPredicateProviderRegistryAccessor from fabric-object-builder-v1.client.mixins.json into net.minecraft.client.item.ModelPredicateProviderRegistry
[21:30:25] [Render thread/DEBUG] (FabricLoader/Mixin) fabric-object-builder-v1.client.mixins.json:ModelPredicateProviderRegistryAccessor from mod fabric-object-builder-api-v1: Class version 65 required is higher than the class version supported by the current version of Mixin (JAVA_17 supports class version 61)
[21:30:25] [Render thread/DEBUG] (FabricLoader/Mixin) Renaming @Invoker method callRegister(Lnet/minecraft/util/Identifier;Lnet/minecraft/client/item/ClampedModelPredicateProvider;)Lnet/minecraft/client/item/ClampedModelPredicateProvider; to callRegister$fabric-object-builder-api-v1_$md$164862$0 in fabric-object-builder-v1.client.mixins.json:ModelPredicateProviderRegistryAccessor from mod fabric-object-builder-api-v1
[21:30:25] [Render thread/DEBUG] (FabricLoader/Mixin) Mixing ModelPredicateProviderRegistrySpecificAccessor from fabric-object-builder-v1.client.mixins.json into net.minecraft.client.item.ModelPredicateProviderRegistry
[21:30:25] [Render thread/DEBUG] (FabricLoader/Mixin) fabric-object-builder-v1.client.mixins.json:ModelPredicateProviderRegistrySpecificAccessor from mod fabric-object-builder-api-v1: Class version 65 required is higher than the class version supported by the current version of Mixin (JAVA_17 supports class version 61)
[21:30:25] [Render thread/DEBUG] (FabricLoader/Mixin) Renaming @Invoker method callRegister(Lnet/minecraft/item/Item;Lnet/minecraft/util/Identifier;Lnet/minecraft/client/item/ClampedModelPredicateProvider;)V to callRegister$fabric-object-builder-api-v1_$md$164862$1 in fabric-object-builder-v1.client.mixins.json:ModelPredicateProviderRegistrySpecificAccessor from mod fabric-object-builder-api-v1
[21:30:26] [Render thread/DEBUG] (com.mojang.blaze3d.systems.RenderSystem) Growing IndexBuffer: Old limit 23184, new limit 51288.
[21:30:27] [Render thread/WARN] (net.minecraft.client.network.ClientPlayNetworkHandler) Ignoring player info update for unknown player 1403dbe2-b3c1-38c6-b8d8-cf710718183a ([])
[21:30:27] [Render thread/DEBUG] (com.mojang.blaze3d.systems.RenderSystem) Growing IndexBuffer: Old limit 51288, new limit 134388.
[21:30:30] [Netty Client IO #5/DEBUG] (ClientPlayNetworkAddon for uwdie) Handling inbound packet from channel with name "minecraft:brand"
[21:30:30] [Netty Client IO #5/WARN] (net.minecraft.resource.featuretoggle.FeatureManager) Unknown feature flag: minecraft:winter_drop
[21:30:30] [Render thread/DEBUG] (ClientPlayNetworkAddon for uwdie) Handling inbound packet from channel with name "minecraft:brand"
[21:30:30] [Render thread/DEBUG] (net.fabricmc.fabric.impl.resource.loader.ModResourcePackUtil) [Fabric] Starting internal pack sorting with: []
[21:30:30] [Render thread/DEBUG] (net.fabricmc.fabric.impl.resource.loader.ModResourcePackUtil) [Fabric] Removed all internal packs, result: []
[21:30:30] [Render thread/DEBUG] (net.fabricmc.fabric.impl.resource.loader.ModResourcePackUtil) [Fabric] Final sorting result: []
[21:30:30] [Render thread/DEBUG] (net.fabricmc.fabric.impl.resource.loader.ModResourcePackUtil) [Fabric] Starting internal pack sorting with: []
[21:30:30] [Render thread/DEBUG] (net.fabricmc.fabric.impl.resource.loader.ModResourcePackUtil) [Fabric] Removed all internal packs, result: []
[21:30:30] [Render thread/DEBUG] (net.fabricmc.fabric.impl.resource.loader.ModResourcePackUtil) [Fabric] Final sorting result: []
[21:30:30] [Render thread/WARN] (net.minecraft.registry.SimpleRegistry) Not all defined tags for registry ResourceKey[minecraft:root / minecraft:item] are present in data pack: minecraft:enchantable/sword, minecraft:music_discs, minecraft:trim_templates
[21:30:30] [Render thread/WARN] (net.minecraft.registry.SimpleRegistry) Not all defined tags for registry ResourceKey[minecraft:root / minecraft:block] are present in data pack: minecraft:dead_bush_may_place_on, minecraft:snow_layer_can_survive_on, minecraft:snow_layer_cannot_survive_on
[21:30:31] [Netty Client IO #5/DEBUG] (ClientPlayNetworkAddon for uwdie) Handling inbound packet from channel with name "minecraft:register"
[21:30:31] [Render thread/INFO] (net.minecraft.client.gui.hud.ChatHud) [System] [CHAT] ▄▄▄▄▄▄▄▄▄▄▄▄▄▄▄▄▄▄▄▄▄▄▄▄▄▄▄▄▄▄▄▄▄▄▄
[21:30:31] [Render thread/INFO] (net.minecraft.client.gui.hud.ChatHud) [System] [CHAT] 
[21:30:31] [Render thread/INFO] (net.minecraft.client.gui.hud.ChatHud) [System] [CHAT]          Добро пожаловать на сервер ＭｉｎｅＢｌａｚｅ
[21:30:31] [Render thread/INFO] (net.minecraft.client.gui.hud.ChatHud) [System] [CHAT]            Получить КРУТОЙ вертолет бесплатно: /air
[21:30:31] [Render thread/INFO] (net.minecraft.client.gui.hud.ChatHud) [System] [CHAT] 
[21:30:31] [Render thread/INFO] (net.minecraft.client.gui.hud.ChatHud) [System] [CHAT]           Донат навсегда и после вайпа сохраняется!
[21:30:31] [Render thread/INFO] (net.minecraft.client.gui.hud.ChatHud) [System] [CHAT]          Донат покупать на сайте www.MineBlaze.net
[21:30:31] [Render thread/INFO] (net.minecraft.client.gui.hud.ChatHud) [System] [CHAT] ▄▄▄▄▄▄▄▄▄▄▄▄▄▄▄▄▄▄▄▄▄▄▄▄▄▄▄▄▄▄▄▄▄▄▄
[21:30:31] [Render thread/INFO] (net.minecraft.advancement.AdvancementManager) Loaded 2 advancements
[21:30:40] [Render thread/INFO] (net.minecraft.client.gui.hud.ChatHud) [System] [CHAT] Chat Game » Решите пример: 237 - 29. Ответ напишите в чат. Награда: 5000$
[21:30:41] [Render thread/INFO] (net.minecraft.client.gui.hud.ChatHud) [System] [CHAT] Chat Game » Победил игрок: _____________sKY. Правильный ответ: 208
[21:30:41] [Render thread/INFO] (net.minecraft.client.gui.hud.ChatHud) [System] [CHAT] [ɢ]  MoonBright [Владелец]§x§x§x§x§x§x§x§r _____________sKY  → (208)
[21:30:53] [Render thread/INFO] (net.minecraft.client.gui.hud.ChatHud) [System] [CHAT] АвтоШахта » Шахта обновлена, телепортироваться - /warp mine
[21:31:01] [Render thread/INFO] (net.minecraft.client.gui.hud.ChatHud) [System] [CHAT] • Игрок [Хелпер] maaksimhadie зашел на сервер.
[21:31:09] [Render thread/INFO] (net.minecraft.client.gui.hud.ChatHud) [System] [CHAT] • Игрок [Блейз] Lusa555j зашел на сервер.
[21:31:21] [Render thread/INFO] (net.minecraft.client.gui.hud.ChatHud) [System] [CHAT] • Игрок [Блейз] Mister_xd зашел на сервер.
[21:31:27] [Render thread/INFO] (net.minecraft.client.gui.hud.ChatHud) [System] [CHAT] • Игрок йогурᴛ-ᴅᴀɴᴏɴ§x§x§x§x§x§x§x dAnsTarT §fпришёл. Кина не будет.
[21:31:28] [Render thread/INFO] (net.minecraft.client.gui.hud.ChatHud) [System] [CHAT] [ʟ] ❤ [Xeakwe] [Энигма] ~~Pontifik_CRU  → Ушёл
[21:31:43] [Render thread/INFO] (net.minecraft.client.gui.hud.ChatHud) [System] [CHAT] • Игрок [Блейз] Lusa555j зашел на сервер.
[21:32:08] [Render thread/INFO] (net.minecraft.client.gui.hud.ChatHud) [System] [CHAT] Дуэли ▸ Игрок Schizophrenic313 победил kevinbobo111 за 02:44 минут с набором Булава PvP (Скрыть: /duel msg)
[21:32:08] [Render thread/INFO] (net.minecraft.client.gui.hud.ChatHud) [System] [CHAT] • Игрок [Император] Schizophrenic313 зашел на сервер.
[21:32:13] [Render thread/INFO] (net.minecraft.client.gui.hud.ChatHud) [System] [CHAT] \n ■ Хотите увеличить дальность видимости мира?\n ■ Используйте для этого команду /vd\n
[21:35:07] [Render thread/WARN] (Mod Menu | FabricMod) Warning! Mod stafftools has a broken icon, loading default icon
[21:35:17] [Render thread/INFO] (net.minecraft.client.MinecraftClient) Stopping!
[21:35:17] [Render thread/INFO] (IAS) IAS: Closing IAS...
[21:35:17] [Render thread/INFO] (IAS) IAS: Shutting down IAS executor...
[21:35:17] [Render thread/INFO] (IAS) IAS: IAS executor shut down.
[21:35:17] [Render thread/DEBUG] (IAS/IASStorage) IAS: Writing disclaimers into F:\IdeaProjects\StaffTools\run...
[21:35:17] [Render thread/DEBUG] (IAS/IASStorage) IAS: Disclaimers ([READ_ME_IMPORTANT.txt, ПРОЧТИ_МЕНЯ_ВАЖНО.txt]) written to F:\IdeaProjects\StaffTools\run\_IAS_ACCOUNTS_DO_NOT_SEND_TO_ANYONE.
[21:35:17] [Render thread/INFO] (IAS) IAS: IAS has been unloaded.
